human	mouse
MT-ND1	mt-Nd1
MT-ND2	mt-Nd2
MT-CO1	mt-Co1
MT-CO2	mt-Co2
MT-ATP8	mt-Atp8
MT-ATP6	mt-Atp6
MT-CO3	mt-Co3
MT-ND3	mt-Nd3
MT-ND4L	mt-Nd4l
MT-ND4	mt-Nd4
MT-ND5	mt-Nd5
MT-ND6	mt-Nd6
MT-CYB	mt-Cytb
SRY	Sry
DDX3Y	Ddx3y
USP9Y	Usp9y
UTY	Uty
KDM5D	Kdm5d
ERICH6B	Erich6b
POU4F1	Pou4f1
SOX1	Sox1
NALF1	Nalf1
RNU6-67P	Gm24168
MIR15A	Mir15a
LRTM3	Ccdc168
RN7SKP9	Gm54754
SLITRK1	Slitrk1
RNU6-57P	Gm23148
RNU6-78P	Gm22364
CCDC70	Ccdc70
KCTD12	Kctd12
SLC10A2	Slc10a2
ZIC5	Zic5
GSX1	Gsx1
	Gm23454
RNU6-83P	Gm54753
ATP4B	Atp4b
RNU1-24P	Gm56205
KCTD4	Kctd4
AMER2	Amer2
ACOD1	Acod1
GPC6	Gpc6
TMPRSS15	Tmprss15
SOX21	Sox21
CLDN17	Cldn17
KRTAP24-1	Krtap24-1
CLDN8	Cldn8
RNF113B	Rnf113a1
C13orf46	1700029H14Rik
RN7SKP236	Gm54838
SNORA80A	Gm54688
C13orf42	Gm4131
SNORD102	Gm25091
SNORA27	Gm23202
RNU6-70P	Gm26485
TFF2	Tff2
	Gm22871
	Gm22394
OLIG1	Olig1
KRTAP8-1	Krtap8-1
KRTAP7-1	Krtap7-1
KRTAP11-1	Krtap11-1
KRTAP26-1	Krtap26-1
KRTAP27-1	Krtap27-1
KRTAP15-1	Krtap15-1
MIR99A	Mir99a
MIRLET7C	Mirlet7c-1
RNU6-926P	Gm23312
	Gm56820
	Gm56118
MC4R	Mc4r
RNU2-27P	Gm56370
RNU6-708P	Gm55397
RNU6-142P	Gm23205
RNU6-39P	Gm23407
RNU6-1131P	Gm26008
RN7SKP44	Gm54392
SNORD58A	Gm23301
ONECUT2	Onecut2
MIR122	Mir122
SNORA108	Gm24453
	Gm23839
SERPINB11	Serpinb11
C18orf63	Gm17266
SERPINB12	Serpinb12
CETN1	Cetn1
LRRC30	Lrrc30
MC5R	Mc5r
MIR133A1	Mir133a-1
MIR1-2	Mir1a-2
SERPINB10	Serpinb10
CHMP1B	Chmp1b
RNU6-831P	Gm24765
RNU6-64P	Gm55985
Y_RNA	Gm26438
METTL21EP	Mettl21e
C21orf140	Fam243
SMIM34	Smim34
MIR17	Mir17
MIR18A	Mir18
MIR19A	Mir19a
MIR20A	Mir20a
MIR19B1	Mir19b-1
RNU6-1050P	Gm23434
MIR155	Mir155
RNU6-61P	Gm24116
EDNRB	Ednrb
ZIC2	Zic2
NUFIP1	Nufip1
ADARB1	Adarb1
CDK8	Cdk8
RB1	Rb1
GPR18	Gpr18
TIAM1	Tiam1
RGCC	Rgcc
PROZ	Proz
SLC25A30	Slc25a30
RRP1B	Rrp1b
STOML3	Stoml3
ATP11A	Atp11a
IL10RB	Il10rb
NEK3	Nek3
IFNAR2	Ifnar2
SCAF4	Scaf4
ZDHHC20	Zdhhc20
SERTM1	Sertm1
ARL11	Arl11
UFM1	Ufm1
MICU2	Micu2
GTF2F2	Gtf2f2
RXFP2	Rxfp2
SOHLH2	Sohlh2
C2CD2	C2cd2
INTS6	Ints6
AIRE	Aire
CLDN14	Cldn14
IFNAR1	Ifnar1
FARP1	Farp1
C21orf58	2610028H24Rik
B3GALT5	B3galt5
ATP5PF	Atp5pf
PARP4	Parp4
TTC3	Ttc3
TMEM255B	Tmem255b
DNMT3L	Dnmt3l
WDFY2	Wdfy2
FTCD	Ftcd
CHAMP1	Champ1
NUDT15	Nudt15
MEDAG	Medag
SUCLA2	Sucla2
HS6ST3	Hs6st3
CRYL1	Cryl1
RNASEH2B	Rnaseh2b
PDE9A	Pde9a
RNU6-408P	Gm23535
TRIM13	Trim13
RCBTB2	Rcbtb2
DEFB129	Defb23
DEFB125	Defb26
INSM1	Insm1
DEFB128	Defb20
OLFM4	Olfm4
COMMD6	Commd6
SCRT2	Scrt2
DEFB115	Defb28
DSC1	Dsc1
MC3R	Mc3r
NBEA	Nbea
MIR187	Mir187
SCP2D1	Scp2d1
BHLHE23	Bhlhe23
RNU1-23P	Gm24145
ATP12A	Atp12a
RNU6-929P	Gm23460
MIR1-1	Mir1a-1
MIR133A2	Mir133a-2
CXXC1	Cxxc1
SERPINE3	Serpine3
	Gm56457
	Gm56458
ITGBL1	Itgbl1
GTSF1L	Gtsf1l
OTOR	Otor
R3HDML	R3hdml
MIR124-3	Mir124a-3
XKR7	Xkr7
FAM83C	Fam83c
AVP	Avp
FOXS1	Foxs1
SNORD17	Snord17
C20orf144	1700003F12Rik
PRND	Prnd
SCEL	Scel
MAFB	Mafb
SPINT3	Spint3
MIR103A2	Mir103-2
ZCCHC3	Zcchc3
SNORD12C	Gm25878
SNORD12	Snord12
MOCS3	Mocs3
SOX12	Sox12
WFDC13	Wfdc13
SPINT4	Spint4
ZNF831	Zfp831
ACTL10	Actl10
CSTL1	Cstl1
OCSTAMP	Ocstamp
GCNT7	Gcnt7
SNORA71E	Gm25187
SNORA60	Gm25129
TAF4	Taf4
C20orf202	Tmem74bos
ANKRD60	Ankrd60
BPIFB4	Bpifb4
BPIFA2	Bpifa2
BPIFB3	Bpifb3
CACNA1I	Cacna1i
SETBP1	Setbp1
WFDC12	Wfdc12
DEFB116	Defb29
FAM210A	Fam210a
DEFB118	Defb21
SSTR4	Sstr4
THBD	Thbd
ABHD16B	Abhd16b
LMAN1	Lman1
ENTHD1	Enthd1
PKDREJ	Pkdrej
RNU6-1066P	Gm22359
SNORD83A	Gm55357
SNORD83B	Snord83b
BEND2	Bend2
KLHL34	Klhl34
MIB1	Mib1
DNAJC28	Dnajc28
S100G	S100g
H2AP	H2ap
PIGP	Pigp
PPP1R3D	Ppp1r3d
ITIH6	Itih6
MTCL1	Mtcl1
CENPB	Cenpb
AKAP4	Akap4
	Gm55812
FOXR2	Foxr2
MAGEH1	Mageh1
ZNF516	Zfp516
MIR185	Mir185
MIR3618	Mir3618
MIR1306	Mir1306
GRP	Grp
MIR33A	Mir33
CRYAA	Cryaa
STARD6	Stard6
MIR301B	Mir301b
EFCAB8	Efcab8
TRPM2	Trpm2
ZNF521	Zfp521
MAGEE1	Magee1
SNORD125	Gm24958
CEBPB	Cebpb
	Tspyl3
NDC80	Ndc80
SEC14L2	Sec14l2
MAGEE2	Magee2
POU3F4	Pou3f4
PPP1R2C	
SPIN4	Spin4
OTUD6A	Otud6a
RNU6-564P	Gm55126
TSSK2	Tssk2
GSC2	Gsc2
DOK6	Dok6
AMER1	Amer1
RSPH1	Rsph1
SPATC1L	Spatc1l
CELF4	Celf4
H1-0	H1f0
GPR50	Gpr50
PASD1	Pasd1
WDR4	Wdr4
NAP1L3	Nap1l3
MIRLET7A3	Mirlet7c-2
RN7SKP80	Gm55801
TMEM121B	Tmem121b
RN7SKP183	Gm54481
RNU6-133P	Gm23625
RNU6-49P	Gm23966
RNU6-1087P	Gm25049
MIR532	Mir532
MIR188	Mir188
MIR501	Mir501
MIR502	Mir500
MIR223	Mir223
	Gm22156
MIR361	Mir361
RNU6-345P	Gm23579
RNU6-493P	Gm25834
SNORA35B	Gm25107
RN7SKP31	Gm56047
RNU6-3P	Gm23217
RNU1-115P	Gm25280
RN7SKP267	Gm56189
MCHR1	Mchr1
TTLL8	Ttll8
TBX1	Tbx1
PAXBP1	Paxbp1
RNU1-142P	Gm22866
MN1	Mn1
RNU1-57P	Gm25587
SNORD30	Gm23389
RNU6-800P	Gm22279
IGLV4-3	Iglv3
SOX3	Sox3
MIR98	Mir98
MIRLET7F2	Mirlet7f-2
DUSP21	Dusp21
DLGAP1	Dlgap1
GPR101	Gpr101
RNU6-707P	Gm23889
UBQLN2	Ubqln2
	Gm55685
IRS4	Irs4
GART	Gart
ESX1	Esx1
MIURF	Gm55359
RNU6-496P	Gm25792
SRPX2	Srpx2
EPG5	Epg5
MIR505	Mir505
MIR652	Mir652
SOWAHD	Sowahd
RNF113A	Rnf113a2
GSPT2	Gspt2
RNU6-245P	Gm23316
MAGEB18	Mageb18
DNAJB7	Dnajb7
RIOK3	Riok3
GUCY2F	Gucy2f
F10	F10
KCNE5	Kcne5
GPR119	Gpr119
OR13H1	Or13ae2
TEX26	Tex26
CCT8L2	Cct8l1
ACTRT1	Actrt1
IPO5	Ipo5
MPC1L	Gm4984
RNA5SP524	Gm55188
MIR450B	Mir450b
MIR450A1	Mir450-1
MIR450A2	Mir450-2
MIR542	Mir542
MIR424	Mir322
CNGA2	Cnga2
HAPSTR2	Gm715
PMAIP1	Pmaip1
RS1	Rs1
ZNF24	Zfp24
RNU6-29P	Gm25023
RNU6-30P	Gm25211
SMIM9	Smim9
KIAA1210	Gm14569
RNU6-98P	Gm22654
LPIN2	Lpin2
DGAT2L6	Dgat2l6
POSTN	Postn
AWAT1	Awat1
P2RY4	P2ry4
TRPC5	Trpc5
RNU1-67P	Gm25818
SNORA35	Snora35
MIR448	Mir448
MBD2	Mbd2
TEX28	Tex28
RNU6-616P	Gm55363
ATP5F1A	Atp5f1a
MIR504	Mir504
GLRA2	Glra2
RTL5	Rtl5
NPC1	Npc1
XPO4	Xpo4
MIR374B	Mir374b
MIR374A	Mir374c
ZCCHC13	Zcchc13
CPAP	Cpap
TKTL1	Tktl1
MIR363	Mir363
MIR19B2	Mir19b-2
CRLF2	Crlf2
RNA5SP525	Gm55961
CBS	Cbs
	
USP27X	Usp27x
BMP15	Bmp15
RBBP8P1	Gm61610
TXNL4A	Txnl4a
ZMYM5	Zmym5
CDH19	Cdh19
ARGLU1	Arglu1
METTL21C	Mettl21c
GRTP1	Grtp1
DIPK1C	Dipk1c
RAX	Rax
ANKRD12	Ankrd12
MBNL2	Mbnl2
ABCC4	Abcc4
ATP9B	Atp9b
CLN5	Cln5
TBC1D4	Tbc1d4
UBL3	Ubl3
NAXD	Naxd
CEP76	Cep76
DNAJC3	Dnajc3
CNDP1	Cndp1
THSD1	Thsd1
COL18A1	Col18a1
KCNRG	Kcnrg
KATNAL2	Katnal2
LRRC63	Lrrc63
FNDC3A	Fndc3a
TUBB6	Tubb6
SERP2	Serp2
GPR183	Gpr183
BRCA2	Brca2
FBXL3	Fbxl3
PCID2	Pcid2
SERPINB2	Serpinb2
USP14	Usp14
RN7SKP252	Gm55779
RIT2	Rit2
ARK2N	Ark2n
HDHD2	Hdhd2
MYCBP2	Mycbp2
LIPG	Lipg
EFNB2	Efnb2
ENOX1	Enox1
TRAPPC8	Trappc8
BTG3	Btg3
RN7SKP33	Gm54579
HELZ2	Helz2
BPIFB6	Bpifb6
HLCS	Hlcs
GFRA4	Gfra4
ADPRHL1	Adprhl1
LIPI	Lipi
HTR2A	Htr2a
SUMO3	Sumo3
CDX2	Cdx2
DCLK1	Dclk1
RIPPLY3	Ripply3
PRDM15	Prdm15
SERPINB13	Serpinb13
LMO7	Lmo7
MOCOS	Mocos
KDSR	Kdsr
C20orf204	Gm29797
WFDC9	Wfdc9
SLC19A1	Slc19a1
WFDC11	Wfdc11
APCDD1	Apcdd1
WDR7	Wdr7
SIK1	Sik1
HSF2BP	Hsf2bp
TSPYL5	Tspyl5
SLC39A6	Slc39a6
STARD13	Stard13
KLHDC7B	Klhdc7b
PRMT2	Prmt2
CD93	Cd93
TFAP2C	Tfap2c
ODF1	Odf1
SNAI1	Snai1
DEFB124	Defb25
CST8	Cst8
BHLHE22	Bhlhe22
VWA8	Vwa8
NEDD4L	Nedd4l
TMC2	Tmc2
SNORD110	Snord110
SNORD86	Gm23187
SNORD56	Gm23650
SNORD57	Snord57
SLPI	Slpi
RNU6-533P	Gm23191
ADNP	Adnp
RNU6-13P	Gm25484
RNU1-101P	Gm26146
MIR124-2	Mir124a-2
	Gm24615
RNU2-54P	Gm25887
SNORA72	Gm24061
RNVU1-32	Gm25581
CRNKL1	Crnkl1
SNORD54	Gm24016
MOS	Mos
	Gm56083
VPS36	Vps36
SNORD87	Snord87
RNU6-1092P	Gm23629
TYW2	Trmt12
TNNC2	Tnnc2
MIR221	Mir221
MIR222	Mir222
CNGB3	Cngb3
UBE2V1	Ube2v1
PACSIN2	Pacsin2
NKX2-6	Nkx2-6
ING1	Ing1
MAFA	Mafa
TIGD5	Tigd5
TGDS	Tgds
KCNU1	Kcnu1
DEFB135	Defb30
IL17D	Il17d
ATP8A2	Atp8a2
SLC35H1	Slc35c2
FABP9	Fabp9
SLC10A5	Slc10a5
RUBCNL	Rubcnl
MIR151A	Mir151
RNU6-665P	Gm23002
	Gm55085
UBAC2	Ubac2
RNU6-178P	Gm23725
SNORD61	Snord61
RRS1	Rrs1
SPRY2	Spry2
TM9SF2	Tm9sf2
NAP1L2	Nap1l2
U2	Gm25007
C15orf62	Gm14137
MROH5	Mroh5
LDHAL6B	Ldhal6b
MIR486-1	Mir486
HCN4	Hcn4
KL	Kl
DACH1	Dach1
SLC25A32	Slc25a32
RNF6	Rnf6
ARMCX4	Armcx4
XKR4	Xkr4
GABRQ	Gabrq
HMOX1	Hmox1
MIR30B	Mir30b
MIR30D	Mir30d
FMR1NB	Fmr1nb
RNU6-842P	Gm26111
C8orf48	AI429214
SNU13	Snu13
CXorf65	Gm614
IGF1R	Igf1r
ARL13A	Arl13a
RFC3	Rfc3
ARC	Arc
HDHD5	Hdhd5
	Nrg1
VBP1	Vbp1
TCIM	Tcim
RNU6-401P	Gm24676
RNU6-1339P	Gm26122
DEFB136	Defb42
BCAP31	Bcap31
GPC5	Gpc5
ELL3	Ell3
EPSTI1	Epsti1
MIR1282	Gm22953
CLYBL	Clybl
ARFGAP3	Arfgap3
FASTKD5	Fastkd5
PCDH9	Pcdh9
MIR9-3	Mir9-3
PIGU	Pigu
RNU6-953P	Gm26454
MIR147B	Mir147
PAN3	Pan3
LDOC1	Ldoc1
CITED1	Cited1
CFAP161	Cfap161
RNU6-796P	Gm25867
ZMYM2	Zmym2
MAGT1	Magt1
TGM7	Tgm7
NPEPL1	Npepl1
TBC1D22A	Tbc1d22a
SPTBN5	Sptbn5
PFKL	Pfkl
PFKFB1	Pfkfb1
MESP2	Mesp2
B4GALT6	B4galt6
CDS2	Cds2
RNU6-1111P	Gm22911
MAGEL2	Magel2
NDN	Ndn
SKOR2	Skor2
KBTBD13	Kbtbd13
MIR628	Gm56102
RNU6-415P	Gm22935
SCARNA15	Gm54927
RNU6-231P	Gm23676
ALPK2	Alpk2
AGBL1	Agbl1
DCT	Dct
MTCP1	Mtcp1
NSMCE3	Nscme3l
DIAPH3	Diaph3
RALBP1	Ralbp1
PLXNB3	Plxnb3
BNC1	Bnc1
ANKRD63	Ankrd63
SLC28A3	Slc28a3
C22orf23	1700088E04Rik
SCARNA14	Gm24289
SNORD18C	Gm22455
	Gm22571
SNORD16	Snord16a
SNORD18A	Gm23344
SERPINB5	Serpinb5
ATP11C	Atp11c
HSPH1	Hsph1
CCBE1	Ccbe1
TLNRD1	Tlnrd1
INAFM2	Inafm2
CHST14	Chst14
GAS1	Gas1
CHADL	Chadl
PHETA2	Pheta2
RNU6-246P	Gm25525
RNU6-264P	Gm26226
RN7SKP242	Gm54361
CCDC117	Ccdc117
RNU6-996P	Gm26101
RNU6-329P	Gm23538
U2	Gm22984
RNU4-82P	Gm22985
MIR455	Mir455
MIR181B2	Mir181b-2
PRRG3	Prrg3
MIR219A2	Mir219a-2
MIR190A	Mir190a
RNU6-984P	Gm24457
PLA2G4E	Pla2g4e
SNORA84	Gm25394
MIR7-1	Mir7-1
GUCD1	Gucd1
FAM221B	Fam221b
HRCT1	Hrct1
MIR491	Mir491
PQBP1	Pqbp1
PPP3R2	Ppp3r2
SUSD2	Susd2
TMEM203	Tmem203
CIMIP2A	Cimip2a
NRARP	Nrarp
ACTL7B	Actl7b
ACTL7A	Actl7a
MIR32	Mir32
QRFP	Qrfp
PRDM12	Prdm12
IER5L	Ier5l
AP1B1	Ap1b1
SNORD90	Snord90
MIR126	Mir126a
CLDN10	Cldn10
NFATC1	Nfatc1
MTIF3	Mtif3
RN7SKP171	Gm56250
OR4F6	Or4f6
OR4F15	Or4f15
SNORD62A	Gm22192
RNU6-844P	Gm23423
MIR23B	Mir23b
MIR27B	Mir27b
MIR24-1	Mir24-1
WBP2NL	Wbp2nl
BAIAP2L2	Baiap2l2
COG6	Cog6
SNORD121B	Gm22888
SNORD121A	Gm24837
MIR204	Mir204
OR13F1	Or13f5
OR13C8	Or13c25
FRRS1L	Frrs1l
RRAGA	Rraga
RAB12	Rab12
CEL	Cel
GALR1	Galr1
DPM1	Dpm1
SYT4	Syt4
EIF3D	Eif3d
NKAP	Nkap
SNORD24	Gm23969
SNORD36B	Gm22879
	Gm56265
DCC	Dcc
RCAN1	Rcan1
KCNV2	Kcnv2
DOLK	Dolk
OR1J1	Or1j1
RIMS4	Rims4
OR1J4	Or1j4
OR1Q1	Or1q1
HRH4	Hrh4
RNU2-50P	Gm22073
BCOR	Bcor
ZBTB21	Zbtb21
OR2K2	Or2k2
ZSWIM3	Zswim3
TUSC1	Tusc1
	Gm56451
TPP2	Tpp2
NDUFV2	Ndufv2
RN7SL5P	Rn7s6
ATP5PO	Atp5po
IFNB1	Ifnb1
OR13J1	Or13j1
CCDC33	Ccdc33
	Gm13539
NCOA3	Ncoa3
LCN9	Lcn9
PROSER1	Proser1
FAM240B	Fam240b
MIR199B	Mir199b
RPP25	Rpp25
MIR31	Mir31
IFNE	Ifne
IFNK	Ifnk
MIR876	Mir876
MIR873	Mir873b
GGACT	Ggact
OR13C3	Or13c3
OR13D1	Or13d1
CKAP2	Ckap2
COLEC12	Colec12
BACH1	Bach1
GPR82	Gpr82
MIRLET7A1	Mirlet7a-1
MIRLET7D	Mirlet7d
PHEX	Phex
	Gm47429
SS18	Ss18
ADAMTS1	Adamts1
PABIR1	Pabir1
SLC7A1	Slc7a1
TRPM1	Trpm1
SYNJ1	Synj1
LIG4	Lig4
CASK	Cask
CYSRT1	Cysrt1
IRS2	Irs2
TNFSF11	Tnfsf11
CCDC187	Ccdc187
FREM2	Frem2
KLF12	Klf12
PLPP6	Plpp6
CBR3	Cbr3
OR1N2	Or1n2
DIP2A	Dip2a
OR5C1	Or5c1
LCP1	Lcp1
OR1B1	Or1b1
RNU6-445P	Gm22503
PCDH17	Pcdh17
SLITRK5	Slitrk5
CHGB	Chgb
USP12	Usp12
CELSR1	Celsr1
GMEB2	Gmeb2
BCL2	Bcl2
SKA3	Ska3
INO80C	Ino80c
FOXE1	Foxe1
NKX2-4	Nkx2-4
SRXN1	Srxn1
MRPS26	Mrps26
SALL4	Sall4
SLC14A2	Slc14a2
RAB20	Rab20
FLT1	Flt1
WFDC10A	Wfdc10
MYH9	Myh9
LAMA5	Lama5
NETO1	Neto1
GATA6	Gata6
DSG2	Dsg2
SOX18	Sox18
ZHX3	Zhx3
FRY	Fry
KCNQ2	Kcnq2
SNORD107	Snord107
SNORD64	Snord64
SNORD116-10	Gm22373
IMPACT	Impact
SLC9D1	Tmco3
MBP	Mbp
CRYBB3	Crybb3
DYRK1A	Dyrk1a
GTPBP1	Gtpbp1
RN7SL677P	Gm22876
RNU6-1186P	Gm23185
ZMAT5	Zmat5
RNF125	Rnf125
ZNRF3	Znrf3
AFG3L2	Afg3l2
ADAMTS5	Adamts5
NFS1	Nfs1
HUNK	Hunk
HORMAD2	Hormad2
SLITRK6	Slitrk6
HDGFL1	Hdgfl1
OLIG2	Olig2
NALCN	Nalcn
COL6A1	Col6a1
SOX4	Sox4
GTSE1	Gtse1
FOXC1	Foxc1
NHLRC1	Nhlrc1
POU3F2	Pou3f2
ATP7A	Atp7a
GLYATL3	Glyatl3
CYYR1	Cyyr1
TSPYL4	Tspyl4
GFRAL	Gfral
EVA1C	Eva1c
RSPH14	Rsph14
DZANK1	Dzank1
MPHOSPH8	Mphosph8
THAP7	Thap7
TINAG	Tinag
CNMD	Cnmd
TRAPPC3L	Trappc3l
ZIC3	Zic3
TAAR2	Taar2
HS3ST4	Hs3st4
ADCYAP1	Adcyap1
LRRC3	Lrrc3
SMAD4	Smad4
CHAF1B	Chaf1b
PNCK	Pnck
OPRM1	Oprm1
TUBA3C	Tuba3a
SEC14L4	Sec14l4
KATNAL1	Katnal1
CAPNS2	Capns2
FOXC2	Foxc2
CYB5A	Cyb5a
AKAP11	Akap11
ADAMTS18	Adamts18
RPN2	Rpn2
SAMSN1	Samsn1
PDX1	Pdx1
TSC22D1	Tsc22d1
LZTR1	Lztr1
RNU6-758P	Gm25599
RN7SKP233	Gm55256
CLDN9	Cldn9
RNU1-125P	Gm22847
SMCHD1	Smchd1
POMP	Pomp
OR2C1	Or2c1
CSTB	Cstb
C16orf90	1700037C18Rik
SH3BGR	Sh3bgr
OLIG3	Olig3
TEX29	Tex29
RNU6-522P	Gm24754
5S_rRNA	Gm56377
RNU6-754P	Gm22500
FGF9	Fgf9
RNU6-84P	Gm25558
RNU6-155P	Gm54401
RN7SKP256	Gm55790
RNU6-248P	Gm22013
LATS2	Lats2
RNU6-1106P	Gm24384
ELAC1	Elac1
Y_RNA	Gm22199
PCBP3	Pcbp3
RNU6-253P	Gm25681
SNORD101	Gm23130
SNORD100	Snord100
RNU6-328P	Gm55918
RNU6-896P	Gm24150
RNU6-196P	Gm23199
GJA10	Gja10
IFT88	Ift88
CASP8AP2	Casp8ap2
CBX7	Cbx7
PIK3C3	Pik3c3
7SK	Rn7sk
OR2B6	Or2b6
GPR31	Gpr31b
TFAP2D	Tfap2d
DENND6B	Dennd6b
GPR139	Gpr139
ADGRG2	Adgrg2
ZNF469	Zfp469
PRM3	Prm3
GCM2	Gcm2
RNU6-1191P	Gm25522
C18orf54	4930503L19Rik
SNORA20	Snora20
SNORA29	Gm26130
PEX39	Pex39
EXOSC6	Exosc6
SNORD111B	Gm22193
GUCA1B	Guca1b
RNU6-527P	Gm22663
U8	Gm56239
NOX3	Nox3
DDX28	Ddx28
CDSN	Cdsn
RNU6-153P	Gm22212
PRR18	Prr18
SLC35D4	Tmem241
HS3ST6	Hs3st6
TEKT5	Tekt5
H1-1	H1f1
H3C3	H3c8
H1-6	H1f6
H1-4	H1f4
TMPRSS3	Tmprss3
SNORD117	Gm25128
SNORD84	Gm22589
C6orf47	D17H6S53E
MICAL3	Mical3
MIR484	Mir484
LY6G6C	Ly6g6c
SNORD68	Snord68
OBI1	Obi1
MED4	Med4
MIR138-2	Mir138-2
RBP3	Rbp3
RNU6-850P	Gm55093
ONECUT3	Onecut3
TBCC	Tbcc
RN7SKP299	Gm55516
S1PR4	S1pr4
RFXAP	Rfxap
ZNRF4	Znrf4
FLT3	Flt3
SEPHS2	Sephs2
CAPN11	Capn11
CYP26C1	Cyp26c1
RNU6-416P	Gm22236
DNTTIP1	Dnttip1
TEKTL1	Tektl1
C16orf78	4933402J07Rik
OR7C2	Or7c70
ICOSLG	Icosl
CSTF2T	Cstf2t
SNORD48	Gm25744
SNORD52	Snord52
ATP8B1	Atp8b1
MIR877	Mir877
CASP14	Casp14
MPIG6B	Mpig6b
RAP2A	Rap2a
BTBD16	Btbd16
SACS	Sacs
URB1	Urb1
PDILT	Pdilt
SNORA50A	Gm26265
GPR26	Gpr26
ITPRIPL2	Itpripl2
SNORD71	Snord71
PNPLA1	Pnpla1
UPF3A	Upf3a
RNU6-163P	Gm55537
RNU6-889P	Gm55001
RN7SKP219	Gm55762
RN7SKP220	Gm55928
ASCC2	Ascc2
RN7SKP238	Gm55379
MIR346	Mir346
RNU6-463P	Gm25457
RNU4-5P	Gm22249
RNU6-728P	Gm55002
	Gm22620
MIR146B	Mir146b
PTPN2	Ptpn2
MRAP	Mrap
SPACA1	Spaca1
SETD4	Setd4
PKD1L3	Pkd1l3
H1-5	H1f5
PIGT	Pigt
	Gm55934
SKIDA1	Skida1
NPS	Nps
RNU6-946P	Gm55610
RNU2-24P	Gm24666
CALML3	Calml3
SPART	Spart
RNU6-22P	Rnu6-ps2
SNORA64	Snora64
H1-3	H1f3
MIR1225	Gm54763
UQCC4	Uqcc4
PERCC1	Percc1
IRGC	Irgc
LIPM	Lipm
TMEM114	Tmem114
FAM217A	Fam217a
RNU6-598P	Gm24099
BSPH1	Bsph1
THAP11	Thap11
CABP5	Cabp5
CTRL	Ctrl
RN7SKP268	Gm54824
RNU6-813P	Gm22127
MMGT1	Mmgt1
DPEP2NB	Dpep2nb
DEFB113	Defb18
RNF128	Rnf128
DEFB110	Defb41
TPGS2	Tpgs2
PTCHD3	Ptchd3
OR12D3	Or12d17
PNMA8B	Pnma8b
B3GALT4	B3galt4
	Gm56225
HPS6	Hps6
PIR	Pir
OR14J1	Or14j1
IRF2BP1	Irf2bp1
NANOS2	Nanos2
RNU6-805P	Gm25637
RNU4-72P	Gm25102
RN7SKP241	Gm54718
H4C8	H4c1
SNORD23	Snord23
OR10C1	Or10c1
MIR193B	Mir193b
MIR365A	Mir365-1
C19orf18	2900092C05Rik
SORCS3	Sorcs3
SNORD88C	Gm26247
HIPK4	Hipk4
CH25H	Ch25h
NMBR	Nmbr
IZUMO1	Izumo1
H4C11	H4c3
PRSS41	Prss41
PRSS53	Prss53
SLC18A3	Slc18a3
TAAR5	Taar5
NKAPL	Nkapl
IQSEC2	Iqsec2
POM121L2	Pom121l2
GARIN5B	Garin5b
RIPPLY2	Ripply2
LIPK	Lipk
OR11A1	Or11a4
CALHM1	Calhm1
RN7SKP109	Gm56158
CALHM3	Calhm3
SNORD60	Snord60
CCDC68	Ccdc68
ATOH7	Atoh7
PTTG1IP	Pttg1ip
GPR180	Gpr180
RN7SKP288	Gm56293
ADRA2A	Adra2a
IL13RA1	Il13ra1
SF3B5	Sf3b5
SNORD105	Gm24067
SNORD105B	Gm23008
S1PR2	S1pr2
ITM2B	Itm2b
LRIT2	Lrit2
RNU6-1144P	Gm23503
RN7SKP209	Gm54662
MIR206	Mir206
MIR133B	Mir133b
VPS4B	Vps4b
IL17A	Il17a
ADRB1	Adrb1
IL17F	Il17f
RNU6-794P	Gm23194
MIR99B	Mir99b
MIRLET7E	Mirlet7e
MIR125A	Mir125a
KCNJ15	Kcnj15
GJE1	Gje1
CACNG2	Cacng2
TAAR9	Taar9
PCDH8	Pcdh8
LY6G5C	Ly6g5c
OTUD1	Otud1
ESD	Esd
WNT7B	Wnt7b
OR2I1	Or2i1
JUND	Jund
RNU6-6P	Gm22823
SEC14L3	Sec14l3
MIR140	Mir140
H2AC1	H2ac1
H2BC1	H2bc1
FAM170B	Fam170b
KASH5	Kash5
GATD3	Gatd3a
PNLIP	Pnlip
TTBK1	Ttbk1
CCDC22	Ccdc22
SERPINB8	Serpinb8
PNLIPRP2	Pnliprp2
SOX10	Sox10
SNORD33	Snord33
SNORD34	Snord34
SNORD35A	Snord35a
MIR150	Mir150
CRYBB2	Crybb2
PPIL2	Ppil2
MTUS2	Mtus2
L3MBTL4	L3mbtl4
RNU6-1041P	Gm22995
FGF14	Fgf14
WFIKKN1	Wfikkn1
GJB6	Gjb6
MSLNL	Mslnl
TERB1	Terb1
ADGB	Adgb
SNORD41	Gm25506
JUNB	Junb
RNU6-1121P	Gm25964
MIR27A	Mir27a
MIR23A	Mir23a
MIR181C	Mir181c
C19orf67	1700067K01Rik
MTRF1	Mtrf1
SNORA12	Gm24336
HDX	Hdx
RNU6-673P	Gm24254
ADO	Ado
MIR199A1	Mir199a-1
PROSER2	Proser2
GSK3A	Gsk3a
CBY1	Cby1
SNORD98	Snord98
RNVU1-33	Gm24626
	Gm54606
PEDS1	Peds1
TSPAN6	Tspan6
C10orf120	4933402N03Rik
RN7SKP116	Gm56230
IMPA2	Impa2
CTSZ	Ctsz
GABRR2	Gabrr2
GJD4	Gjd4
FZD8	Fzd8
RBM11	Rbm11
CABLES1	Cables1
IRAK1	Irak1
NXNL1	Nxnl1
PRNP	Prnp
PLA2G6	Pla2g6
PCP4	Pcp4
SLC25A41	Slc25a41
RAD21L1	Rad21l
SOD1	Sod1
RNU6-1307P	Gm56206
PCDH20	Pcdh20
OR1I1	Or1i2
DSG3	Dsg3
LNX2	Lnx2
KIAA1755	D630003M21Rik
RNU6-441P	Gm22062
MYL12B	Myl12b
WNT8B	Wnt8b
ERG	Erg
GSTA5	Gsta3
RNU2-18P	Gm23345
RNU6-165P	Gm23520
RNU6-653P	Gm23461
CACNG8	Cacng8
SLAIN1	Slain1
OSBPL1A	Osbpl1a
	Gm64583
OR1M1	Or1m1
SLC17A9	Slc17a9
EBPL	Ebpl
PNMA8C	Pnma8c
THSD8	Gm49661
HUS1B	Hus1b
TMEM50B	Tmem50b
B3GLCT	B3glct
KLK9	Klk9
RTL3	Rtl3
HTR1B	Htr1b
RNU1-64P	Gm54446
TARM1	Tarm1
MFNG	Mfng
LENG9	Leng9
CATSPERD	Catsperd
SHROOM2	Shroom2
SNORD37	Snord37
N4BP2L1	N4bp2l1
WFDC3	Wfdc3
SH2D1A	Sh2d1a
SRRM5	Gm50092
AMH	Amh
RNU6-643P	Gm24378
PLXNB2	Plxnb2
H1-2	H1f2
ARHGEF9	Arhgef9
RNU6-1114P	Gm25897
TM9SF4	Tm9sf4
HCN2	Hcn2
CCDC169	Ccdc169
PSPN	Pspn
SDHAF1	Sdhaf1
LYPD3	Lypd3
H4C12	H4c16
KLK4	Klk4
SGCG	Sgcg
CEP192	Cep192
CEACAM18	Ceacam18
MIR330	Mir330
SNORA68	Snora68
CCDC8	Ccdc8
IFNGR2	Ifngr2
TMTC4	Tmtc4
FAM187B	Fam187b
ERFL	Erfl
SELENOV	Selenov
ZC3H4	Zc3h4
CDK5RAP1	Cdk5rap1
MRPS6	Mrps6
EFNA2	Efna2
SDF2L1	Sdf2l1
BRD1	Brd1
U2AF1	U2af1
RNF225	Rnf225
NUP58	Gm49336
RBBP7	Rbbp7
ME2	Me2
USP18	Usp18
COG3	Cog3
CEBPA	Cebpa
ITSN1	Itsn1
GATA1	Gata1
RELCH	Relch
RRAGB	Rragb
PANX2	Panx2
SBSN	Sbsn
ANKRD10	Ankrd10
GAPDHS	Gapdhs
NKX2-2	Nkx2-2
CHD6	Chd6
SNX12	Snx12
	Gm66680
SGSM3	Sgsm3
ACTL9	Actl9
RPS21	Rps21
ZDHHC9	Zdhhc9
CAB39L	Cab39l
NINL	Ninl
SMIM46	Smim46
SLC46A3	Slc46a3
RAB27B	Rab27b
TCEAL8	Tceal8
CPLX4	Cplx4
SPMAP2	Spmap2
PDS5B	Pds5b
TGIF1	Tgif1
MTMR1	Mtmr1
NDUFAF5	Ndufaf5
ARHGAP28	Arhgap28
RNU6-1179P	Gm23169
MSX1	Msx1
TFDP1	Tfdp1
FFAR2	Ffar2
CTDP1	Ctdp1
ZFP92	Zfp92
ZNF512B	Zfp512b
TCEANC	Tceanc
TTPAL	Ttpal
GK2	Gk2
LIPE	Lipe
CIB3	Cib3
TRAM1L1	Tram1l1
ZNF532	Zfp532
DSTN	Dstn
PDHA2	Pdha2
RBM10	Rbm10
MYH7B	Myh7b
KCNJ6	Kcnj6
SIAH3	Siah3
HMGB1	Hmgb1
PDXK	Pdxk
SMARCB1	Smarcb1
TXNL1	Txnl1
ABHD12	Abhd12
TRIML1	Triml1
MIPEP	Mipep
SMIM11	Smim11
PAPOLB	Papolb
CCDC178	Ccdc178
PHF5A	Phf5a
TKTL2	Tktl2
HEMK2	N6amt1
RNU6-578P	Gm55142
KREMEN1	Kremen1
U6	Gm26373
RNU6-420P	Gm23955
RNU6-220P	Gm24086
RNU1-63P	Gm23511
RNA5SP527	Gm56104
RNU6-34P	Gm25794
POM121L12	Pom121l12
SAT1	Sat1
GTF3A	Gtf3a
RNU6-335P	Gm26468
TRIL	Tril
RBBP8	Rbbp8
RWDD2B	Rwdd2b
RAB22A	Rab22a
FAM227A	Fam227a
ALG5	Alg5
ENAM	Enam
PJA1	Pja1
UTP3	Utp3
RNU6-784P	Gm25322
RNU6-891P	Gm22226
TRIOBP	Triobp
DOK5	Dok5
PLXNA3	Plxna3
TEX47	Tex47
TTLL9	Ttll9
GIMD1	Gimd1
RRP1	Rrp1
IL2	Il2
N4BP2L2	N4bp2l2
MAP1LC3A	Map1lc3a
LIMK2	Limk2
TWSG1	Twsg1
SOWAHB	Sowahb
PRELID3A	Prelid3a
NONO	Nono
POU4F2	Pou4f2
TAS2R3	Tas2r137
ZNF397	Zfp397
RNU6-351P	Gm55761
IL21	Il21
PLCB4	Plcb4
RANBP1	Ranbp1
TMEM229A	Tmem229a
LPAR6	Lpar6
NKX1-1	Nkx1-1
RN7SKP155	Gm55144
RNU6-112P	Gm25851
ZAR1L	Zar1l
CPEB2	Cpeb2
RNU1-15P	Gm23980
ZC3H7B	Zc3h7b
RNF152	Rnf152
SNORA5A	Gm24313
ABCG1	Abcg1
SNORA5C	Snora5c
SNORA9	Snora9
RNU2-29P	Gm22850
SNORA22B	Gm23245
TPD52L3	Trpd52l3
RNU6-10P	Gm25450
RNU1-29P	Gm24200
KCTD1	Kctd1
ASIC5	Asic5
TAS2R38	Tas2r138
LMF2	Lmf2
MIR25	Mir25
MIR106B	Mir106b
RNU6-393P	Gm26285
ANXA10	Anxa10
SPMIP7	Spmip7
NEK5	Nek5
TAS2R4	Tas2r108
DRC11L	Iqca1l
TCF4	Tcf4
CCKAR	Cckar
DOP1B	Dop1b
MIR489	Mir489
TUBGCP3	Tubgcp3
RRH	Rrh
	Gm55212
	Gm55218
DSPP	Dspp
MIR335	Mir335
GJC3	Gjc3
MIS18A	Mis18a
RNU6-1184P	Gm56000
MIR302D	Mir302d
MIR302C	Mir302c
PARVB	Parvb
NDUFV3	Ndufv3
C4orf54	1110002E22Rik
hsa-mir-423	Mir423
OTOP1	Otop1
DNAJC30	Dnajc30
	Gm22489
CLDN3	Cldn3
TFF3	Tff3
BLOC1S4	Bloc1s4
KIF2B	Kif2b
RNU6-907P	Gm56305
TFF1	Tff1
S100B	S100b
CSN2	Csn2
NEUROG2	Neurog2
NPTXR	Nptxr
TST	Tst
TMEM271	Tmem271rt
PKNOX1	Pknox1
SNORD79	Gm50452
RNU6-468P	Gm23614
MAB21L2	Mab21l2
PES1	Pes1
CLRN2	Clrn2
ATOH1	Atoh1
GRXCR1	Grxcr1
PURB	Purb
MIR4657	Gm22123
ADRA2C	Adra2c
CXXC4	Cxxc4
UGGT2	Uggt2
CCDC182	Ccdc182
Y_RNA	Gm56393
SON	Son
RNU6-1195P	Gm22114
SNORD10	Gm25835
TRBV30	Trbv31
MIR22	Mir22
FREM3	Frem3
SPPL2C	Sppl2c
MIR490	Mir490
RNU6-1272P	Gm25384
SERHL2	Serhl
GEMIN8	Gemin8
C21orf91	D16Ertd472e
SPEM3	Spem3
ZAR1	Zar1
TAS2R39	Tas2r139
TAS2R40	Tas2r144
SCARNA21	Gm22442
GUCY2D	Gucy2e
TAS2R60	Tas2r135
TAS2R41	Tas2r126
BORCS6	Borcs6
RNU6-583P	Gm22335
MFSD6L	Mfsd6l
OR9A4	Or9a4
VPS26C	Vps26c
LONRF3	Lonrf3
LHFPL3	Lhfpl3
MYH8	Myh8
NDFIP2	Ndfip2
OR6B1	Or6b1
FERD3L	Ferd3l
OR2A5	Or2a5
OR2A25	Or2a25
TMPRSS11F	Tmprss11f
OR2A12	Or2a12
SHH	Shh
RNU6-1065P	Gm55005
BTK	Btk
MIR744	Mir744
SF3A1	Sf3a1
CARS2	Cars2
RN7SKP36	Gm54942
PSAPL1	Psapl1
RNU6-276P	Gm25814
EXOC1L	Exoc1l
RNU6-24P	Gm22448
RNU6-652P	Gm26131
SNORD1A	Snord1a
UBE2G2	Ube2g2
MUC17	Muc17
RN7SKP54	Gm55788
MIR196B	Mir196b
	Gm56036
	Gm56037
CDC45	Cdc45
HOXA13	Hoxa13
CFAP299	Cfap299
DTD1	Dtd1
FAM3B	Fam3b
FZD9	Fzd9
MIR218-1	Mir218-1
ABCB5	Abcb5
PPEF2	Ppef2
PRELID3B	Prelid3b
GET1	Get1
SLC15A5	Slc15a5
COMMD7	Commd7
EPX	Epx
SPMIP11	Spmip11
	Gm55746
PCCA	Pcca
SNORD4A	Snord4a
SNORD42A	Snord42a
MID1	Mid1
LCA5L	Lca5l
KRT76	Krt76
MIR132	Mir132
SNORD73B	Snord73b
SNORD73A	Snord73a
STK4	Stk4
PRSS48	Prss48
KRT2	Krt2
RN7SKP136	Gm56372
HEXIM1	Hexim1
SCPPPQ1	Scpppq1
ARL5C	Arl5c
PPP6R2	Ppp6r2
SDK1	Sdk1
LRRIQ1	Lrriq1
MORC3	Morc3
NAP1L5	Nap1l5
POLR2A	Polr2a
CCDC71L	Ccdc71l
CCER1	Ccer1
HCRT	Hcrt
KRT1	Krt1
PROKR2	Prokr2
RNU6-1057P	Gm54816
ASIC2	Asic2
TPH2	Tph2
ATP6AP1	Atp6ap1
GABPA	Gabpa
RNA5SP443	Gm55878
KRT25	Krt25
TBX20	Tbx20
KRT27	Krt27
KRT77	Krt77
KRT28	Krt28
ATG9B	Atg9b
SCN4A	Scn4a
TPX2	Tpx2
MIR124-1	Mir124a-1
FOXL3	Foxl3
SNORD104	Snord104
SLITRK2	Slitrk2
SNORA50C	Gm22711
ASZ1	Asz1
PRSS51	Prss51
RP1L1	Rp1l1
HCCS	Hccs
FNDC8	Fndc8
GRIFIN	Grifin
RTL4	Rtl4
MIR598	Mir598
KCTD11	Kctd11
MC2R	Mc2r
BHLHA9	Bhlha9
OR9A1P	Or9a7
PLCXD1	Plcxd1
RNU6-979P	Gm23331
DTNA	Dtna
RNU6-446P	Gm25235
TRGV9	Trgv6
MIR144	Mir144
USH1G	Ush1g
OR1D2	Or1d2
ABTB3	Abtb3
MIR195	Mir195a
MIR497	Mir497
TRBV15	Trbv17
AGPAT3	Agpat3
GAB3	Gab3
RNF17	Rnf17
TRBV19	Trbv19
KRT34	Krt34
TRBV28	Trbv29
TRBV29-1	Trbv30
ANKRD61	Ankrd61
DZIP1	Dzip1
MIR29A	Mir29a
MIR29B1	Mir29b-1
KRTAP3-1	Krtap3-1
SEPTIN14	Septin14
Y_RNA	Gm56181
RNU6-400P	Gm25008
RNU6-279P	Gm55733
RNU6-595P	Gm26206
RNU1-83P	Gm23100
MIR331	Mir331
RNU4-41P	Gm25995
RNU6-1068P	Gm22078
SNORD7	Snord7
BACE2	Bace2
LRCH1	Lrch1
KRT32	Krt32
NME8	Nme8
KRT36	Krt36
RNU6-1083P	Gm23805
KRT35	Krt35
IL31	Il31
SNORA53	Gm24119
OMG	Omg
SPATA13	Spata13
ADAMDEC1	Adamdec1
ZMYND8	Zmynd8
MIR193A	Mir193a
VSIG1	Vsig1
MIRLET7I	Mirlet7i
TLR7	Tlr7
EPYC	Epyc
RNU6-314P	Gm56440
KCND1	Kcnd1
SNORD49B	Snord49b
SNORD49A	Snord49a
HGH1	Hgh1
MIR96	Mir96
MIR183	Mir183
HSPB9	Hspb9
RNU6-638P	Gm55574
KRTAP16-1	Krtap16-1
DDN	Ddn
VGLL1	Vgll1
MUC5B	Muc5b
RNF222	Rnf222
GSG1L2	Gsg1l2
CHMP4C	Chmp4c
RNU6-781P	Gm22087
EPOP	Epop
MIR200C	Mir200c
SCARNA12	Gm23547
GDF11	Gdf11
CDADC1	Cdadc1
GPR142	Gpr142
MUC5AC	Muc5ac
EFCAB5	Efcab5
SDR9C7	Sdr9c7
APOO	Apoo
CLDN23	Cldn23
CEBPD	Cebpd
FNTA	Fnta
KPNA3	Kpna3
REP15	Rep15
FANCF	Fancf
KERA	Kera
DONSON	Donson
FJX1	Fjx1
RNU4-67P	Gm25104
RNU1-52P	Gm23294
	Gm54495
RNVU1-34	Gm23099
RNU6-518P	Gm56091
CRYBA1	Cryba1
HCAR1	Hcar1
SEBOX	Sebox
ANKRD33	Ankrd33
MAB21L1	Mab21l1
MRPL57	Mrpl57
OR9Q1	Or9q1
DLC1	Dlc1
MIR592	Mir592
CPB2	Cpb2
OR6C68	Or6c68
SNORD59A	Snord59a
HASPIN	Haspin
CFAP298	Cfap298
MIR148B	Mir148b
SCARNA10	Scarna10
OR5I1	Or5i1
KLF14	Klf14
RNU6-249P	Gm24646
MIR129-1	Mir129-1
RPRML	Rprml
EID3	Eid3
OR5D16	Or5d16
FIBIN	Fibin
RNU6-288P	Gm23462
RNU6-166P	Gm22887
FGF3	Fgf3
RTL6	Rtl6
MPO	Mpo
PTPRQ	Ptprq
DDI1	Ddi1
MIR142	Mir142
TYR	Tyr
NRG1	Nrg1
OR1R1	Or1r1
KRT26	Krt26
FOXRED2	Foxred2
PPP1R3F	Ppp1r3f
LSS	Lss
MMP8	Mmp8
STK24	Stk24
NOG	Nog
LHX5	Lhx5
GRIA3	Gria3
HEPHL1	Hephl1
SOST	Sost
KCTD17	Kctd17
OR6C2	Or6c2
TRGV11	Trgv4
TENM4	Tenm4
GNAT3	Gnat3
OR6C75	Or6c75
CRKL	Crkl
ALG11	Alg11
ATP1B4	Atp1b4
NPVF	Npvf
	Gm54541
ARVCF	Arvcf
CABYR	Cabyr
RN7SKP71	Gm55604
PANX3	Panx3
RNU4-34P	Gm22479
RNU6-1034P	Gm23042
ASCL4	Ascl4
SLC15A1	Slc15a1
	Gm55307
RNU6-99P	Gm55671
RN7SKP158	Gm55487
MIR708	Mir708
RN7SKP53	Gm54503
GLOD5	Glod5
MIR326	Mir326
GPR179	Gpr179
SNORD15A	Snord15a
SNORD15B	Snord15b
OR6C3	Or6c3
MS4A5	Ms4a5
GNL3L	Gnl3l
KRT4	Krt4
MYO15B	Myo15b
MIR192	Mir192
OR6C74	Or6c74
SNORA62	Gm54861
OR51G1	Or51g1
H2AJ	H2aj
OR52J3	Or52j3
RNF133	Rnf133
OR52E2	Or52e2
OR10P1	Or10p1
RNF148	Rnf148
TAS2R16	Tas2r118
SLC37A1	Slc37a1
WNT1	Wnt1
HBE1	Hbb-y
NHLRC3	Nhlrc3
ACSM4	Acsm4
OR51B4	Or51b4
GPR20	Gpr20
OR52D1	Or52d1
UBQLN3	Ubqln3
UBQLNL	Ubqlnl
TG	Tg
OR52B6	Or52b6
WBP4	Wbp4
HOXB1	Hoxb1
ALG12	Alg12
MIR10A	Mir10a
MRGPRG	Mrgprg
MIR26A2	Mir26a-2
DSC2	Dsc2
MUC19	Muc19
PLET1	Plet1
MUC6	Muc6
F7	F7
CD69	Cd69
IGSF1	Igsf1
PNMA2	Pnma2
RIDA	Rida
MIR675	Mir675
KCNA6	Kcna6
KCNA1	Kcna1
OR52L1	Or52l1
NRIP1	Nrip1
RNU6-45P	Gm24448
RNU6-72P	Gm23428
UPB1	Upb1
POFUT2	Pofut2
SNORA54	Gm23297
IDO2	Ido2
DSEL	Dsel
CCDC85B	Ccdc85b
CATSPER1	Catsper1
ZNF407	Zfp407
NEIL2	Neil2
KRT84	Krt84
MED14	Med14
CD248	Cd248
RNU1-84P	Gm23464
KRT82	Krt82
NOL4	Nol4
PRG3	Prg3
RNU6-1134P	Gm24905
FZD2	Fzd2
MRGPRD	Mrgprd
KRT71	Krt71
FAM187A	Fam187a
KRT73	Krt73
SOX7	Sox7
C8orf74	4930578I06Rik
RIPK4	Ripk4
PIGN	Pign
CYC1	Cyc1
PCNT	Pcnt
TAS2R7	Tas2r130
OR5J2	Or5j3
ARHGEF7	Arhgef7
HOXC12	Hoxc12
	Gm55342
MIR196A2	Mir196a-2
MYO1H	Myo1h
OR4D11	Or4d11
C17orf100	4930563E22Rik
OR8U1	Or8u9
OR8U3	Or8u3
C17orf114	Gm40193
RNU6-174P	Gm47290
OR8S1	Or8s16
	Gm9918
OR5BS1	Or5bs2
MAGED2	Maged2
CABIN1	Cabin1
OR10G6	Or10g6
SPNS3	Spns3
NCAM2	Ncam2
MIR130A	Mir130a
SNORD22	Gm25487
SNORD30	Gm22680
SNORD27	Gm24452
SNORD26	Gm25894
SNORD25	Gm25855
RNF170	Rnf170
RN7SKP243	Gm55856
PTPRCAP	Ptprcap
SNORA49	Gm26079
GPR152	Gpr152
RUNX1	Runx1
SNORD97	Gm23262
RNU2-53P	Gm25052
	Gm56924
PMCH	Pmch
COL6A2	Col6a2
SGK2	Sgk2
C11orf71	Gm5617
GALNT4	Galnt4
RNU6-148P	Gm25364
LHFPL6	Lhfpl6
TANGO2	Tango2
MTNR1B	Mtnr1b
MATN2	Matn2
SUGT1	Sugt1
CSNK2A2IP	Csnk2a2ip
PATE3	Pate3
RNU4-86P	Gm56327
FZD10	Fzd10
FAM181B	Fam181b
CCDC184	Ccdc184
SLC2A10	Slc2a10
POF1B	Pof1b
H1-7	H1f7
IMPG2	Impg2
PSMF1	Psmf1
CCDC89	Ccdc89
DIS3	Dis3
RPS4X	Rps4x
OMP	Omp
TMEM158	Tmem158
U4	Gm56237
SNORA23	Snora23
DNAH17	Dnah17
GPR27	Gpr27
LRRC10B	Lrrc10b
SNORA57	Snora57
RNU6-1329P	Gm23507
SOX14	Sox14
OR51L1	Or51l1
	Gm65988
TRPC4	Trpc4
OR8D4	Or8d4
GGT7	Ggt7
SNORA21B	Gm54825
SNORA21	Snora21
HSF5	Hsf5
OR52N5	Or52n5
GRHL2	Grhl2
SI	Sis
OR6C65	Or6c65
OR52N1	Or52n1
OR5B2	Or5b99
OR8B8	Or8b8
RNU1-117P	Gm23000
MSC	Msc
SLC25A15	Slc25a15
TGS1	Tgs1
ACE2	Ace2
OR10A4	Or10a4
OR9G1	Or9g20
OTOG	Otog
FER1L6	Fer1l6
MZT1	Mzt1
GPR149	Gpr149
BAG4	Bag4
OR51M1	Or51m1
CCDC122	Ccdc122
OR51I2	Or51i2
CCDC87	Ccdc87
EEF1AKMT1	Eef1akmt1
TTC28	Ttc28
CLSTN2	Clstn2
SNORA2C	Snora34
SNORA2B	Snora2b
OR52M1	Or52m1
OR51F2	Or51f2
UPK3A	Upk3a
TRIM42	Trim42
OR5A1	Or5a1
OR51G2	Or51g2
OR51A7	Or51a7
OR52E4	Or52e4
JAM2	Jam2
PWWP3B	Pwwp3b
OR6A2	Or6a2
RFLNB	Rflnb
OR51D1	Or51d1
BORA	Bora
SLC25A18	Slc25a18
RGS9BP	Rgs9bp
GIP	Gip
TM2D2	Tm2d2
APP	App
RN7SKP284	Gm55677
RNU6-739P	Gm22572
RNU6-1129P	Gm55916
MIR152	Mir152
RNU1-43P	Gm23040
PRPS2	Prps2
TYMS	Tyms
PDRG1	Pdrg1
RNU6-1098P	Gm55230
ACCSL	Accsl
GJA3	Gja3
RNU6-505P	Gm56093
RHOBTB2	Rhobtb2
SNORA63E	Gm25852
DNAJC15	Dnajc15
ALX4	Alx4
	Gm24338
OSBPL2	Osbpl2
FOXO4	Foxo4
ARK2C	Ark2c
OVCH2	Ovch2
COL4A2	Col4a2
OR4D5	Or4d5
OR8K1	Or8k1
OR8I2	Or8i2
SERTM2	Sertm2
OR5AR1	Or5ar1
MIR425	Mir425
MIR191	Gm55600
OR9Q2	Or9q2
OR5AS1	Or5as1
PTGR3	Ptgr3
MRPL13	Mrpl13
DNASE1L1	Dnase1l1
RNU6-1012P	Gm25879
OR51T1	Or51t4
ATXN7L3B	Atxn7l3b
OR6X1	Or6x1
SOCS6	Socs6
OR8B4	Or8b4
MIR1224	Mir1224
OR5B21	Or5b21
OR51I1	Or51i1
TMEM276	Tmem276
OR52H1	Or52h1
USP50	Usp50
OR5AP2	Or5ap2
SNORD66	Snord66
OR4D6	Or4d6
PMM1	Pmm1
RNU6-1227P	Gm25797
TPBGL	Tpbgl
IMP3	Imp3
PRSS50	Prss50
LEPROTL1	Leprotl1
RNU6-593P	Gm23058
OR51S1	Or51s1
RNU6-1175P	Gm22418
VSIG10L2	Vsig10l2
FAM43A	Fam43a
COL4A1	Col4a1
AGBL2	Agbl2
GRIK1	Grik1
RN7SKP212	Gm55668
USP29	Usp29
YWHAZ	Ywhaz
BCLAF3	Bclaf3
TXN2	Txn2
TSPEAR	Tspear
MYBPC3	Mybpc3
BSN	Bsn
TRAPPC10	Trappc10
AMIGO3	Amigo3
SNORD2	Snord2
SNORA63B	Gm24201
SNORA63	Gm26447
SNORA4	Gm24616
FOXL2	Foxl2
SNRPB	Snrpb
C11orf91	A930018P22Rik
APLNR	Aplnr
BCL2L13	Bcl2l13
POU2AF1	Pou2af1
MIR15B	Mir15b
MIR16-2	Mir16-2
ACP4	Acp4
ARL14	Arl14
MIR34B	Mir34b
MIR34C	Mir34c
GPR62	Gpr62
NAA16	Naa16
SH3BGRL	Sh3bgrl
OR52E5	Or52e5
HSPA12B	Hspa12b
ASCL3	Ascl3
HSPA13	Hspa13
DOK2	Dok2
LAS1L	Las1l
NLRP10	Nlrp10
UBASH3A	Ubash3a
DGKH	Dgkh
MIRLET7G	Mirlet7g
MIR135A1	Mir135a-1
BPNT2	Bpnt2
C3orf22	BC048671
RNU6-878P	Gm22618
MIF	Mif
RNU6-646P	Gm22583
RNU4-89P	Gm24256
RNU6-42P	Gm22306
ZNHIT2	Znhit2
	Gm24357
CIMIP7	BC048562
RNU2-23P	Gm22973
EPCIP	Epcip
CLRN1	Clrn1
YBEY	Ybey
RNU6-787P	Gm23038
PDCD7	Pdcd7
FUT4	Fut4
RNU6-678P	Gm24875
TEX30	Tex30
ZFYVE19	Zfyve19
CLDN25	Cldn25
PTK2B	Ptk2b
	Ndor1
ABCA7	Abca7
RAG2	Rag2
IQCF5	Iqcf5
CLIC6	Clic6
SEC23B	Sec23b
SLC37A4	Slc37a4
SUPT20H	Supt20
METTL4	Mettl4
RNU1-20P	Gm22739
TTLL13	Ttll13
UCN2	Ucn2
MIR711	Mir711
TMEM89	Tmem89
CELSR3	Celsr3
EID1	Eid1
SRP14	Srp14
ADNP2	Adnp2
SFI1	Sfi1
C3orf80	1110032F04Rik
ASXL3	Asxl3
EDA2R	Eda2r
TMEM207	Tmem207
	Gm55525
DNAH1	Dnah1
ETS2	Ets2
OR4X1	Or4x5
SALL3	Sall3
OR10D3	Or10d3
C19orf81	1700008O03Rik
ANTXRL	Antxrl
OR4A15	Or4a15
OR5D3	Or5d3
KIAA1328	AW554918
OR10S1	Or10s1
RASSF10	Rassf10
MIR129-2	Mir129b
C11orf96	Gm13889
UXT	Uxt
RNU6-277P	Gm54642
OR52P1	Or52p1
RNU6-138P	Gm24234
ST8SIA5	St8sia5
RNU6-256P	Gm22165
MIR125B1	Mir125b-1
MIR100	Mir100
IQCH	Iqch
FAM240A	Fam240a
CCT8	Cct8
POU1F1	Pou1f1
POLI	Poli
SLC22A14	Slc22a14
SELENOS	Selenos
SERPINA7	Serpina7
H1-8	H1f8
GPR171	Gpr171
BMF	Bmf
GPR87	Gpr87
OR52B2	Or52b2
CD226	Cd226
C11orf42	Gm5901
TOPAZ1	Topaz1
KCNE2	Kcne2
OR4A47	Or4a47
PWP2	Pwp2
MIR26A1	Mir26a-1
MS4A10	Ms4a10
ARHGEF6	Arhgef6
RNU6-492P	Gm25698
GP5	Gp5
TEX54	Tex54
NAPG	Napg
FOXB2	Foxb2
SNORD67	Snord67
GLCE	Glce
RNU6-560P	Gm22004
SNORA6	Gm24044
SNORA62	Snora62
INAFM1	Inafm1
SLC5A2	Slc5a2
OR4C3	Or4c3
OR4C5	Or4c35
FUT1	Fut1
HYPK	Hypk
MS4A18	Ms4a18
MISP3	Misp3
TRO	Tro
CDH2	Cdh2
TLE7	Tle7
OR52B4	Or52b4
FOXL1	Foxl1
RNA5SP535	Gm54682
SAMD7	Samd7
MMP20	Mmp20
RGS19	Rgs19
LRRIQ4	Lrriq4
NCBP2AS2	Ncbp2as2
RYBP	Rybp
L3MBTL1	L3mbtl1
GLT6D1	Glt6d1
RNU6-1263P	Gm23097
OTOL1	Otol1
ZNF598	Zfp598
OR4P4	Or4p4
AJM1	Ajm1
OR2AT4	Or2at4
RN7SKP234	Gm54807
GABRR3	Gabrr3
SPIRE1	Spire1
RNU6-376P	Gm24002
RNU6-882P	Gm23104
SMIM44	Gm48552
NEFL	Nefl
BSX	Bsx
FANCI	Fanci
SNORD14E	Snord14e
SNORD14D	Snord14d
SNORD14C	Snord14c
IDH3B	Idh3b
CSMD1	Csmd1
USP16	Usp16
	Gm63648
CBFA2T3	Cbfa2t3
KCNV1	Kcnv1
RN7SKP265	Gm55086
ALG13	Alg13
FBRS	Fbrs
	Gm23852
SNORD19	Snord19
SNORD19B	Gm24916
SNORD69	Snord69
COPS5	Cops5
C16orf86	4933405L10Rik
TAL2	Tal2
GRIN3A	Grin3a
RN7SL767P	Gm22701
CMTM1	Cmtm1
DAB2IP	Dab2ip
RNU6-681P	Gm22215
H1-10	H1f10
MYT1	Myt1
PIAS2	Pias2
SCGB2A2	Scgb2a2
KIF12	Kif12
DUSP4	Dusp4
NLRP5	Nlrp5
PCSK2	Pcsk2
RNU6-1135P	Gm23113
GRIN3B	Grin3b
SNTG1	Sntg1
SLC6A5	Slc6a5
GDPD3	Gdpd3
RNU6-2	Gm25064
TNP2	Tnp2
ZNFX1	Znfx1
MT3	Mt3
CHODL	Chodl
BCL3	Bcl3
SEL1L2	Sel1l2
STX4	Stx4a
PABIR2	Pabir2
ACER2	Acer2
MRPL39	Mrpl39
LURAP1L	Lurap1l
TTC39C	Ttc39c
CCIN	Ccin
B4GALT5	B4galt5
INTS10	Ints10
TNRC6B	Tnrc6b
TTI1	Tti1
SPACA4	Spaca4
NEK6	Nek6
GDF1	Gdf1
EMILIN2	Emilin2
CCDC54	Ccdc54
DYNLT3	Dynlt3
	Gm64043
RMI2	Rmi2
RNU6-856P	Gm24129
ABHD3	Abhd3
TLE2	Tle2
ZBTB46	Zbtb46
RNU6-788P	Gm23275
RBM15B	Rbm15b
KCNE1	Kcne1
TREX2	Trex2
CPT1B	Cpt1b
MIR28	Mir28a
UBE2I	Ube2i
UTP23	Utp23
SRPX	Srpx
SMIM26	Smim26
HSBP1L1	Hsbp1l1
CRYZL1	Cryzl1
SNRPB2	Snrpb2
FBXW2	Fbxw2
PLPP5	Plpp5
DYM	Dym
GPR15	Gpr15
HMGN5	Hmgn5
RCBTB1	Rcbtb1
EDN3	Edn3
FAM199X	Fam199x
RNU6-1047P	Gm25054
F9	F9
SAMHD1	Samhd1
ERICH6	Erich6
VCPIP1	Vcpip1
ELF1	Elf1
PTDSS1	Ptdss1
VPS13A	Vps13a
SLX9	Slx9
MINDY4B	Mindy4b-ps
NOVA2	Nova2
MOSMO	Mosmo
ZNF575	Zfp575
HEPH	Heph
SOX2	Sox2
AADACL2	Aadacl2
P2RY1	P2ry1
EPB41L3	Epb41l3
SIM2	Sim2
EXOC3L1	Exoc3l
CCNA1	Ccna1
SMIM47	Gm15517
SHISA7	Shisa7
RMDN1	Rmdn1
ABHD13	Abhd13
SPESP1	Spesp1
RNU6-1200P	Gm23677
LINC03051	LINC03051
PTGIR	Ptgir
ASB7	Asb7
RASA3	Rasa3
IFT52	Ift52
RAP2B	Rap2b
MAMDC4	Mamdc4
GARIN5A	Garin5a
MCM3AP	Mcm3ap
MMP2	Mmp2
ATP7B	Atp7b
ZNF226	Zfp61
CYLC2	Cylc2
FES	Fes
SPMIP6	Spmip6
HMGN1	Hmgn1
KIZ	Kiz
C22orf15	Gm867
RSPO2	Rspo2
NDOR1	Ndor1
PRSS36	Prss36
GRK3	Grk3
PRR35	Prr35
CSGALNACT1	Csgalnact1
CERS1	Cers1
NDE1	Nde1
BCAT2	Bcat2
HIRA	Hira
C10orf62	4933411K16Rik
ID1	Id1
FOCAD	Focad
TGM2	Tgm2
GAS6	Gas6
KCNK18	Kcnk18
CFAP410	Cfap410
GDF5	Gdf5
ZNRF1	Znrf1
EDEM2	Edem2
TMPRSS2	Tmprss2
UCN3	Ucn3
ZNF668	Zfp668
SMIM22	Smim22
DMTN	Dmtn
TSR2	Tsr2
GALNT1	Galnt1
PDP2	Pdp2
WDR18	Wdr18
POGLUT2	Poglut2
LRRC74B	Lrrc74b
ZNF711	Zfp711
ARFGEF2	Arfgef2
H2BC3	H2bc3
MICALL1	Micall1
TK2	Tk2
BRWD1	Brwd1
CCN4	Ccn4
PDIA3	Pdia3
SPACA7	Spaca7
PSMA8	Psma8
HAS2	Has2
HEY1	Hey1
RNF215	Rnf215
ACAA2	Acaa2
CACNA1B	Cacna1b
KLF5	Klf5
C19orf25	2310011J03Rik
F8	F8
GNAZ	Gnaz
ABCC2	Abcc2
WFDC2	Wfdc2
RAC2	Rac2
FOXO1	Foxo1
HOMER2	Homer2
CCAR2	Ccar2
COX4I1	Cox4i1
USPL1	Uspl1
USP9X	Usp9x
TMEM26	Tmem26
PPP1R3C	Ppp1r3c
FKBP8	Fkbp8
SEZ6L	Sez6l
LIPN	Lipn
RNMT	Rnmt
FAM124A	Fam124a
BBS4	Bbs4
NFIL3	Nfil3
LTN1	Ltn1
MTMR6	Mtmr6
FXN	Fxn
PKD2L1	Pkd2l1
DIPK1B	Dipk1b
MSGN1	Msgn1
CENPN	Cenpn
RAB9A	Rab9
GPR12	Gpr12
ZC3H13	Zc3h13
MBD1	Mbd1
PSMG1	Psmg1
CHM	Chm
ASPHD2	Asphd2
TMEM236	Tmem236
FRAT2	Frat2
XBP1	Xbp1
NANOS1	Nanos1
TLE3	Tle3
SYT17	Syt17
AKAP17A	Akap17a
CCDC116	Ccdc116
CFAP77	Cfap77
CDCA2	Cdca2
EMID1	Emid1
ASB6	Asb6
NXT2	Nxt2
PIBF1	Pibf1
HK1	Hk1
UMODL1	Umodl1
TSTD2	Tstd2
TPPP3	Tppp3
CNKSR2	Cnksr2
DPY19L4	Dpy19l4
ZP2	Zp2
MEGF9	Megf9
ATP13A1	Atp13a1
ABL1	Abl1
USP25	Usp25
TMEM185B	Tmem185b
PLEKHG4	Plekhg4
MYBL2	Mybl2
MLLT3	Mllt3
FAM216B	Fam216b
MCF2L	Mcf2l
SOWAHC	Sowahc
LY6E	Ly6e
TFIP11	Tfip11
HYDIN	Hydin
TMEM65	Tmem65
ATP2B3	Atp2b3
BPIFA3	Bpifa3
SULF2	Sulf2
CDPF1	Cdpf1
NDUFAB1	Ndufab1
CERS3	Cers3
SPRYD7	Spryd7
CCN3	Ccn3
KLK6	Klk6
DSCAM	Dscam
GSG1L	Gsg1l
SFRP5	Sfrp5
PPP2CB	Ppp2cb
SYN1	Syn1
DLEU7	Dleu7
OR13A1	Or13a1
IZUMO4	Izumo4
COMT	Comt
MIR21	Mir21a
CDC16	Cdc16
DRC4	Gas8
RMDN3	Rmdn3
GABRE	Gabre
BMP1	Bmp1
BRD3	Brd3
PLK5	Plk5
TFE3	Tfe3
LRRC18	Lrrc18
RN7SKP112	Gm54681
RNU6-827P	Gm23794
RN7SKP164	Gm54709
SNORD124	Gm22059
SNORD89	Snord89
GJD3	Gjd3
RNU6-904P	Gm22090
RNU6-915P	Gm23167
RNU6-268P	Gm22766
RNU6-1051P	Gm24796
RNU6-169P	Gm22597
TM9SF3	Tm9sf3
SMG1	Smg1
CERK	Cerk
WDR73	Wdr73
	Gm25820
SPAG4	Spag4
S1PR5	S1pr5
ZBTB34	Zbtb34
DCAF12	Dcaf12
ZNF383	Zfp383
ZNF804A	Zfp804a
SNORD94	Snord94
ATP5F1E	Atp5f1e
KCNS1	Kcns1
DOCK9	Dock9
MAVS	Mavs
ASTN2	Astn2
CHRDL1	Chrdl1
LPL	Lpl
PRSS56	Prss56
MINDY2	Mindy2
CHRNG	Chrng
TPST2	Tpst2
RN7SKP43	Gm54563
RIPOR3	Ripor3
CA2	Car2
CASKIN1	Caskin1
RNU1-93P	Gm25831
SNORA75	Snora75
SNORD20	Gm55462
SNORD82	Snord82
ADAD2	Adad2
CDK5R2	Cdk5r2
MIR375	Mir375
HPRT1	Hprt1
RNU6-647P	Gm23790
TRIQK	Triqk
RNU6-1027P	Gm56057
	Gm56475
	Gm56477
DYTN	Dytn
PDPK1	Pdpk1
POLR1D	Polr1d
CXorf66	Gm7073
CSPG4	Cspg4
ZSWIM4	Zswim4
KDM6A	Kdm6a
RASL11A	Rasl11a
C2orf66	Gm34066
LACC1	Lacc1
ACSS2	Acss2
NUP188	Nup188
VPS39	Vps39
RHBDD3	Rhbdd3
	Gm25200
TMEM160	Tmem160
ZNF146	Zfp146
TEX44	Tex44
DLGAP2	Dlgap2
FOXP3	Foxp3
ATXN1L	Atxn1l
RHOB	Rhob
FAM91A1	Fam91a1
CCDC157	Ccdc157
TERF2	Terf2
BRME1	Brme1
GRK1	Grk1
TAB1	Tab1
KLHL1	Klhl1
MRPL54	Mrpl54
DCUN1D2	Dcun1d2
VEGFD	Vegfd
TMEM204	Tmem204
SBNO2	Sbno2
FER1L5	Fer1l5
NCF4	Ncf4
SH2B1	Sh2b1
ALOX5AP	Alox5ap
NIPAL2	Nipal2
PRR5	Prr5
SFT2D3	Sft2d3
RNU6-395P	Gm56275
IGKV1OR2-108	Igkv20-101-2
RBM44	Rbm44
MTBP	Mtbp
RNU2-9P	Gm24623
FZD7	Fzd7
RNU6-31P	Gm22628
MUCL3	Mucl3
CACNG3	Cacng3
RPL30	Rpl30
STPG3	Stpg3
RNU6-1007P	Gm23645
NAA60	Naa60
IGKC	Igkc
PXT1	Pxt1
PCBP1	Pcbp1
SNAP23	Snap23
RNU6-436P	Gm23856
HOXD12	Hoxd12
DMRT1	Dmrt1
MIR10B	Mir10b
MIR128-1	Mir128-1
SETDB2	Setdb2
GOLGA1	Golga1
NKX3-1	Nkx3-1
DKK4	Dkk4
TNFRSF19	Tnfrsf19
RAB9B	Rab9b
GMIP	Gmip
ATP6V1B2	Atp6v1b2
FGF16	Fgf16
TNMD	Tnmd
MCTS1	Mcts1
DPP7	Dpp7
CENPT	Cenpt
ASPRV1	Asprv1
THOC2	Thoc2
KCNE4	Kcne4
EXOSC8	Exosc8
SAG	Sag
CRB3	Crb3
CEP152	Cep152
SGCZ	Sgcz
SNORD70	Snord70
SNORD70B	Gm26293
SNORD11B	Gm26287
ERLIN2	Erlin2
ACTN4	Actn4
ADRA2B	Adra2b
TCFL5	Tcfl5
THSD7B	Thsd7b
LANCL3	Lancl3
NEIL1	Neil1
USP51	Usp51
JMJD8	Jmjd8
TMEM268	Tmem268
MAGIX	Magix
EVX2	Evx2
ASIC4	Asic4
RIN2	Rin2
LAMP1	Lamp1
LHFPL1	Lhfpl1
PRR30	Prr30
UCN	Ucn
NCBP1	Ncbp1
snoZ196	Gm26457
SNORD51	Gm26457
OXGR1	Oxgr1
RNU1-133P	Gm25721
PRDM13	Prdm13
MIR26B	Mir26b
MYO16	Myo16
RNU6-629P	Gm22443
C6orf120	1600012H06Rik
NELFCD	Nelfcd
CIMIP3	Cimip3
PSPC1	Pspc1
PLEC	Plec
ZDHHC7	Zdhhc7
CCPG1	Ccpg1
MARS2	Mars2
TRIM14	Trim14
GJB2	Gjb2
SORBS1	Sorbs1
C16orf46	1700030J22Rik
RNU6-542P	Gm54874
CUL4A	Cul4a
IL36A	Il36a
IL1F10	Il1f10
CHRNA5	Chrna5
CA9	Car9
GPR176	Gpr176
RNU1-54P	Gm24929
RN7SKP211	Gm54696
ENTREP2	Entrep2
SNORD92	Snord92
SNORD53	Snord53
SNORD53B	Gm22858
LGALS1	Lgals1
CBY2	Cby2
CREBZF	Crebzf
RBM26	Rbm26
USB1	Usb1
RNU6-187P	Gm24097
OPRL1	Oprl1
SLC35E4	Slc35e4
CGNL1	Cgnl1
RFXANK	Rfxank
IARS1	Iars1
ESF1	Esf1
CHD9	Chd9
ESS2	Ess2
RNF228	Gm2102
TDRD3	Tdrd3
PARVG	Parvg
PABPC1L	Pabpc1l
FIGLA	Figla
RNU6-1147P	Gm24491
FSIP1	Fsip1
WASF3	Wasf3
MIR30C2	Mir30c-2
MIR30A	Mir30a
CLUAP1	Cluap1
PPP1R3G	Ppp1r3g
VPS33B	Vps33b
HTRA4	Htra4
TNFSF13B	Tnfsf13b
AARD	Aard
LSR	Lsr
RNU6-1290P	Gm24410
	Gm56182
ITPA	Itpa
MRPS31	Mrps31
PRM2	Prm2
ALLC	Allc
ZFAND1	Zfand1
DERPC	Derpc
RNU6-932P	Gm55971
DCDC2C	Dcdc2c
SHISA2	Shisa2
SOX11	Sox11
H2BC14	H2bc9
LTA	Lta
ZNF821	Zfp821
	Gm55781
	Gm55783
GPR39	Gpr39
RN7SKP103	Gm54849
ZNF830	Zfp830
CPXCR1	Cpxcr1
SUN5	Sun5
EFHC2	Efhc2
RHCG	Rhcg
ASIP	a
ERAS	Eras
C8orf88	Gm11837
NYX	Nyx
TXLNB	Txlnb
PRKD2	Prkd2
TGM6	Tgm6
ALAS2	Alas2
FAM217B	Fam217b
DNAJC5B	Dnajc5b
EPPIN	Eppin
FABP4	Fabp4
POLG	Polg
ARHGAP6	Arhgap6
RBBP8NL	Rbbp8nl
FERMT1	Fermt1
UNCX	Uncx
FLYWCH2	Flywch2
NPBWR1	Npbwr1
FOXQ1	Foxq1
IL36B	Il36b
ST18	St18
PLAUR	Plaur
PCDH19	Pcdh19
DPEP3	Dpep3
RPRM	Rprm
TAF9B	Taf9b
FOXA2	Foxa2
NRSN2	Nrsn2
DRC7	Drc7
PLS3	Pls3
PLPPR3	Plppr3
COL20A1	Col20a1
TMEM247	Tmem247
OTUD6B	Otud6b
MPHOSPH6	Mphosph6
PALM	Palm
CRH	Crh
SPAG1	Spag1
SNORA72	Gm23758
RPL4	Rpl4
POU3F3	Pou3f3
RNU6-32P	Gm24641
LYRM1	Lyrm1
ZGPAT	Zgpat
MIR216A	Mir216a
MIR216B	Mir216b
ZMAT4	Zmat4
SIRT2	Sirt2
CSPP1	Cspp1
DLX4	Dlx4
RNU6-105P	Gm25141
TMEM151B	Tmem151b
LPIN3	Lpin3
NFX1	Nfx1
GLP1R	Glp1r
CLEC16A	Clec16a
CRYBG1	Crybg1
NMS	Nms
C6orf141	9130008F23Rik
PREX1	Prex1
CABS1	Cabs1
RNU6-664P	Gm54984
GPR45	Gpr45
PPP1R14A	Ppp1r14a
	Gm56119
C6orf58	2310057J18Rik
PNMA3	Pnma3
MYADML2	Myadml2
ZNF580	Zfp580
ARHGAP4	Arhgap4
IREB2	Ireb2
FAM110A	Fam110a
TAT	Tat
TMPRSS11D	Tmprss11d
DNAAF3	Dnaaf3
TSPYL1	Tspyl1
SMLR1	Smlr1
RNF39	Rnf39
OVOL2	Ovol2
PSMB8	Psmb8
RSPO4	Rspo4
RNU6-1267P	Gm55850
RNU6-990P	Gm24126
PSMG4	Psmg4
TBC1D20	Tbc1d20
CHTF18	Chtf18
SLC35D2	Slc35d2
DSC3	Dsc3
MROH6	Mroh6
EPB42	Epb42
RFX2	Rfx2
VGLL2	Vgll2
SNRPD1	Snrpd1
MAPK12	Mapk12
H2BC11	H2bc21
HTR2C	Htr2c
PGK2	Pgk2
KLHL14	Klhl14
LRP12	Lrp12
GZF1	Gzf1
CDH7	Cdh7
CDAN1	Cdan1
SLCO5A1	Slco5a1
SERINC3	Serinc3
SMARCA1	Smarca1
YES1	Yes1
ZMYND19	Zmynd19
MTFR1	Mtfr1
PRSS22	Prss22
RHOV	Rhov
ANKRD34C	Ankrd34c
RORA	Rora
ZNF414	Zfp414
MAPRE2	Mapre2
CSTF1	Cstf1
NFATC3	Nfatc3
RPL18A	Rpl18a
TLR4	Tlr4
SLC51B	Slc51b
ST8SIA3	St8sia3
SEC11A	Sec11a
PTCH1	Ptch1
ZBTB14	Zbtb14
PLAG1	Plag1
RRBP1	Rrbp1
NR1D1	Nr1d1
SLC5A4	Slc5a4a
ATP6V1C1	Atp6v1c1
ZNF236	Zfp236
PPM1E	Ppm1e
MPST	Mpst
SPACA6	Spaca6
SLC25A37	Slc25a37
HMG20A	Hmg20a
CNDP2	Cndp2
PYCR1	Pycr1
ZSCAN18	Zscan18
RNF139	Rnf139
EGR3	Egr3
SLA2	Sla2
SPTLC3	Sptlc3
DEXI	Dexi
EGFL6	Egfl6
SDCBP	Sdcbp
KDM4C	Kdm4c
ANKS4B	Anks4b
GHRH	Ghrh
PCYT1B	Pcyt1b
CELF6	Celf6
CDC42EP5	Cdc42ep5
JAG1	Jag1
ZNF473	Zfp473
	6330403K07Rik
RPL36A	Rpl36al
ABR	Abr
VAV1	Vav1
SPINT1	Spint1
BTN2A2	Btn2a2
POLR2F	Polr2f
EDC4	Edc4
RBCK1	Rbck1
PRAF2	Praf2
RXRA	Rxra
FKBP15	Fkbp15
WDR45	Wdr45
IL11	Il11
TRMU	Trmu
IL7	Il7
NWD1	Nwd1
COPRS	Coprs
MYLIP	Mylip
GANC	Ganc
SRSF12	Srsf12
SLC2A9	Slc2a9
NFIC	Nfic
APOBEC1	Apobec1
SS18L1	Ss18l1
ORAI1	Orai1
TMOD1	Tmod1
USP3	Usp3
CFAP418	Cfap418
ERICH1	Erich1
PSMA7	Psma7
SETD7	Setd7
NUDT7	Nudt7
KISS1R	Kiss1r
CDH22	Cdh22
ZBTB7A	Zbtb7a
TDRP	Tdrp
RAB33B	Rab33b
MYLK2	Mylk2
ACADVL	Acadvl
ARSJ	Arsj
CER1	Cer1
MAF1	Maf1
PPP6C	Ppp6c
ELOVL6	Elovl6
ELP2	Elp2
MIR1251	Mir1251
MIR135A2	Mir135a-2
ITCH	Itch
RARS2	Rars2
KCTD15	Kctd15
SLC71A2	Mfsd14b
TSPO	Tspo
NOP10	Nop10
THSD4	Thsd4
PRR14	Prr14
GAK	Gak
DNAJC17	Dnajc17
EID2B	Eid2b
LARGE1	Large1
DEPTOR	Deptor
ZNF213	Zfp213
HNF4G	Hnf4g
VPS16	Vps16
PPP1R3B	Ppp1r3b
SRL	Srl
SEMA4B	Sema4b
EGFL7	Egfl7
UBD	Ubd
ADAM32	Adam32
VWA7	Vwa7
TLCD3B	Tlcd3b
THOC6	Thoc6
KLHL22	Klhl22
DEDD2	Dedd2
SENP6	Senp6
IGFLR1	Igflr1
CCDC188	Ccdc188
IMPA1	Impa1
SMDT1	Smdt1
PEAK1	Peak1
DACT3	Dact3
LRRC10	Lrrc10
ABAT	Abat
MRPL46	Mrpl46
BID	Bid
CBLIF	Cblif
PPDPF	Ppdpf
ADAMTSL3	Adamtsl3
CBLN4	Cbln4
EBF4	Ebf4
SFRP1	Sfrp1
SYMPK	Sympk
EPB41L1	Epb41l1
RNU1-149P	Gm23435
EIF4ENIF1	Eif4enif1
MGRN1	Mgrn1
ADAM10	Adam10
CENPV	Cenpv
GNB3	Gnb3
KRT16	Krt16
MYL4	Myl4
TCF19	Tcf19
ZSCAN29	Zscan29
RNU1-104P	Gm23240
VAV2	Vav2
ATP10A	Atp10a
ASCC3	Ascc3
FGFR1	Fgfr1
TAS2R42	Tas2r131
CASTOR1	Castor1
PPARGC1A	Ppargc1a
NDUFAF8	Ndufaf8
MIR671	Mir671
MRPS11	Mrps11
NXPH3	Nxph3
C1QBP	C1qbp
MIP	Mip
ACSM5	Acsm5
CFAP54	Cfap54
RN7SKP192	Gm54832
OR10V1	Or10v1
EWSR1	Ewsr1
RPL19	Rpl19
AVIL	Avil
SIRT6	Sirt6
SVOP	Svop
MAEA	Maea
ATOSA	Atosa
ASF1A	Asf1a
PNISR	Pnisr
SH3GLB2	Sh3glb2
UFSP1	Ufsp1
PHLPP2	Phlpp2
GTSF1	Gtsf1
LAMA3	Lama3
MIR139	Mir139
CAPZA3	Capza3
CLEC9A	Clec9a
KAT2A	Kat2a
SNORD5	Gm24299
SNORA18	Gm24455
ATG5	Atg5
TANGO6	Tango6
OR2D3	Or2d36
UBTFL1	Ubtfl1
LAGE3	Lage3
CYBB	Cybb
PTGIS	Ptgis
ZNF330	Zfp330
TPM1	Tpm1
OR52W1	Or52w1
TMEM164	Tmem164
DACH2	Dach2
SLCO4A1	Slco4a1
NFKBID	Nfkbid
CDKL5	Cdkl5
ZNF570	Zfp39
ZP1	Zp1
ASS1	Ass1
APOLD1	Apold1
KCNA5	Kcna5
CELA1	Cela1
UNC119	Unc119
TLR2	Tlr2
EBP	Ebp
PHLPP1	Phlpp1
RAE1	Rae1
SPATA32	Spata32
OCEL1	Ocel1
OTUD4	Otud4
MAPK4	Mapk4
BGN	Bgn
VPS52	Vps52
CASP12	Casp12
TMX3	Tmx3
PPHLN1	Pphln1
H2AX	H2ax
PMEPA1	Pmepa1
MAGED1	Maged1
	Gm56384
TOMM34	Tomm34
CENPC	Cenpc1
DRD4	Drd4
YJU2B	Yju2b
SMAD2	Smad2
QSER1	Qser1
NRIP3	Nrip3
OR5M8	Or5m8
RRAS2	Rras2
RBBP9	Rbbp9
KCNK6	Kcnk6
EIF2S2	Eif2s2
CFL1	Cfl1
DMP1	Dmp1
GTF3C6	Gtf3c6
HSPB6	Hspb6
EGF	Egf
BYSL	Bysl
TLE1	Tle1
TRBV2	Trbv3
TRBV3-1	Trbv4
TMEM30A	Tmem30a
RBL1	Rbl1
VRK3	Vrk3
TRAPPC9	Trappc9
LDHA	Ldha
CMTR2	Cmtr2
NTHL1	Nthl1
ELMO2	Elmo2
HPF1	Hpf1
AHI1	Ahi1
PITX2	Pitx2
ANKRD29	Ankrd29
GINS4	Gins4
SPATA4	Spata4
FHIP2B	Fhip2b
CYLD	Cyld
RAPGEF2	Rapgef2
CBLN2	Cbln2
DHH	Dhh
RAB31	Rab31
METTL25	Mettl25
DNAAF4	Dnaaf4
LGI3	Lgi3
PDGFC	Pdgfc
STIP1	Stip1
NR2F2	Nr2f2
BCL2L14	Bcl2l14
FABP12	Fabp12
WHAMM	Whamm
MEX3C	Mex3c
MBOAT4	Mboat4
RTTN	Rttn
SCARA5	Scara5
MAP7D3	Map7d3
BSG	Bsg
CIB1	Cib1
DGAT1	Dgat1
CACNA1G	Cacna1g
PRR14L	Prr14l
GFI1B	Gfi1b
G3BP2	G3bp2
B2M	B2m
ALX1	Alx1
BIK	Bik
CD274	Cd274
PFDN4	Pfdn4
DDX51	Ddx51
PIGB	Pigb
ZBED4	Zbed4
DUS3L	Dus3l
FAM3A	Fam3a
KIAA1671	2900026A02Rik
CADM1	Cadm1
DDX27	Ddx27
JAK2	Jak2
NOBOX	Nobox
FBXO15	Fbxo15
SNAP29	Snap29
LYPD2	Lypd2
CLIC1	Clic1
FECH	Fech
CPEB1	Cpeb1
NHLRC2	Nhlrc2
EBAG9	Ebag9
ZNF280B	Zfp280b
RTN3	Rtn3
ISYNA1	Isyna1
MMP11	Mmp11
MIR339	Mir339
GLRX3	Glrx3
PRPS1L1	Prps1l1
NRN1L	Nrn1l
ZNF212	Zfp212
NR1H4	Nr1h4
CARD10	Card10
AVEN	Aven
THOC1	Thoc1
GALNT17	Galnt17
RPUSD2	Rpusd2
ASB10	Asb10
TBL3	Tbl3
GPC3	Gpc3
CALB1	Calb1
NPY5R	Npy5r
XPA	Xpa
BTBD1	Btbd1
OR2A2	Or2a52
ZSCAN26	Zscan26
TMEM225	Tmem225
NDNF	Ndnf
C11orf24	1810055G02Rik
LACTB2	Lactb2
TEF	Tef
KCNK16	Kcnk16
C19orf85	Gm36210
PGCKA1	Pgcka1
SPOUT1	Spout1
MAPK8IP2	Mapk8ip2
PANK2	Pank2
RNASEH2C	Rnaseh2c
CHST9	Chst9
CYP4V2	Cyp4v3
ITGB1	Itgb1
PPP1R16B	Ppp1r16b
KCNA4	Kcna4
DSG4	Dsg4
TARS3	Tars3
ACY3	Acy3
TATDN1	Tatdn1
MEP1B	Mep1b
ZNF335	Zfp335
TAF6	Taf6
DUSP18	Dusp18
DDX39B	Ddx39b
ZNF280C	Zfp280c
PARD6G	Pard6g
RPS19BP1	Rps19bp1
SIGLEC15	Siglec15
SSH3	Ssh3
CDH20	Cdh20
HIC2	Hic2
L3MBTL2	L3mbtl2
TIMM21	Timm21
PRMT1	Prmt1
TPD52L2	Tpd52l2
PHF2	Phf2
EPM2AIP1	Epm2aip1
ZCCHC2	Zcchc2
CCNQ	Ccnq
LRRK2	Lrrk2
ACSL1	Acsl1
OIT3	Oit3
FCN1	Fcnb
HSDL1	Hsdl1
AIFM1	Aifm1
TMEM87A	Tmem87a
KCNG2	Kcng2
SEC11C	Sec11c
IL18BP	Il18bp
RGP1	Rgp1
PDIA2	Pdia2
PFKP	Pfkp
ZNF740	Zfp740
XRCC6	Xrcc6
CTIF	Ctif
CCL19	Ccl19
SRRM2	Srrm2
MED13L	Med13l
ABTB2	Abtb2
PTBP3	Ptbp3
CASS4	Cass4
TP53TG5	Trp53tg5
POP1	Pop1
DUSP15	Dusp15
MED17	Med17
IGFALS	Igfals
CALML4	Calml4
OR9A2	Or9a2
SIX5	Six5
FZD1	Fzd1
STMN3	Stmn3
GARIN1B	Garin1b
DNASE2	Dnase2a
SEMA7A	Sema7a
ANKRD11	Ankrd11
PLCB1	Plcb1
C2CD4C	C2cd4c
PINLYP	Pinlyp
CNPY4	Cnpy4
TRAM1	Tram1
DLL4	Dll4
SLC39A3	Slc39a3
MED27	Med27
FERRY3	D6Wsu163e
RPS27L	Rps27l
PSMC2	Psmc2
WTIP	Wtip
FHOD3	Fhod3
CIAO2A	Ciao2a
WNT2	Wnt2
MAP3K11	Map3k11
NFIX	Nfix
MCM10	Mcm10
EXD1	Exd1
SPAG8	Spag8
FBXL18	Fbxl18
TMEM70	Tmem70
MGA	Mga
CCR6	Ccr6
BPI	Bpi
RINT1	Rint1
SASH1	Sash1
IQANK1	Iqank1
OPRK1	Oprk1
AR	Ar
PTPRB	Ptprb
KCNQ3	Kcnq3
OPCML	Opcml
PTK6	Ptk6
SNUPN	Snupn
SEC61B	Sec61b
PAK5	Pak5
SSNA1	Ssna1
ME1	Me1
CRISPLD1	Crispld1
SPIRE2	Spire2
C9orf43	4933430I17Rik
MATN4	Matn4
P2RY2	P2ry2
PRPF31	Prpf31
LAMTOR1	Lamtor1
SMO	Smo
PCSK5	Pcsk5
FGF8	Fgf8
MMP9	Mmp9
INTS6L	Ints6l
RNF24	Rnf24
MBL2	Mbl2
TSC22D4	Tsc22d4
BICC1	Bicc1
MVP	Mvp
POLD4	Pold4
LY96	Ly96
C1GALT1C1	C1galt1c1
EIF4H	Eif4h
CETN2	Cetn2
ASXL1	Asxl1
SV2B	Sv2b
KIRREL3	Kirrel3
STN1	Stn1
SHARPIN	Sharpin
EHMT2	Ehmt2
LGALS12	Lgals12
	AI854703
NRG4	Nrg4
LDLRAD4	Ldlrad4
	Gm56450
KCNK15	Kcnk15
HAO1	Hao1
KIF27	Kif27
DGAT2	Dgat2
PEX2	Pex2
JPH2	Jph2
RSPRY1	Rspry1
MBOAT7	Mboat7
CD40LG	Cd40lg
HDAC9	Hdac9
PRRX2	Prrx2
RAB11FIP1	Rab11fip1
TAF4B	Taf4b
M6PR	M6pr
PIN4	Pin4
ANKEF1	Ankef1
DOLPP1	Dolpp1
FBH1	Fbh1
ASB12	Asb12
ACTN3	Actn3
PDHA1	Pdha1
MROH8	Mroh8
CDH26	Cdh26
WDR5B	Wdr5b
SLC7A13	Slc7a13
LRRC14	Lrrc14
NEFH	Nefh
SLC7A4	Slc7a4
CNBD2	Cnbd2
RDH5	Rdh5
RPL3	Rpl3
INSL6	Insl6
MSR1	Msr1
JOSD2	Josd2
PPP4R1	Ppp4r1
ZDHHC1	Zdhhc1
TMEM8B	Tmem8b
C12orf56	D930020B18Rik
KCNK4	Kcnk4
TCEAL7	Tceal7
DUSP9	Dusp9
ATP1A3	Atp1a3
SH2B3	Sh2b3
LRRC26	Lrrc26
WNK3	Wnk3
ZFPM2	Zfpm2
SLC25A25	Slc25a25
DUSP8	Dusp8
TSPAN3	Tspan3
CWC15	Cwc15
TEAD4	Tead4
PPP3CC	Ppp3cc
BFSP2	Bfsp2
NR4A3	Nr4a3
ACSBG1	Acsbg1
KLHL35	Klhl35
BRWD3	Brwd3
SMPD1	Smpd1
POMT1	Pomt1
SASH3	Sash3
MAP1A	Map1a
FAM174B	Fam174b
CLDN11	Cldn11
ANKRD49	Ankrd49
TXLNG	Txlng
CRYBG3	Crybg3
IQGAP1	Iqgap1
TRDC	Trdc
ZDHHC19	Zdhhc19
TMBIM6	Tmbim6
CCDC9	Ccdc9
NAALAD2	Naalad2
TRDV3	Trdv5
UVSSA	Uvssa
NAALADL2	Naaladl2
IGFBP1	Igfbp1
SIX6	Six6
MACROD2	Macrod2
GPHB5	Gphb5
TMEM74B	Tmem74b
CLEC14A	Clec14a
MPV17L2	Mpv17l2
ETV1	Etv1
PTPRA	Ptpra
SLC25A42	Slc25a42
TRAPPC11	Trappc11
FXYD2	Fxyd2
MYO5B	Myo5b
SEC61A1	Sec61a1
ELOVL5	Elovl5
RPL10L	Rpl10l
PNPLA5	Pnpla5
RNU2-33P	Gm22970
IL12RB1	Il12rb1
THOC5	Thoc5
ONECUT1	Onecut1
CIBAR2	Cibar2
RASGRF1	Rasgrf1
PSMB11	Psmb11
FBXO31	Fbxo31
CD6	Cd6
MSL2	Msl2
SNRPC	Snrpc
PAF1	Paf1
OR11H6	Or11h6
CDH5	Cdh5
AMOTL2	Amotl2
TFB1M	Tfb1m
PPIF	Ppif
ZBTB7C	Zbtb7c
OR6S1	Or6s1
MCM7	Mcm7
RNASE13	Rnase13
OR5AU1	Or5au1
GDF10	Gdf10
TBC1D2B	Tbc1d2b
SNORA28	Snora28
RNU4-22P	Gm55605
CDKN2AIP	Cdkn2aip
RFPL4B	Rfpl4b
NDP	Ndp
RNU6-597P	Gm25652
MIR770	Mir770
MIR337	Mir337
PABPC5	Pabpc5
MIR665	Mir665
MIR431	Mir431
MIR433	Mir433
MIR127	Mir127
MIR370	Mir370
SNORD113-2	Gm24564
SNORD113-4	Gm55109
SNORD113-9	Gm55110
ARHGAP36	Arhgap36
COL14A1	Col14a1
SNORD114-14	Gm23787
SHB	Shb
SNORD114-30	Gm25224
LIAS	Lias
L3MBTL3	L3mbtl3
MIR299	Mir299a
PLEKHA4	Plekha4
MIR323A	Mir323
MIR494	Mir494
MIR381	Mir381
RPRD1A	Rprd1a
MIR544A	Gm54710
MIR382	Mir382
MIR134	Mir134
MIR668	Mir668
MIR154	Mir154
COQ9	Coq9
MIR496	Mir496a
MIR377	Mir377
MIR541	Mir541
MIR412	Mir412
MIR410	Mir410
KLHL6	Klhl6
ZNF182	Zfp182
KLHL15	Klhl15
PIM2	Pim2
TMUB1	Tmub1
SARDH	Sardh
NCAM1	Ncam1
MAOA	Maoa
ABHD2	Abhd2
SLC14A1	Slc14a1
RBAK	Rbak
SNORD8	Snord8
TRAV4	Trav2
RTL1	Peg10
SRI	Sri
PTH1R	Pth1r
NKX2-8	Nkx2-9
NAGPA	Nagpa
NRAP	Nrap
CIMAP1B	Cimap1b
MARCHF1	Marchf1
CHERP	Cherp
GPR143	Gpr143
GDPD4	Gdpd4
RNU6-921P	Gm23013
NDST4	Ndst4
RPGRIP1	Rpgrip1
LAMA1	Lama1
ATF7IP	Atf7ip
KLHL4	Klhl4
EIF1AD	Eif1ad
ATP6V1E1	Atp6v1e1
ZDHHC2	Zdhhc2
ARHGAP10	Arhgap10
PRKX	Prkx
SCG5	Scg5
ASB4	Asb4
KCTD5	Kctd5
ZNF316	Zfp316
BCO1	Bco1
TRIM21	Trim21
INSM2	Insm2
FZD6	Fzd6
FITM1	Fitm1
OR4K2	Or4k2
TXNL4B	Txnl4b
RIC3	Ric3
INPP5J	Inpp5j
	Gm54781
LOXHD1	Loxhd1
OR4N5	Or4n5
OR4E2	Or4e2
AGPAT5	Agpat5
MLXIPL	Mlxipl
CDH8	Cdh8
LMTK3	Lmtk3
OR11G2	Or11g1
IKBKG	Ikbkg
MAP2K5	Map2k5
CCND1	Ccnd1
MVK	Mvk
TRAV27	Trav18
TRAV29DV5	Trav19
TRAV34	Trdv1
KBTBD11	Kbtbd11
TRAV39	Trav23
NDUFC2	Ndufc2
ADCK5	Adck5
SLC7A6OS	Slc7a6os
FXYD7	Fxyd7
IGHM	Ighm
RMC1	Rmc1
PABPN1L	Pabpn1l
TAGLN	Tagln
TM6SF2	Tm6sf2
ZNF462	Zfp462
COL8A1	Col8a1
HSPA2	Hspa2
OGN	Ogn
KIT	Kit
MLST8	Mlst8
ZNF667	Zfp667
TGM3	Tgm3
IGHE	Ighe
BIRC7	Birc7
TIMM17B	Timm17b
IRF2BPL	Irf2bpl
GPX2	Gpx2
SLC9A8	Slc9a8
BAG6	Bag6
GPR135	Gpr135
VSX2	Vsx2
STXBP1	Stxbp1
RNU6-539P	Gm22543
OXNAD1	Oxnad1
SPEF1	Spef1
NARS1	Nars1
RNASEH2A	Rnaseh2a
ACOT6	Acot6
CCN5	Ccn5
NMU	Nmu
RNU6-240P	Gm23059
PNMA1	Pnma1
ZFP41	Zfp41
NOXRED1	Noxred1
ZC4H2	Zc4h2
RNU6-790P	Gm22557
RP1	Rp1
STK11	Stk11
TBPL2	Tbpl2
IGF2	Igf2
MIR208A	Mir208a
MIR208B	Mir208b
SNORD127	Gm25970
RNASE10	Rnase10
RNASE12	Rnase12
RD3L	Rd3l
MIR203B	Mir203
GFUS	Gfus
RNU6-419P	Gm56216
COX6A1	Cox6a1
GPKOW	Gpkow
BANF2	Banf2
RN7SL1	Rn7s1
IKZF4	Ikzf4
PTOV1	Ptov1
FRAS1	Fras1
ZFP64	Zfp64
RNU6-398P	Gm25810
TMEM30B	Tmem30b
RNU6-835P	Gm22089
UNC45A	Unc45a
CALD1	Cald1
MIR342	Mir342
MIR345	Mir345
PLBD2	Plbd2
SERPINA2	Serpina1f
GAL3ST1	Gal3st1
TSHZ1	Tshz1
OR4K5	Or4k5
	Gm49394
IL25	Il25
GNAL	Gnal
ZFP82	Zfp82
CATSPERB	Catsperb
LRRC2	Lrrc2
RALGAPA2	Ralgapa2
TIRAP	Tirap
PIAS4	Pias4
XKR6	Xkr6
DIO3	Dio3
COMMD5	Commd5
MAP7D2	Map7d2
SNCA	Snca
PDGFD	Pdgfd
OR4Q3	Or4q3
SLA	Sla
TOP1	Top1
ASPDH	Aspdh
FAM168A	Fam168a
CCDC134	Ccdc134
RARB	Rarb
MAPK11	Mapk11
GPR33	Gpr33
NDUFA11	Ndufa11
DSN1	Dsn1
FSCB	Fscb
RPL6	Rpl6
C18orf32	BC031181
ZBTB44	Zbtb44
MECP2	Mecp2
KLF10	Klf10
TTLL1	Ttll1
EPN1	Epn1
SLC66A2	Slc66a2
ATP6V0D2	Atp6v0d2
NR0B1	Nr0b1
RBMX2	Rbmx2
BATF2	Batf2
DUOX1	Duox1
CCDC107	Ccdc107
MUC20	Muc20
CCDC86	Ccdc86
STAP1	Stap1
CCDC160	Ccdc160
NDRG1	Ndrg1
TMEM138	Tmem138
HDAC8	Hdac8
FGF5	Fgf5
UBA5	Uba5
DDX60	Ddx60
GPRC5B	Gprc5b
CNTFR	Cntfr
P2RY14	P2ry14
ANGPT4	Angpt4
NFATC2	Nfatc2
SUN2	Sun2
TXNDC2	Txndc2
GAREM1	Garem1
DEF8	Def8
CWH43	Cwh43
AKAIN1	Akain1
PTPRM	Ptprm
NKTR	Nktr
SLC25A22	Slc25a22
NECAB3	Necab3
LRRC28	Lrrc28
SURF1	Surf1
RMP24	2700062C07Rik
BBS12	Bbs12
RAPGEFL1	Rapgefl1
PARM1	Parm1
PIEZO2	Piezo2
PTGES2	Ptges2
BDH2	Bdh2
MYL7	Myl7
UBOX5	Ubox5
LAPTM4B	Laptm4b
RAC3	Rac3
OSER1	Oser1
GLTP	Gltp
RPL38	Rpl38
POLB	Polb
PEPD	Pepd
PLAGL2	Plagl2
PET117	Pet117
VSIG4	Vsig4
PYGB	Pygb
HAUS1	Haus1
CARD9	Card9
CD96	Cd96
UGT2A3	Ugt2a3
NICOL1	Nicol1
TRAPPC2L	Trappc2l
CAPN3	Capn3
RC3H2	Rc3h2
APBB2	Apbb2
DCTN6	Dctn6
NUP107	Nup107
OTUD5	Otud5
NEURL1	Neurl1a
SYT7	Syt7
PRLHR	Prlhr
TP53	Trp53
PRKCI	Prkci
TUG1	Tug1
ASCC1	Ascc1
ITFG1	Itfg1
GCAT	Gcat
VAPA	Vapa
UQCR11	Uqcr11
PLTP	Pltp
RP2	Rp2
TSC22D3	Tsc22d3
TMEM238	Tmem238
ZBTB5	Zbtb5
C5AR2	C5ar2
HBP1	Hbp1
COL5A3	Col5a3
SMAD7	Smad7
IDNK	Idnk
ELOVL2	Elovl2
GRAP2	Grap2
TMEM200C	Tmem200c
MALT1	Malt1
RPS3	Rps3
GRIPAP1	Gripap1
ALDH18A1	Aldh18a1
CCK	Cck
LMBRD1	Lmbrd1
SMC1B	Smc1b
NPAS1	Npas1
PPAT	Ppat
CLTA	Clta
RBM38	Rbm38
DNAL4	Dnal4
CNBP	Cnbp
SLC23A2	Slc23a2
MXD4	Mxd4
SAMM50	Samm50
ASPH	Asph
CDH1	Cdh1
UBE2R2	Ube2r2
CHMP2A	Chmp2a
NOL6	Nol6
CCDC3	Ccdc3
TAPT1	Tapt1
AZGP1	Azgp1
TTR	Ttr
TERB2	Terb2
CIMIP2B	Cimip2b
RERGL	Rergl
CTXN2	Ctxn2
TEX52	Tex52
RAB14	Rab14
GABRA5	Gabra5
PLCXD2	Plcxd2
CABLES2	Cables2
IL17C	Il17c
MRO	Mro
A4GALT	A4galt
GOPC	Gopc
RASSF2	Rassf2
TIMMDC1	Timmdc1
ATP8B3	Atp8b3
DHX38	Dhx38
EGFR	Egfr
OTOP2	Otop2
PDE8A	Pde8a
SCARF2	Scarf2
WASHC4	Washc4
NFKB1	Nfkb1
ZNF287	Zfp287
TBC1D2	Tbc1d2
PSTPIP2	Pstpip2
TMEM239	Tmem239
RTF2	Rtf2
LPAR2	Lpar2
BRPF3	Brpf3
ADD3	Add3
RPL35A	Rpl35a
TXNRD2	Txnrd2
MPPE1	Mppe1
TRPT1	Trpt1
GNA14	Gna14
FBXO10	Fbxo10
SPMIP10	Spmip10
DDX19B	Ddx19b
TRIM32	Trim32
IL9	Il9
DLL1	Dll1
STOM	Stom
MATK	Matk
SDCBP2	Sdcbp2
RIOX2	Riox2
HTT	Htt
LRFN4	Lrfn4
GPR21	Gpr21
MINAR2	Minar2
DRAP1	Drap1
PRSS37	Prss37
MGME1	Mgme1
ZER1	Zer1
RAB8B	Rab8b
SYN3	Syn3
EFCAB9	Efcab9
ENDOU	Endou
KCNJ4	Kcnj4
TECTA	Tecta
TUBA8	Tuba8
STAT3	Stat3
AMDHD1	Amdhd1
BUD23	Bud23
HSPBAP1	Hspbap1
GRM5	Grm5
IL3	Il3
NDRG3	Ndrg3
PEX26	Pex26
NDUFAF4	Ndufaf4
PRSS12	Prss12
FTMT	Ftmt
RND1	Rnd1
WNT7A	Wnt7a
MATCAP1	Matcap1
GPRASP2	Gprasp2
ALDH3B1	Aldh3b1
TTLL12	Ttll12
MBOAT1	Mboat1
DNAJC14	Dnajc14
HDDC3	Hddc3
KIF4B	Kif4-ps
SOWAHA	Sowaha
GCSAM	Gcsam
EDNRA	Ednra
NRM	Nrm
ELK1	Elk1
TMEM174	Tmem174
ARL2BP	Arl2bp
ALDH1A3	Aldh1a3
RNU1-76P	Gm23850
SNORD123	Snord123
RNU6-679P	Gm25147
RNU6-660P	Gm55032
ACRBP	Acrbp
RNU6-1079P	Gm22208
RNU6-358P	Gm55959
RNU6-909P	Gm25565
SNORA63	Gm55296
SHFL	Shfl
RNU6-299P	Gm26017
RN7SKP62	Gm56467
RN7SKP68	Gm55407
RNU6-47P	Gm24928
RN7SKP57	Gm54435
SNORA13	Gm54625
GDA	Gda
RNU6-718P	Gm23970
RNU6-290P	Gm24164
BST1	Bst1
PRSS16	Prss16
MIR378A	Mir378a
ZC3H12B	Zc3h12b
RNU6-260P	Gm55172
RN7SKP60	Gm55440
RNU2-48P	Gm25259
RNU1-17P	Gm23735
MIR340	Mir340
PFN3	Pfn3
SERPIND1	Serpind1
TSNAXIP1	Tsnaxip1
RLBP1	Rlbp1
ZNF605	Zfp605
PIGA	Piga
RIBC2	Ribc2
TSGA13	Tsga13
SNORA74D	Gm55013
SNORA74A	Snora74a
RN7SKP64	Gm54555
PROB1	Prob1
HTR1A	Htr1a
SETD5	Setd5
SAXO2	Saxo2
ATF4	Atf4
KCND2	Kcnd2
CDC37L1	Cdc37l1
TRPC7	Trpc7
MRPS10	Mrps10
TNFAIP8L3	Tnfaip8l3
CALCR	Calcr
WAS	Was
CIDEA	Cidea
SMAD6	Smad6
SHISAL1	Shisal1
UBE2J1	Ube2j1
RNF150	Rnf150
ATXN10	Atxn10
FBP2	Fbp2
HIP1R	Hip1r
IER3IP1	Ier3ip1
CILP	Cilp
SERPINB7	Serpinb7
PGPEP1	Pgpep1
MTAP	Mtap
MMUT	Mmut
ABHD17C	Abhd17c
BMP2	Bmp2
PLEKHO2	Plekho2
GPR174	Gpr174
RBM39	Rbm39
MCF2	Mcf2
NKG7	Nkg7
DND1	Dnd1
RNF138	Rnf138
MANBA	Manba
PCDHB1	Pcdhb1
LMAN1L	Lman1l
ARHGAP1	Arhgap1
IGIP	Igip
HUS1	Hus1
RNU6-661P	Gm26402
TNFRSF11A	Tnfrsf11a
SNORD63	Gm26109
FOXD1	Foxd1
RNU6-1311P	Gm25609
SBK2	Sbk2
TBC1D10B	Tbc1d10b
ADRB2	Adrb2
RAB3A	Rab3a
SLC25A17	Slc25a17
UBE3D	Ube3d
RN7SKP70	Gm55882
RBFA	Rbfa
SNRPA	Snrpa
RNU6-556P	Gm55609
CRPPA	Crppa
MYLK3	Mylk3
RNU6-724P	Gm26180
BTG1	Btg1
FGD3	Fgd3
ROCK1	Rock1
OFD1	Ofd1
TAS2R1	Tas2r119
TRIM68	Trim68
ARHGAP11A	Arhgap11a
SLC9C1	Slc9c1
DNAH5	Dnah5
COL19A1	Col19a1
UPF1	Upf1
CRELD2	Creld2
USP2	Usp2
KIF22	Kif22
KRABD3	Krba1
PDHB	Pdhb
GREB1L	Greb1l
VEZT	Vezt
BIRC2	Birc2
GPR151	Gpr151
RNF146	Rnf146
TLN2	Tln2
SNORD96A	Snord96a
IL13	Il13
JADE1	Jade1
SKA1	Ska1
LVRN	Lvrn
CRYAB	Cryab
MYOM1	Myom1
PMPCA	Pmpca
MAOB	Maob
ZFP14	Zfp14
TCERG1L	Tcerg1l
RNU6-183P	Gm24204
PCDHB3	Pcdhb3
PCDHB6	Pcdhb13
PCDHB7	Pcdhb15
PCDHB16	Pcdhb17
DBNDD1	Dbndd1
ENTPD1	Entpd1
HSP90AB1	Hsp90ab1
MYL3	Myl3
PCDHB13	Pcdhb16
CNOT4	Cnot4
PCDHB15	Pcdhb22
TAF7	Taf7
HACL2	Ilvbl
SLC25A2	Slc25a2
CWF19L2	Cwf19l2
RNU6-1148P	Gm24393
SPSB3	Spsb3
FSD2	Fsd2
SPINK14	Spink14
SNORD72	Snord72
GARIN3	Garin3
SEH1L	Seh1l
TMEM184A	Tmem184a
PROP1	Prop1
PHKA1	Phka1
MTG1	Mtg1
SNORA47	Snora47
OTP	Otp
FAM81B	Fam81b
GALK2	Galk2
P2RX6	P2rx6
CATSPER3	Catsper3
NEUROG1	Neurog1
AQP4	Aqp4
CALU	Calu
GRM6	Grm6
SCAF11	Scaf11
AP1G1	Ap1g1
EFCC1	Efcc1
POU5F2	Pou5f2
BCCIP	Bccip
RNU1-39P	Gm24624
OGT	Ogt
PSMG2	Psmg2
EIF4E3	Eif4e3
TUBB4B	Tubb4b
SLC6A19	Slc6a19
INPP4B	Inpp4b
SLC6A18	Slc6a18
TOR1B	Tor1b
ZNF592	Zfp592
PDXP	Pdxp
RNH1	Rnh1
DMC1	Dmc1
MYO1F	Myo1f
GAP43	Gap43
ATF7	Atf7
KNL1	Knl1
SMPX	Smpx
ESCO1	Esco1
CTC1	Ctc1
CNNM1	Cnnm1
GRIN1	Grin1
OCRL	Ocrl
NPY1R	Npy1r
KPNA4	Kpna4
SCRN1	Scrn1
PGPEP1L	Pgpep1l
KLC4	Klc4
CFAP70	Cfap70
SULT1E1	Sult1e1
TSSK1B	Tssk1
RNU6-402P	Gm24797
AEN	Aen
MIR9-2	Mir9-2
SLC16A9	Slc16a9
MIR874	Mir874
MIR218-2	Mir218-2
STARD5	Stard5
PRMT8	Prmt8
MIR143	Mir143
MIR145	Mir145a
KDELR3	Kdelr3
ARMCX3	Armcx3
GAS2L1	Gas2l1
FBLL1	Fbll1
MIR103A1	Mir103-1
MIR582	Mir582
SIRT1	Sirt1
RNU6-806P	Gm24263
MAP9	Map9
NUB1	Nub1
SMIM32	Smim32
CDIN1	Cdin1
SLC25A14	Slc25a14
PGM5	Pgm5
MARCHF2	Marchf2
ABCC9	Abcc9
NUPR1	Nupr1
MIEF1	Mief1
FUT7	Fut7
RPL3L	Rpl3l
TGIF2	Tgif2
FIBCD1	Fibcd1
BMI1	Bmi1
MYO18B	Myo18b
CLTC	Cltc
LIPC	Lipc
IZUMO3	Izumo3
SRMS	Srms
ZNF217	Zfp217
RADX	Radx
MANBAL	Manbal
RFX1	Rfx1
PCDH12	Pcdh12
HNRNPA0	Hnrnpa0
RNU6-484P	Gm26359
FCSK	Fcsk
ADGRF4	Adgrf4
RNU6-1003P	Gm23032
GATA5	Gata5
MIA	Mia
SCARNA18	Gm24507
TPRA1	Tpra1
CDK5RAP2	Cdk5rap2
ACO2	Aco2
GRID1	Grid1
CRLS1	Crls1
PRRG1	Prrg1
CLIC5	Clic5
CD37	Cd37
FAT2	Fat2
GTPBP4	Gtpbp4
PCLAF	Pclaf
RBM3	Rbm3
ACTBL2	Actbl2
IL20RA	Il20ra
JAK3	Jak3
PGAM5	Pgam5
PIWIL4	Piwil4
KCNB1	Kcnb1
PSTPIP1	Pstpip1
PALB2	Palb2
PSMB1	Psmb1
NALF2	Nalf2
LLGL1	Llgl1
HSD17B6	Hsd17b6
WNT11	Wnt11
APEX2	Apex2
SPTBN4	Sptbn4
HOXA1	Hoxa1
BCORL1	Bcorl1
SECISBP2L	Secisbp2l
CGAS	Cgas
SPINDOC	Spindoc
BEND3	Bend3
ARMH3	Armh3
IDS	Ids
MAPK3	Mapk3
ARPC1B	Arpc1b
TRIM40	Trim40
SCAF8	Scaf8
PRKAB1	Prkab1
PECAM1	Pecam1
ZNF334	Zfp334
NR1H2	Nr1h2
TDP2	Tdp2
ZNF143	Zfp143
VSIG10	Vsig10
CDH15	Cdh15
KIF3B	Kif3b
ULK3	Ulk3
SEC31A	Sec31a
BPIFB1	Bpifb1
ZBTB2	Zbtb2
GINS2	Gins2
SLC16A8	Slc16a8
CERS5	Cers5
DDO	Ddo
PARD6A	Pard6a
RIPPLY1	Ripply1
KIAA0930	5031439G07Rik
PKD1L2	Pkd1l2
TMEM35A	Tmem35a
OGFRL1	Ogfrl1
ARHGAP12	Arhgap12
PNRC1	Pnrc1
CTPS2	Ctps2
TMEM230	Tmem230
RING1	Ring1
DGCR2	Dgcr2
HEXD	Hexd
RRN3	Rrn3
POP7	Pop7
MLIP	Mlip
MCPH1	Mcph1
AP5Z1	Ap5z1
HDGFL2	Hdgfl2
KCNK7	Kcnk7
GNMT	Gnmt
AXIN1	Axin1
KBTBD4	Kbtbd4
HIGD1A	Higd1a
TADA2A	Tada2a
HSD17B12	Hsd17b12
DDX55	Ddx55
TASP1	Tasp1
MAN2A2	Man2a2
NFIB	Nfib
JPH1	Jph1
CDK19	Cdk19
INO80E	Ino80e
SHPK	Shpk
ZNF706	Zfp706
CSNK1E	Csnk1e
PHF10	Phf10
ACTR8	Actr8
TRMT112	Trmt112
XPNPEP2	Xpnpep2
KLK12	Klk12
PEMT	Pemt
NAA20	Naa20
FKBP6	Fkbp6
SCAMP5	Scamp5
DLG5	Dlg5
NUP62CL	Nup62cl
YIF1A	Yif1a
FBXL12	Fbxl12
NAPB	Napb
ACTL6B	Actl6b
NUP37	Nup37
ZFX	Zfx
CDKN1A	Cdkn1a
RFT1	Rft1
MROH1	Mroh1
EN1	En1
UHRF1	Uhrf1
CPA2	Cpa2
GFER	Gfer
KCTD10	Kctd10
SNPH	Snph
SLC13A4	Slc13a4
NPAS4	Npas4
POPDC3	Popdc3
SYS1	Sys1
WDR5	Wdr5
SNX22	Snx22
MRPL34	Mrpl34
CPN1	Cpn1
PMP22	Pmp22
IST1	Ist1
ZBP1	Zbp1
SLC30A4	Slc30a4
NT5E	Nt5e
FGF7	Fgf7
SLC25A40	Slc25a40
DBNDD2	Dbndd2
SLC18A2	Slc18a2
CHCHD10	Chchd10
GNG10	Gng10
EFNB1	Efnb1
STRC	Strc
GPD1L	Gpd1l
NFKBIL1	Nfkbil1
CBX6	Cbx6
DIAPH2	Diaph2
NEU2	Neu2
GLIPR2	Glipr2
PPARA	Ppara
PLA2G7	Pla2g7
CAPN6	Capn6
RFK	Rfk
KLF15	Klf15
CAVIN4	Cavin4
LRRC15	Lrrc15
CDC25B	Cdc25b
STMND1	Stmnd1
UPK1A	Upk1a
PGAM1	Pgam1
REXO4	Rexo4
CLDN16	Cldn16
LARP4	Larp4
SLC35F1	Slc35f1
RASIP1	Rasip1
PCSK6	Pcsk6
DLG2	Dlg2
CRCP	Crcp
HTR7	Htr7
AHNAK2	Ahnak2
CCDC172	Ccdc172
METRNL	Metrnl
KIF26A	Kif26a
EXOSC7	Exosc7
RNF183	Rnf183
PIP	Pip
SMNDC1	Smndc1
LAMP2	Lamp2
APOL6	Apol6
TOMM20L	Tomm20l
RBX1	Rbx1
PDK4	Pdk4
CCDC175	Ccdc175
SAXO5	Saxo5
FHL5	Fhl5
GLE1	Gle1
SREBF1	Srebf1
ZNF488	Zfp488
GATAD1	Gatad1
YWHAH	Ywhah
ECHDC3	Echdc3
PTN	Ptn
PDYN	Pdyn
CRLF1	Crlf1
AGPAT1	Agpat1
BCR	Bcr
DCBLD2	Dcbld2
REC114	Rec114
GET4	Get4
ATG14	Atg14
GDI2	Gdi2
SLC39A4	Slc39a4
LYSMD2	Lysmd2
SLC24A3	Slc24a3
MGAT2	Mgat2
RIOX1	Riox1
TOMM40	Tomm40
ANGEL1	Angel1
NNAT	Nnat
ISLR2	Islr2
PSCA	Psca
RNF114	Rnf114
DHODH	Dhodh
CLVS1	Clvs1
HOMEZ	Homez
WDR86	Wdr86
FMC1	Fmc1
MYZAP	Myzap
B4GAT1	B4gat1
FOXA3	Foxa3
ASAH1	Asah1
TSKU	Tsku
KCNH2	Kcnh2
BFSP1	Bfsp1
POMT2	Pomt2
TSR3	Tsr3
FAM219A	Fam219a
UQCC1	Uqcc1
SOBP	Sobp
TOM1	Tom1
CD109	Cd109
SUPV3L1	Supv3l1
ADAMTSL5	Adamtsl5
ECM2	Ecm2
TMEM213	Tmem213
CIAO3	Ciao3
YIPF6	Yipf6
LMOD2	Lmod2
MAD2L1BP	Mad2l1bp
RNF216	Rnf216
MED24	Med24
TUBE1	Tube1
TYK2	Tyk2
STARD8	Stard8
TMEM255A	Tmem255a
PRLH	Prlh
CLEC3A	Clec3a
ZMIZ2	Zmiz2
DCTN5	Dctn5
OTC	Otc
GALNT16	Galnt16
BOLL	Boll
ITGA7	Itga7
ZSWIM8	Zswim8
CCDC78	Ccdc78
MEIS2	Meis2
PGK1	Pgk1
FAM163B	Fam163b
NTSR1	Ntsr1
PCBP4	Pcbp4
BPIFB2	Bpifb2
CHEK2	Chek2
TMEM141	Tmem141
SLX4IP	Slx4ip
RPP38	Rpp38
SCFD1	Scfd1
NEXMIF	Nexmif
BAX	Bax
AMELX	Amelx
NFATC2IP	Nfatc2ip
BRINP1	Brinp1
SLC35G1	Slc35g1
CCM2L	Ccm2l
ESPNL	Espnl
EMD	Emd
CTSW	Ctsw
NRG3	Nrg3
POLR3F	Polr3f
TCP1	Tcp1
LRRC8E	Lrrc8e
CFDP1	Cfdp1
ZCWPW1	Zcwpw1
TRMT10B	Trmt10b
GPAT4	Gpat4
SCAPER	Scaper
RSPH6A	Rsph6a
PGRMC1	Pgrmc1
TLL2	Tll2
NOL4L	Nol4l
GPM6B	Gpm6b
PCNX3	Pcnx3
TUBB3	Tubb3
PIP5K1C	Pip5k1c
PCIF1	Pcif1
GSTO2	Gsto2
SLC25A29	Slc25a29
CACNA1F	Cacna1f
PTPDC1	Ptpdc1
CAMK1D	Camk1d
PKMYT1	Pkmyt1
TMEM178B	Tmem178b
CDHR1	Cdhr1
MAN1B1	Man1b1
TIMM9	Timm9
STAT5A	Stat5a
CCDC195	Gm45261
ABCF2	Abcf2
TOP6BL	Top6bl
AARS2	Aars2
DUSP26	Dusp26
KLHL13	Klhl13
ENTPD7	Entpd7
RNU2-21P	Gm23206
UCKL1	Uckl1
PTGDR	Ptgdr
CDK9	Cdk9
ZFAND4	Zfand4
SAMD15	Samd15
ARX	Arx
PYGO1	Pygo1
KCNF1	Kcnf1
SYTL4	Sytl4
CAPNS1	Capns1
MESD	Mesd
URM1	Urm1
CDC40	Cdc40
ERC1	Erc1
PSME3IP1	Psme3ip1
ZKSCAN5	Zkscan5
ADCY4	Adcy4
SVEP1	Svep1
INTS14	Ints14
GCM1	Gcm1
ZNHIT3	Znhit3
IRAK1BP1	Irak1bp1
USP11	Usp11
STK3	Stk3
GPR4	Gpr4
YAE1	Yae1d1
DAZAP1	Dazap1
ZNF652	Zfp652
SEMA3C	Sema3c
SIRT3	Sirt3
MARCHF4	Marchf4
SSR1	Ssr1
TCF15	Tcf15
CRYGC	Crygc
SNX5	Snx5
GGA1	Gga1
CRYGA	Cryga
CPA6	Cpa6
SEZ6	Sez6
SMC1A	Smc1a
CHRNB3	Chrnb3
THBS1	Thbs1
CACFD1	Cacfd1
PRKG1	Prkg1
EXT1	Ext1
KMT5A	Kmt5a
TIMM22	Timm22
PPP4R3A	Ppp4r3a
ADRA1A	Adra1a
C17orf58	1810010H24Rik
MNS1	Mns1
SMS	Sms
NRN1	Nrn1
PRDX3	Prdx3
PIK3C2G	Pik3c2g
PIGO	Pigo
MAK16	Mak16
YWHAB	Ywhab
YKT6	Ykt6
FURIN	Furin
PDZD11	Pdzd11
TGM4	Tgm4
NDUFB10	Ndufb10
VPS37A	Vps37a
ANAPC11	Anapc11
PLCL1	Plcl1
BBS1	Bbs1
COG8	Cog8
CASD1	Casd1
EHD2	Ehd2
MOGAT1	Mogat1
ART4	Art4
GINS3	Gins3
CIMIP1	Cimip1
UBC	Ubc
SRC	Src
ZNF883	Zfp275
RPGRIP1L	Rpgrip1l
SPMIP5	Spmip5
SLC19A3	Slc19a3
BRF1	Brf1
DRP2	Drp2
SPRN	Sprn
NOXA1	Noxa1
KLK8	Klk8
TIAL1	Tial1
FGF13	Fgf13
LCTL	Lctl
DDX54	Ddx54
FBXO41	Fbxo41
AAR2	Aar2
SH3BP1	Sh3bp1
FAM117B	Fam117b
GPR141	Gpr141
ABHD17A	Abhd17a
SQOR	Sqor
BMPER	Bmper
CPSF1	Cpsf1
BCAS1	Bcas1
RGS11	Rgs11
PPM1F	Ppm1f
PCCB	Pccb
TMEM145	Tmem145
DMWD	Dmwd
SREBF2	Srebf2
TRPM3	Trpm3
ZEB2	Zeb2
HPS1	Hps1
ZNF219	Zfp219
VASP	Vasp
NQO1	Nqo1
RPRD1B	Rprd1b
MAP3K7	Map3k7
JMJD6	Jmjd6
CHEK1	Chek1
SLC13A3	Slc13a3
SRRT	Srrt
KATNIP	Katnip
GOLGA5	Golga5
KRT23	Krt23
PIANP	Pianp
TIMM13	Timm13
WDR38	Wdr38
SAPCD2	Sapcd2
ZNF700	Zfp961
FOSB	Fosb
PNPLA7	Pnpla7
TRIB3	Trib3
PKD1	Pkd1
LIMA1	Lima1
TMEM98	Tmem98
SLC7A9	Slc7a9
FAM227B	Fam227b
ZNRD2	Znrd2
N4BP2	N4bp2
HM13	H13
XKRX	Xkrx
ARMCX2	Armcx2
RPL12	Rpl12
LGALS2	Lgals2
HNRNPUL2	Hnrnpul2
GP1BB	Gp1bb
NFATC4	Nfatc4
SCO2	Sco2
COPS4	Cops4
ITPKA	Itpka
FNDC1	Fndc1
TRIM3	Trim3
YARS2	Yars2
SRRD	Srrd
PLCG2	Plcg2
KCNK9	Kcnk9
SCART1	Scart1
PRKCSH	Prkcsh
TYMP	Tymp
EIF3H	Eif3h
CYFIP1	Cyfip1
LIPF	Lipf
ARHGEF15	Arhgef15
KLHDC3	Klhdc3
TRMT44	Trmt44
AACS	Aacs
HEATR9	Heatr9
NPHP3	Nphp3
OAT	Oat
GDPD5	Gdpd5
DNPEP	Dnpep
GOLGA7	Golga7
RNPS1	Rnps1
ZBTB43	Zbtb43
LRPAP1	Lrpap1
DCX	Dcx
ATPAF2	Atpaf2
MCTS2	Mcts2
CIDEC	Cidec
TRRAP	Trrap
ISX	Isx
XRN2	Xrn2
ADAMTS13	Adamts13
ARMCX6	Armcx6
TMEM254	Tmem254
CECR2	Cecr2
ZHX1	Zhx1
FUNDC1	Fundc1
CRBN	Crbn
PCTP	Pctp
MPP1	Mpp1
EFCAB6	Efcab6
POLE2	Pole2
NRSN1	Nrsn1
DGKQ	Dgkq
CTXN1	Ctxn1
CSMD3	Csmd3
ARHGEF18	Arhgef18
TRAF3IP2	Traf3ip2
PDCD4	Pdcd4
POLR2G	Polr2g
DHX8	Dhx8
SLC27A1	Slc27a1
TINF2	Tinf2
DDX17	Ddx17
RRP36	Rrp36
RAB5B	Rab5b
SHISA8	Shisa8
KCNT1	Kcnt1
IL2RG	Il2rg
YDJC	Ydjc
TTI2	Tti2
RPL34	Rpl34
THUMPD1	Thumpd1
VMA21	Vma21
VMA22	Ccdc115
GASK1A	Gask1a
TRMT2A	Trmt2a
PNMA5	Pnma5
STMN2	Stmn2
PCSK1N	Pcsk1n
PARP6	Parp6
PSMA2	Psma2
PCGF5	Pcgf5
SNX14	Snx14
MYC	Myc
GOT2	Got2
SF3B2	Sf3b2
RALY	Raly
EYA1	Eya1
LAMTOR3	Lamtor3
LIAT1	Liat1
VSIR	Vsir
MRPL4	Mrpl4
TBC1D10A	Tbc1d10a
TFDP2	Tfdp2
SLC9A6	Slc9a6
PIP4K2B	Pip4k2b
CYP51A1	Cyp51
DCK	Dck
CNOT2	Cnot2
TUBAL3	Tubal3
PTMA	Ptma
CACNG5	Cacng5
FFAR4	Ffar4
TRIM60	Trim60
SLC10A7	Slc10a7
R3HCC1L	R3hcc1l
EPHB6	Ephb6
RORB	Rorb
ANKS3	Anks3
ENHO	Enho
BICD2	Bicd2
DENND6A	Dennd6a
IL17RA	Il17ra
USP53	Usp53
ZFP28	Zfp28
GABRA3	Gabra3
WHRN	Whrn
RAB33A	Rab33a
RAB34	Rab34
PTCHD1	Ptchd1
KALRN	Kalrn
SIGLECL1	Siglecl1
TLR8	Tlr8
WDR13	Wdr13
RAB36	Rab36
UBA6	Uba6
LIF	Lif
GBGT1	Gbgt1
SGTA	Sgta
HYCC1	Hycc1
UBE2V2	Ube2v2
BLOC1S2	Bloc1s2
MB	Mb
TMEM37	Tmem37
DPYSL2	Dpysl2
BMX	Bmx
KCNK3	Kcnk3
IFFO1	Iffo1
GPR158	Gpr158
SH2D4A	Sh2d4a
RBM28	Rbm28
SELENOO	Selenoo
NHSL2	Nhsl2
KLHL36	Klhl36
COMMD8	Commd8
IL15RA	Il15ra
PTGS1	Ptgs1
TMSB4X	Tmsb4x
CRYBB1	Crybb1
NOX4	Nox4
UBE2C	Ube2c
MMAA	Mmaa
IFT27	Ift27
GATA4	Gata4
GDI1	Gdi1
NOC4L	Noc4l
MAD2L1	Mad2l1
TNIK	Tnik
KIF7	Kif7
MTG2	Mtg2
ELF2	Elf2
AIFM3	Aifm3
KLF9	Klf9
MLANA	Mlana
ITGA3	Itga3
GRB10	Grb10
TMED1	Tmed1
CIITA	Ciita
ACSS1	Acss1
TMEM68	Tmem68
RPL7A	Rpl7a
KCNN1	Kcnn1
ODAD2	Odad2
ABCB7	Abcb7
PLCZ1	Plcz1
AKAP7	Akap7
HHIPL1	Hhipl1
C8orf76	9130401M01Rik
OSTC	Ostc
RAB3D	Rab3d
SAV1	Sav1
CA10	Car10
NFILZ	Nfilz
HSF2	Hsf2
TUBGCP4	Tubgcp4
DHRS2	Dhrs2
MKI67	Mki67
MND1	Mnd1
PAG1	Pag1
STAT2	Stat2
CTCFL	Ctcfl
GPR108	Gpr108
C1QL3	C1ql3
ELOB	Elob
EMSY	Emsy
VLDLR	Vldlr
FAM50B	Fam50b
ZNF394	Zkscan14
BLOC1S5	Bloc1s5
EXD2	Exd2
PRXL2A	Prxl2a
KIFC2	Kifc2
SLC49A3	Slc49a3
SNRNP25	Snrnp25
SRSF3	Srsf3
KCTD19	Kctd19
DLG4	Dlg4
SLURP1	Slurp1
GSAP	Gsap
MMP15	Mmp15
SARAF	Saraf
PHPT1	Phpt1
AAGAB	Aagab
RTRAF	Rtraf
PPIL6	Ppil6
MSANTD1	Msantd1
KDR	Kdr
ACOT8	Acot8
CPNE2	Cpne2
SHOC1	Shoc1
B3GNT5	B3gnt5
FRMD4A	Frmd4a
RAD54B	Rad54b
RIMKLB	Rimklb
PORCN	Porcn
CMA1	Cma1
LSG1	Lsg1
PRXL2C	Prxl2c
STRA6	Stra6
SLC25A1	Slc25a1
YIPF7	Yipf7
SS18L2	Ss18l2
PPP1R18	Ppp1r18
GRK4	Grk4
CSE1L	Cse1l
ANXA1	Anxa1
MEA1	Mea1
ELP3	Elp3
MTRES1	Mtres1
BRICD5	Bricd5
TMEM220	Tmem220
GNA11	Gna11
TAFA5	Tafa5
TMEM47	Tmem47
TUFM	Tufm
PGF	Pgf
PITPNB	Pitpnb
ZFP36	Zfp36
FGFR3	Fgfr3
APOC4	Apoc4
ZNF22	Zfp422
CYP39A1	Cyp39a1
TPGS1	Tpgs1
SCAP	Scap
ASMT	Asmt
SLC39A12	Slc39a12
RNF126	Rnf126
PNN	Pnn
ST14	St14
SERPINF1	Serpinf1
HMX2	Hmx2
SYBU	Sybu
CUEDC2	Cuedc2
BBS9	Bbs9
SLAIN2	Slain2
SLC17A8	Slc17a8
NPAS3	Npas3
DESI1	Desi1
SEPTIN2	Septin2
C4orf51	1700011L22Rik
LHFPL5	Lhfpl5
RABL6	Rabl6
COPS2	Cops2
TRABD	Trabd
ZFP30	Zfp30
ERO1A	Ero1a
RENBP	Renbp
KATNB1	Katnb1
RAP1GDS1	Rap1gds1
TSPAN14	Tspan14
CEP250	Cep250
FYN	Fyn
LCN6	Lcn6
UBA2	Uba2
ZMYM3	Zmym3
CA3	Car3
SLC4A1	Slc4a1
MSRA	Msra
ANO1	Ano1
NOP2	Nop2
CCNB2	Ccnb2
SECISBP2	Secisbp2
EHHADH	Ehhadh
AGO2	Ago2
PAPOLA	Papola
CASR	Casr
LIMD2	Limd2
C20orf96	6820408C15Rik
CTR9	Ctr9
C15orf39	1700017B05Rik
TP53INP1	Trp53inp1
LSM14B	Lsm14b
CHL1	Chl1
SPATC1	Spatc1
MYO5A	Myo5a
ZC3H7A	Zc3h7a
PURG	Purg
FAM167A	Fam167a
GGT5	Ggt5
AP5S1	Ap5s1
LRP4	Lrp4
BRF2	Brf2
BMP7	Bmp7
ATF5	Atf5
VIRMA	Virma
HCK	Hck
DNASE1L2	Dnase1l2
	4933427D14Rik
YPEL2	Ypel2
MAJIN	Majin
CDR2	Cdr2
SNX13	Snx13
GRM2	Grm2
ATOSB	Atosb
ADGRE5	Adgre5
KRT17	Krt17
ETFA	Etfa
ORC6	Orc6
SOX15	Sox15
FRMPD3	Frmpd3
TSGA10IP	Tsga10ip
SLITRK3	Slitrk3
GOT1L1	Got1l1
CYP24A1	Cyp24a1
ARMCX5	Armcx5
SNAI2	Snai2
SEC22A	Sec22a
CSF2RA	Csf2ra
RNF157	Rnf157
ATP5MK	Atp5mk
LDAF1	Ldaf1
CSTPP1	Cstpp1
FAM210B	Fam210b
SLC32A1	Slc32a1
TCEA2	Tcea2
CLU	Clu
NATD1	Natd1
ASB11	Asb11
TSR1	Tsr1
NAAA	Naaa
GTPBP3	Gtpbp3
AFF2	Aff2
CCL22	Ccl22
IRX3	Irx3
DNMBP	Dnmbp
RUVBL1	Ruvbl1
MAPRE1	Mapre1
ZFP1	Zfp1
TUNAR	Tunar
SLC25A5	Slc25a5
RPP21	Rpp21
PPP1R3E	Ppp1r3e
CALHM2	Calhm2
KMT5B	Kmt5b
FTO	Fto
PPID	Ppid
YLPM1	Ylpm1
CRISP1	Crisp4
ITGB8	Itgb8
SPIN1	Spin1
POLR1H	Polr1h
FXYD4	Fxyd4
ASPSCR1	Aspscr1
CDH4	Cdh4
HSCB	Hscb
NLGN3	Nlgn3
SLC10A1	Slc10a1
ABRAXAS1	Abraxas1
CPXM2	Cpxm2
IMPG1	Impg1
NCR1	Ncr1
MTCL2	Mtcl2
FLRT1	Flrt1
CYREN	Cyren
GP2	Gp2
MLC1	Mlc1
IL9R	Il9r
EEF1A2	Eef1a2
HNRNPA1	Hnrnpa1
CUTC	Cutc
MAPK14	Mapk14
REPS2	Reps2
CBLL1	Cbll1
SEPTIN1	Septin1
CNOT3	Cnot3
PIDD1	Pidd1
SDC4	Sdc4
TMEM139	Tmem139
UBA3	Uba3
PXMP4	Pxmp4
VASN	Vasn
EXOC1	Exoc1
COXFA4	Ndufa4
ARHGDIG	Arhgdig
ARHGAP8	Arhgap8
COX5A	Cox5a
GPCPD1	Gpcpd1
LRRC8A	Lrrc8a
NEUROD2	Neurod2
RBM17	Rbm17
SSH2	Ssh2
SP4	Sp4
FBXL19	Fbxl19
ATRX	Atrx
PDCL	Pdcl
PML	Pml
KCNG4	Kcng4
IFT74	Ift74
PRMT7	Prmt7
SNTA1	Snta1
GRM1	Grm1
DPYSL4	Dpysl4
SCX	Scx
KIF13B	Kif13b
SLC26A11	Slc26a11
SLC24A4	Slc24a4
ARMC12	Armc12
RAB38	Rab38
RBM18	Rbm18
RAB11FIP2	Rab11fip2
COQ3	Coq3
GSS	Gss
NOP9	Nop9
AGTR2	Agtr2
GOT1	Got1
APBA1	Apba1
PRR22	Prr22
SAYSD1	Saysd1
VASH1	Vash1
SPZ1	Spz1
NCAN	Ncan
RECQL4	Recql4
TBXT	T
AP1S2	Ap1s2
SLC43A1	Slc43a1
CEP78	Cep78
FBXO5	Fbxo5
TAGLN3	Tagln3
JOSD1	Josd1
BZW1	Bzw1
SETD3	Setd3
MC1R	Mc1r
AGAP2	Agap2
SEPTIN3	Septin3
IGSF11	Igsf11
POLR3K	Polr3k
MTMR10	Mtmr10
ALDH16A1	Aldh16a1
PABIR3	Pabir3
C2	C2
BBIP1	Bbip1
ZNF703	Zfp703
NDUFA6	Ndufa6
CEP15	Cep15
AREG	Areg
CTSB	Ctsb
SBF1	Sbf1
KSR2	Ksr2
RIPOR1	Ripor1
OXTR	Oxtr
MSANTD7	Msantd7
TAPBPL	Tapbpl
JAKMIP3	Jakmip3
SUCLG2	Suclg2
LRRD1	Lrrd1
CFAP61	Cfap61
CHRM5	Chrm5
ZBTB6	Zbtb6
AGR2	Agr2
ZNF106	Zfp106
RECK	Reck
ZNF384	Zfp384
CUL4B	Cul4b
SORBS2	Sorbs2
PARP16	Parp16
CRHR2	Crhr2
DIRAS1	Diras1
ZNF385B	Zfp385b
BTBD18	Btbd18
SLC16A12	Slc16a12
SLC2A13	Slc2a13
RABGGTA	Rabggta
OR4D1	Or4d1
ARHGEF5	Arhgef5
LINGO1	Lingo1
ARHGAP40	Arhgap40
STAC2	Stac2
IGHMBP2	Ighmbp2
SIGLEC1	Siglec1
SMC2	Smc2
MEGF11	Megf11
LIG1	Lig1
GOLT1B	Golt1b
LIPA	Lipa
CHRNA4	Chrna4
CAPZA2	Capza2
C15orf61	2300009A05Rik
PDE6H	Pde6h
LRRN4	Lrrn4
RBM6	Rbm6
HAUS7	Haus7
DIS3L	Dis3l
NSFL1C	Nsfl1c
TWF1	Twf1
SPATA20	Spata20
VTA1	Vta1
MPZL2	Mpzl2
TEP1	Tep1
MPV17L	Mpv17l
PI4KA	Pi4ka
ZNF276	Zfp276
MRPS24	Mrps24
USP49	Usp49
DYRK4	Dyrk4
HDAC6	Hdac6
ARHGAP39	Arhgap39
ATP6V0A4	Atp6v0a4
DPM2	Dpm2
CFAP43	Cfap43
SNX33	Snx33
ACVR1B	Acvr1b
VPS4A	Vps4a
LEO1	Leo1
FNDC11	Fndc11
PDCD1LG2	Pdcd1lg2
SDR16C5	Sdr16c5
DDRGK1	Ddrgk1
DYDC2	Dydc2
CX3CL1	Cx3cl1
ABI2	Abi2
MICAL2	Mical2
SPIC	Spic
CMTM4	Cmtm4
CPNE3	Cpne3
DICER1	Dicer1
AGTPBP1	Agtpbp1
PGAP6	Pgap6
TMPO	Tmpo
GABRB3	Gabrb3
TSPAN15	Tspan15
SPMIP4	Spmip4
ZSWIM1	Zswim1
COX4I2	Cox4i2
PTK7	Ptk7
SMIM30	Smim30
BCL2L1	Bcl2l1
RASSF9	Rassf9
COQ5	Coq5
NOS3	Nos3
XYLT1	Xylt1
DUOXA1	Duoxa1
GFOD2	Gfod2
NLGN1	Nlgn1
KCNG1	Kcng1
AP4S1	Ap4s1
CABP1	Cabp1
LMF1	Lmf1
MICU1	Micu1
CA1	Car1
PRRT4	Prrt4
RASSF3	Rassf3
BCKDHA	Bckdha
POLDIP3	Poldip3
EPHA1	Epha1
ASCL1	Ascl1
GDAP1L1	Gdap1l1
OASL	Oasl1
LGMN	Lgmn
GBX1	Gbx1
SMTNL2	Smtnl2
SPTLC1	Sptlc1
CFAP251	Cfap251
SLC9A5	Slc9a5
TMEM242	Tmem242
MISP	Misp
SNX21	Snx21
MTMR7	Mtmr7
SLC26A3	Slc26a3
BTNL2	Btnl2
TAFA2	Tafa2
LHFPL7	Lhfpl7
TOMM22	Tomm22
ARG1	Arg1
FLRT3	Flrt3
SBK1	Sbk1
CDC42EP1	Cdc42ep1
HNF4A	Hnf4a
IGSF6	Igsf6
NUDT19	Nudt19
TECTB	Tectb
THAP1	Thap1
SERTAD1	Sertad1
ASGR2	Asgr2
NHLRC4	Nhlrc4
MGAT3	Mgat3
SERTAD3	Sertad3
ANKRD22	Ankrd22
PLLP	Pllp
ADAM2	Adam2
EGR2	Egr2
MLF1	Mlf1
NLRC3	Nlrc3
NFAM1	Nfam1
ALDH2	Aldh2
SAMD10	Samd10
RSPH4A	Rsph4a
PIK3IP1	Pik3ip1
NUDT18	Nudt18
METTL24	Mettl24
POLL	Poll
RALGAPB	Ralgapb
ATP6V0C	Atp6v0c
POMK	Pomk
ADSL	Adsl
CSTF2	Cstf2
FPR1	Fpr1
ADAT1	Adat1
SHANK2	Shank2
TUSC3	Tusc3
SIGMAR1	Sigmar1
BCLAF1	Bclaf1
RPL22L1	Rpl22l1
APOBR	Apobr
IL34	Il34
EML1	Eml1
LRRC4	Lrrc4
ANAPC1	Anapc1
KPTN	Kptn
HOXA11	Hoxa11
TENT5D	Tent5d
UNKL	Unkl
ATP6AP2	Atp6ap2
ILDR1	Ildr1
ACO1	Aco1
MS4A8	Ms4a8a
PNPLA8	Pnpla8
C5AR1	C5ar1
GRIN2A	Grin2a
SNAPC2	Snapc2
ADAM33	Adam33
PLCB2	Plcb2
RUNX1T1	Runx1t1
TNK1	Tnk1
NMRAL1	Nmral1
ANGPTL6	Angptl6
C14orf132	D430019H16Rik
C1QTNF6	C1qtnf6
RSAD1	Rsad1
MTMR3	Mtmr3
KIAA0586	2700049A03Rik
ADH5	Adh5
AQP5	Aqp5
PDCD10	Pdcd10
HDC	Hdc
WDR83OS	Wdr83os
TMEM217	Tmem217
CDK17	Cdk17
ORAI3	Orai3
DLL3	Dll3
HINT3	Hint3
DIDO1	Dido1
PSMB10	Psmb10
RAD21	Rad21
AKIRIN2	Akirin2
FOXB1	Foxb1
MAP4K1	Map4k1
P2RX3	P2rx3
RCN2	Rcn2
COL9A1	Col9a1
DNAJC7	Dnajc7
BCL7C	Bcl7c
MGARP	Mgarp
ADAM28	Adam28
PDE1C	Pde1c
C11orf68	AI837181
SHROOM3	Shroom3
VPS18	Vps18
CSRP3	Csrp3
ANKRD37	Ankrd37
GNAO1	Gnao1
SLC28A1	Slc28a1
TLR6	Tlr6
MORC4	Morc4
NEK1	Nek1
GLDC	Gldc
VTI1B	Vti1b
CLCN4	Clcn4
SCNN1G	Scnn1g
NUDCD1	Nudcd1
TSHZ2	Tshz2
MOV10L1	Mov10l1
ZFPM1	Zfpm1
APPL2	Appl2
CACNG7	Cacng7
MTO1	Mto1
ADH7	Adh7
CYB5R3	Cyb5r3
DPEP1	Dpep1
ZNF185	Zfp185
TTC17	Ttc17
BMP3	Bmp3
BCAM	Bcam
COQ6	Coq6
PLK4	Plk4
DHRS13	Dhrs13
ANXA13	Anxa13
SLC7A5	Slc7a5
ITGAE	Itgae
TCEA1	Tcea1
UBXN7	Ubxn7
ASPHD1	Asphd1
ATP10D	Atp10d
SNTN	Sntn
KNOP1	Knop1
RPL13A	Rpl13a
DENND1A	Dennd1a
DGKE	Dgke
PDF	Pdf
ANKRD54	Ankrd54
CHLSN	Chlsn
HSPB3	Hspb3
SHCBP1	Shcbp1
TRHR	Trhr
TMEM64	Tmem64
FBLN2	Fbln2
DISP2	Disp2
FBXO25	Fbxo25
CALB2	Calb2
CACNB1	Cacnb1
PKM	Pkm
RNU6-524P	Gm25328
POU4F3	Pou4f3
HABP4	Habp4
CRYBA4	Cryba4
GSTT4	Gstt4
LMBR1	Lmbr1
NAA15	Naa15
ARL6IP1	Arl6ip1
SGSM1	Sgsm1
ARF6	Arf6
CERT1	Cert1
GSKIP	Gskip
SNX30	Snx30
OOSP1	Oosp1
P2RY10	P2ry10
GRPR	Grpr
POLA1	Pola1
NYNRIN	Nynrin
C16orf87	4921524J17Rik
NSMF	Nsmf
WDR89	Wdr89
CCNE2	Ccne2
CHKA	Chka
MYDGF	Mydgf
INHBE	Inhbe
ISCA2	Isca2
DRG1	Drg1
PEX3	Pex3
HOXB8	Hoxb8
NLRP2	Nlrp2
MIPOL1	Mipol1
SPACA3	Spaca3
RHBDF1	Rhbdf1
SCLT1	Sclt1
TRAFD1	Trafd1
DYSF	Dysf
UBALD2	Ubald2
FAM162B	Fam162b
DENND3	Dennd3
KPNA1	Kpna1
DAXX	Daxx
ASRGL1	Asrgl1
CTNNBL1	Ctnnbl1
RASL10A	Rasl10a
IL2RB	Il2rb
DCXR	Dcxr
FUZ	Fuz
CPA5	Cpa5
CENPI	Cenpi
HR	Hr
TOB2	Tob2
ADAMTS3	Adamts3
YPEL1	Ypel1
HEATR4	Heatr4
ELFN2	Elfn2
NACAD	Nacad
IL13RA2	Il13ra2
CHKB	Chkb
SEPTIN11	Septin11
COG5	Cog5
FLVCR2	Flvcr2
MASTL	Mastl
ACAD8	Acad8
RTL9	Rtl9
FAM50A	Fam50a
SLC18A1	Slc18a1
ANAPC7	Anapc7
TSC1	Tsc1
WFDC8	Wfdc8
GPSM3	Gpsm3
TRPC4AP	Trpc4ap
TMEM219	Tmem219
DENND2A	Dennd2a
HEY2	Hey2
TET1	Tet1
LRRC66	Lrrc66
PHF3	Phf3
CHRD	Chrd
ZBTB42	Zbtb42
TMPRSS11E	Tmprss11e
CUBN	Cubn
ADSS1	Adss1
HSPA4L	Hspa4l
SSC5D	Ssc5d
KAT6A	Kat6a
TRIM31	Trim31
BPIFC	Bpifc
SATL1	Satl1
GPRIN2	Gprin2
EIF3K	Eif3k
ADORA2A	Adora2a
SPATA31G1	Spata31g1
ZNF174	Zfp174
BRS3	Brs3
SPON2	Spon2
PTPN3	Ptpn3
GPC2	Gpc2
FBXL4	Fbxl4
CFAP20	Cfap20
SSR4	Ssr4
CLDN15	Cldn15
GSTO1	Gsto1
SGF29	Sgf29
SMIM31	Smim31
LRIT3	Lrit3
RPS6KL1	Rps6kl1
MAFF	Maff
SPATA18	Spata18
TMOD2	Tmod2
DSCC1	Dscc1
ABHD14B	Abhd14b
MIOX	Miox
UCP2	Ucp2
NEBL	Nebl
AQR	Aqr
KREMEN2	Kremen2
SH3KBP1	Sh3kbp1
UBXN8	Ubxn8
CBR4	Cbr4
TBC1D13	Tbc1d13
PICK1	Pick1
CCDC167	Ccdc167
RNU6-804P	Gm24527
MAP3K14	Map3k14
ANKRD31	Ankrd31
SERAC1	Serac1
USP19	Usp19
TSHR	Tshr
PLAC8L1	Plac8l1
NDUFB7	Ndufb7
MARVELD3	Marveld3
NTN4	Ntn4
TACR3	Tacr3
DTHD1	Dthd1
CCDC42	Ccdc42
DDB2	Ddb2
BDP1	Bdp1
RASAL3	Rasal3
HAP1	Hap1
FZD3	Fzd3
C9orf78	BC005624
IDUA	Idua
TMEM229B	Tmem229b
NLRC5	Nlrc5
SYNGR2	Syngr2
ZNF248	Zfp248
EIF3E	Eif3e
EPB41L4A	Epb41l4a
SUPT16H	Supt16
PHF1	Phf1
NAPA	Napa
CYP1A1	Cyp1a1
GZMK	Gzmk
CYB561	Cyb561
NIPAL1	Nipal1
RPUSD3	Rpusd3
MZB1	Mzb1
C9orf72	C9orf72
FAM216A	Fam216a
HTR4	Htr4
PPA1	Ppa1
MYO9A	Myo9a
MCM8	Mcm8
CIMIP4	Cimip4
NFXL1	Nfxl1
NTF3	Ntf3
FIGNL2	Fignl2
NAGA	Naga
SEL1L	Sel1l
CPNE8	Cpne8
SKA2	Ska2
E2F4	E2f4
SPC24	Spc24
SLC1A2	Slc1a2
TUBB1	Tubb1
EMILIN3	Emilin3
GTPBP8	Gtpbp8
NANP	Nanp
PHF23	Phf23
UBQLN1	Ubqln1
EDRF1	Edrf1
LONP1	Lonp1
RAB5IF	Rab5if
MYRFL	Myrfl
NTN1	Ntn1
STK11IP	Stk11ip
RAB11A	Rab11a
BCDIN3D	Bcdin3d
CYB5D1	Cyb5d1
PRSS33	Prss33
LBP	Lbp
DERL3	Derl3
SLC25A53	Slc25a53
KNSTRN	Knstrn
NBDY	Nbdy
SIL1	Sil1
STUB1	Stub1
IRAK4	Irak4
HMCES	Hmces
MSN	Msn
FGF17	Fgf17
STOML2	Stoml2
RBFOX2	Rbfox2
STX8	Stx8
LETM1	Letm1
DMAC2L	Dmac2l
APBA2	Apba2
SLC38A5	Slc38a5
NOP56	Nop56
TSBP1	Tsbp1
MFAP4	Mfap4
TMEM169	Tmem169
HAPSTR1	Hapstr1
DNAJB12	Dnajb12
ERMN	Ermn
LRP3	Lrp3
WNT9B	Wnt9b
IL17RE	Il17re
CD180	Cd180
SNX25	Snx25
PARN	Parn
CCNO	Ccno
ARRDC3	Arrdc3
SFXN3	Sfxn3
ENTPD5	Entpd5
CDC26	Cdc26
KDM1B	Kdm1b
ZNF446	Zfp446
MIER3	Mier3
TNS2	Tns2
CCDC83	Ccdc83
WDR35	Wdr35
NBR1	Nbr1
B4GALNT4	B4galnt4
NUDT5	Nudt5
MRPL41	Mrpl41
IGFBPL1	Igfbpl1
CAMSAP3	Camsap3
CSF2	Csf2
PITX1	Pitx1
DHX30	Dhx30
TMEM245	Tmem245
IGSF9B	Igsf9b
PCDHA3	Pcdha3
TGM5	Tgm5
SEPTIN5	Septin5
DCTN4	Dctn4
ASCL2	Ascl2
INO80	Ino80
SCN4B	Scn4b
ADARB2	Adarb2
MTSS1	Mtss1
WDR62	Wdr62
PPP2R5B	Ppp2r5b
FBXO7	Fbxo7
PTPN1	Ptpn1
ELN	Eln
SNAP91	Snap91
GPRIN1	Gprin1
TSPYL2	Tspyl2
CCDC112	Ccdc112
ADH4	Adh4
DEFB123	Defb36
LZTS3	Lzts3
THOC3	Thoc3
CLSTN3	Clstn3
ANAPC10	Anapc10
SLC10A3	Slc10a3
NBN	Nbn
SCG3	Scg3
FAM83D	Fam83d
ZIK1	Zik1
RELA	Rela
NKD1	Nkd1
MBNL3	Mbnl3
SPO11	Spo11
LRFN1	Lrfn1
FAM169A	Fam169a
HSBP1	Hsbp1
AMBP	Ambp
MRM3	Mrm3
OGFR	Ogfr
NOL3	Nol3
HECTD2	Hectd2
AKAP13	Akap13
PRORP	Prorp
SLC25A11	Slc25a11
CBLB	Cblb
PHACTR3	Phactr3
CPLANE1	Cplane1
RPH3A	Rph3a
KANTR	Kantr
TGFB1I1	Tgfb1i1
FATE1	Fate1
SCML2	Scml2
TNFAIP2	Tnfaip2
EIF3A	Eif3a
MCRIP1	Mcrip1
TIMM10	Timm10
NFKBIA	Nfkbia
BHMT2	Bhmt2
PGR	Pgr
SIX1	Six1
NDUFA1	Ndufa1
LIME1	Lime1
EPS15L1	Eps15l1
PROX2	Prox2
ATP6V1D	Atp6v1d
UBA1	Uba1
SLC6A4	Slc6a4
POLE3	Pole3
PLIN1	Plin1
SCN3B	Scn3b
C5orf34	4833420G17Rik
SLC4A11	Slc4a11
SURF2	Surf2
CLEC7A	Clec7a
SGK3	Sgk3
CLTB	Cltb
MAPK6	Mapk6
LSM6	Lsm6
ZFPL1	Zfpl1
TRIM41	Trim41
COX6A2	Cox6a2
TGFBR1	Tgfbr1
PNPLA3	Pnpla3
B3GNT9	B3gnt9
LRRC27	Lrrc27
ABCC1	Abcc1
SH2D7	Sh2d7
GAPT	Gapt
NUDT6	Nudt6
SLC7A7	Slc7a7
WNT5B	Wnt5b
CSNK1G1	Csnk1g1
PCNA	Pcna
PELO	Pelo
CFAP97D1	Cfap97d1
CNGA1	Cnga1
NDUFS3	Ndufs3
SELENOM	Selenom
UBAC1	Ubac1
C22orf39	2510002D24Rik
STAG1	Stag1
SCUBE1	Scube1
PROCR	Procr
FRMPD2	Frmpd2
ADGRA3	Adgra3
MRPS34	Mrps34
RBPJL	Rbpjl
P3H3	P3h3
HTR3B	Htr3b
CMTM3	Cmtm3
VAPB	Vapb
DCPH1	Armt1
PHF19	Phf19
ST13	St13
RBM7	Rbm7
C6orf89	BC004004
ADA	Ada
COMMD3	Commd3
ARHGEF17	Arhgef17
SSBP2	Ssbp2
PLA2G10	Pla2g10
RAB1B	Rab1b
KAT8	Kat8
DRC2	Ccdc65
C11orf87	AI593442
NTM	Ntm
CDK2	Cdk2
HAUS3	Haus3
NOTCH1	Notch1
BAHD1	Bahd1
IDE	Ide
CLIC3	Clic3
BCL9L	Bcl9l
IGF2R	Igf2r
FAM149A	Fam149a
PDE1B	Pde1b
ENTREP1	Entrep1
DUS2	Dus2
DBX1	Dbx1
GNB5	Gnb5
PHOX2A	Phox2a
THRSP	Thrsp
MON1A	Mon1a
LOXL1	Loxl1
OLFML1	Olfml1
KAT14	Kat14
ST3GAL1	St3gal1
PSMB7	Psmb7
UNG	Ung
PIP4K2A	Pip4k2a
SLC35A5	Slc35a5
GC	Gc
ROMO1	Romo1
CHUK	Chuk
NXT1	Nxt1
AMIGO2	Amigo2
ISLR	Islr
DNAAF9	Dnaaf9
ABCC8	Abcc8
CCR3	Ccr3
KRT78	Krt78
UCK1	Uck1
ARPIN	Arpin
JMJD7	Jmjd7
SHQ1	Shq1
KNTC1	Kntc1
SNX31	Snx31
FAN1	Fan1
STAR	Star
CCDC171	Ccdc171
RNLS	Rnls
PAX1	Pax1
HRH3	Hrh3
KTN1	Ktn1
GNAS	Gnas
UCP1	Ucp1
ITIH2	Itih2
CTSO	Ctso
ATN1	Atn1
NAPRT	Naprt
UQCRC1	Uqcrc1
GNB1L	Gnb1l
COL15A1	Col15a1
POLR2B	Polr2b
RUNDC1	Rundc1
FAIM2	Faim2
UTP18	Utp18
FHIP1A	Fhip1a
METTL1	Mettl1
TUBGCP6	Tubgcp6
DUOX2	Duox2
TSPAN17	Tspan17
SMCO2	Smco2
BOD1L1	Bod1l
HRK	Hrk
MINAR1	Minar1
IRX5	Irx5
CACNA1C	Cacna1c
EMC7	Emc7
DNAJA2	Dnaja2
LYZL6	Lyzl6
ZNF45	Zfp94
SCOC	Scoc
MCM5	Mcm5
RNFT1	Rnft1
DET1	Det1
ABCC12	Abcc12
RELL2	Rell2
RIC1	Ric1
AIG1	Aig1
MON1B	Mon1b
ADAMTS7	Adamts7
SERF1A	Serf1
REEP4	Reep4
STK32B	Stk32b
PDCD11	Pdcd11
ZNF646	Zfp646
HEXB	Hexb
ACE	Ace
IFT140	Ift140
DYNLL1	Dynll1
PI15	Pi15
NAA80	Naa80
PPP1R14C	Ppp1r14c
TMEM165	Tmem165
RDH8	Rdh8
SLC26A7	Slc26a7
NR6A1	Nr6a1
RINL	Rinl
XPNPEP3	Xpnpep3
CHST13	Chst13
TMCO5A	Tmco5
CFB	Cfb
ODAD3	Odad3
POLR2M	Polr2m
CCDC14	Ccdc14
FAM151B	Fam151b
BANF1	Banf1
RTN4R	Rtn4r
MRTFA	Mrtfa
SPHK2	Sphk2
KIF23	Kif23
STIM2	Stim2
SERPINE2	Serpine2
SEC14L5	Sec14l5
FOSL1	Fosl1
LKAAEAR1	Lkaaear1
KANK1	Kank1
COL4A6	Col4a6
ERGIC3	Ergic3
PCDHGB6	Pcdhgb6
CPOX	Cpox
IPO7	Ipo7
SULT4A1	Sult4a1
FRA10AC1	Fra10ac1
DOCK5	Dock5
GABRA4	Gabra4
JAKMIP2	Jakmip2
SF3B3	Sf3b3
LMCD1	Lmcd1
HPN	Hpn
MEI1	Mei1
CST6	Cst6
PTPRJ	Ptprj
SLC9B2	Slc9b2
PLAGL1	Plagl1
MYH10	Myh10
SYCE3	Syce3
ATXN2	Atxn2
ARMC1	Armc1
UFD1	Ufd1
ECE2	Ece2
LRP5	Lrp5
STK10	Stk10
MYBL1	Mybl1
TRMT11	Trmt11
PSTK	Pstk
NKX1-2	Nkx1-2
HTRA3	Htra3
GAL	Gal
REM1	Rem1
KIF3A	Kif3a
MTUS1	Mtus1
ADGRG4	Adgrg4
PLD1	Pld1
FGG	Fgg
CBFA2T2	Cbfa2t2
CDCA5	Cdca5
PHF6	Phf6
SPTY2D1	Spty2d1
ARSA	Arsa
CRY2	Cry2
SUGP2	Sugp2
PCDHA5	Pcdha5
ECI1	Eci1
PNLIPRP1	Pnliprp1
GPX8	Gpx8
SUV39H1	Suv39h1
ATP5ME	Atp5me
GDF9	Gdf9
NKAIN4	Nkain4
SPINK7	Spink7
NOX1	Nox1
ABLIM2	Ablim2
C20orf173	6430550D23Rik
NOP16	Nop16
NEURL2	Neurl2
PLA2G4B	Pla2g4b
ADISSP	Adissp
MCTP2	Mctp2
CXCL6	Cxcl5
USP10	Usp10
SSR3	Ssr3
COA4	Coa4
RNF185	Rnf185
ZNF322	Zfp322a
RBM41	Rbm41
AASDH	Aasdh
NDUFS8	Ndufs8
STC2	Stc2
ADAM18	Adam18
DRGX	Drgx
HDAC2	Hdac2
STAMBPL1	Stambpl1
RAD1	Rad1
ATRN	Atrn
ARAF	Araf
SMAD3	Smad3
VPREB3	Vpreb3
RNF122	Rnf122
COLEC10	Colec10
LARS2	Lars2
RPS17	Rps17
GDF6	Gdf6
GRAMD4	Gramd4
ZNF791	Zfp791
GPR137	Gpr137
SLC25A28	Slc25a28
ADHFE1	Adhfe1
TNFSF9	Tnfsf9
MALRD1	Malrd1
NCAPH2	Ncaph2
ARMCX1	Armcx1
MYL9	Myl9
SLC7A6	Slc7a6
FGF4	Fgf4
CGA	Cga
AURKA	Aurka
TIPIN	Tipin
MARVELD2	Marveld2
TBCEL	Tbcel
PDE7B	Pde7b
EVC2	Evc2
SHROOM4	Shroom4
CTNNAL1	Ctnnal1
APOOL	Apool
TAP2	Tap2
ARRDC2	Arrdc2
ADAMTS2	Adamts2
CDH13	Cdh13
UBL4A	Ubl4a
HES7	Hes7
TIMP2	Timp2
CPPED1	Cpped1
RGS7BP	Rgs7bp
NME5	Nme5
TTBK2	Ttbk2
CCDC154	Ccdc154
B3GAT1	B3gat1
LGSN	Lgsn
RPS5	Rps5
DYNLRB2	Dynlrb2
SULF1	Sulf1
SLC35B1	Slc35b1
RNF145	Rnf145
ITPR3	Itpr3
RNF169	Rnf169
SLC24A1	Slc24a1
MMS19	Mms19
HPSE	Hpse
ASB9	Asb9
HSPB2	Hspb2
CLEC6A	Clec4n
MED22	Med22
PCDHGB1	Pcdhgb1
HAVCR2	Havcr2
TNK2	Tnk2
RPS6KA6	Rps6ka6
SARNP	Sarnp
MROH2B	Mroh2b
CCDC9B	Ccdc9b
HCST	Hcst
TRIP4	Trip4
KLHL9	Klhl9
LINGO2	Lingo2
CNTLN	Cntln
CD14	Cd14
AWAT2	Awat2
USP28	Usp28
TBC1D16	Tbc1d16
FOXP4	Foxp4
CXCL10	Cxcl10
MXD3	Mxd3
AMMECR1	Ammecr1
GRPEL1	Grpel1
PPP5C	Ppp5c
AVPR2	Avpr2
RNF208	Rnf208
ZBTB26	Zbtb26
AK3	Ak3
AMACR	Amacr
DUOXA2	Duoxa2
TREM2	Trem2
KLHDC4	Klhdc4
CLCN5	Clcn5
FAM219B	Fam219b
DMRT3	Dmrt3
SSPN	Sspn
GABRA6	Gabra6
LCN10	Lcn10
DUSP22	Dusp22
IRAK3	Irak3
EP300	Ep300
LCN12	Lcn12
C17orf99	6030468B19Rik
HYAL2	Hyal2
ORMDL3	Ormdl3
BPIFA1	Bpifa1
RAD23B	Rad23b
STAG2	Stag2
DYRK2	Dyrk2
PPCDC	Ppcdc
MAL2	Mal2
PPP1R37	Ppp1r37
ACSL6	Acsl6
CATSPERQ	Tmem249
AGPAT2	Agpat2
NMB	Nmb
ANKRD40	Ankrd40
NF2	Nf2
TMEM71	Tmem71
BUB1B	Bub1b
STX2	Stx2
TULP2	Tulp2
SLC38A12	Tmem104
DHX35	Dhx35
BLK	Blk
ICAM1	Icam1
EEIG1	Eeig1
EXTL3	Extl3
WDR24	Wdr24
ANK2	Ank2
SPEM1	Spem1
CNN1	Cnn1
STX1B	Stx1b
TMC1	Tmc1
HSD11B2	Hsd11b2
LGALS4	Lgals4
FN1	Fn1
PINX1	Pinx1
SMIM29	Smim29
TTC16	Ttc16
ACY1	Acy1
E4F1	E4f1
ALOX15B	Alox8
B4GALNT1	B4galnt1
GCHFR	Gchfr
NPDC1	Npdc1
RBPMS2	Rbpms2
NR2E1	Nr2e1
EEF1D	Eef1d
MAG	Mag
DNAAF19	Ccdc103
MAPKBP1	Mapkbp1
PGAP3	Pgap3
RGL2	Rgl2
SCAND1	Scand1
UBAP1	Ubap1
DLGAP4	Dlgap4
CHD1	Chd1
SYT1	Syt1
NUDT16L1	Nudt16l1
TTC19	Ttc19
CBLN1	Cbln1
ANAPC15	Anapc15
ZNF689	Zfp689
RAB3C	Rab3c
VSTM2L	Vstm2l
MTSS2	Mtss2
CARD6	Card6
TPSG1	Tpsg1
GID8	Gid8
IRX2	Irx2
INSL3	Insl3
MED29	Med29
RBBP6	Rbbp6
SV2C	Sv2c
TUBGCP5	Tubgcp5
NAT14	Nat14
EDDM13	Eddm13
CTSA	Ctsa
CCDC200	Ccdc200
EXOC3	Exoc3
MGAT5B	Mgat5b
GNPTG	Gnptg
SMC5	Smc5
PDCD5	Pdcd5
C5orf63	C330018D20Rik
ENPP7	Enpp7
CARD14	Card14
ADM2	Adm2
RPS23	Rps23
NRP1	Nrp1
CD276	Cd276
RTBDN	Rtbdn
IRAG2	Irag2
PCDHGA5	Pcdhga5
TTC33	Ttc33
ACSF3	Acsf3
RTCB	Rtcb
ALOX12B	Alox12b
ANKRD55	Ankrd55
ARHGDIA	Arhgdia
PLEKHJ1	Plekhj1
NIPBL	Nipbl
P2RY12	P2ry12
PSMA1	Psma1
RREB1	Rreb1
LEKR1	Lekr1
UBE2Q2	Ube2q2
ABO	Abo
TTC38	Ttc38
EIF6	Eif6
PFN1	Pfn1
APC2	Apc2
BSPRY	Bspry
TSPAN31	Tspan31
NHERF2	Nherf2
LRCH2	Lrch2
GALNT15	Galnt15
TSLP	Tslp
NSDHL	Nsdhl
FAM20A	Fam20a
TIMM50	Timm50
CMAS	Cmas
DAAM1	Daam1
TPBG	Tpbg
CIZ1	Ciz1
SLCO4C1	Slco4c1
AQP8	Aqp8
GET3	Get3
OSBP2	Osbp2
SNX6	Snx6
AMHR2	Amhr2
CD99L2	Cd99l2
TRMT6	Trmt6
CMTM6	Cmtm6
RUSF1	Rusf1
ZCCHC10	Zcchc10
CCL11	Ccl11
SCAF1	Scaf1
GABARAP	Gabarap
LIPH	Liph
PCDHGA4	Pcdhga4
OXT	Oxt
SF3A2	Sf3a2
SPATA2	Spata2
SLCO3A1	Slco3a1
ZEB1	Zeb1
PIPOX	Pipox
NCOA6	Ncoa6
PIEZO1	Piezo1
IQGAP2	Iqgap2
ACTC1	Actc1
ARPC3	Arpc3
SYVN1	Syvn1
DHRS7B	Dhrs7b
XK	Xk
PPP2R5E	Ppp2r5e
CFP	Cfp
TRIM38	Trim38
DIP2C	Dip2c
SLC16A13	Slc16a13
UBL7	Ubl7
SLC35A2	Slc35a2
FAM83F	Fam83f
SMIM45	Smim45
XYLB	Xylb
GHITM	Ghitm
FBLN1	Fbln1
AKAP10	Akap10
LY6G6F	Ly6g6f
SAMD5	Samd5
ITPRIP	Itprip
GPR6	Gpr6
PACSIN1	Pacsin1
AKAP3	Akap3
ABT1	Abt1
DEF6	Def6
SYNDIG1	Syndig1
LRP1	Lrp1
LTC4S	Ltc4s
ACTR1A	Actr1a
LY86	Ly86
MMP24	Mmp24
LRRC75A	Lrrc75a
C5orf52	4921536K21Rik
KHDRBS2	Khdrbs2
FAM120C	Fam120c
GRPEL2	Grpel2
STK35	Stk35
FAM83G	Fam83g
ISM1	Ism1
MTCH1	Mtch1
STAU1	Stau1
ANKRA2	Ankra2
UCP3	Ucp3
CHST7	Chst7
CASKIN2	Caskin2
OPHN1	Ophn1
JMJD1C	Jmjd1c
TMEM135	Tmem135
DAZAP2	Dazap2
DLK2	Dlk2
AREL1	Arel1
SPEF2	Spef2
CYLC1	Cylc1
OSTM1	Ostm1
AMOT	Amot
ECD	Ecd
FRMD7	Frmd7
TOP3B	Top3b
ACOX1	Acox1
YBX3	Ybx3
DNPH1	Dnph1
STS	Sts
UBP1	Ubp1
ZNF449	Zfp449
ATP5MJ	Atp5mj
STX3	Stx3
ABCF1	Abcf1
GNPDA1	Gnpda1
PCK1	Pck1
AKAP14	Akap14
ITGAD	Itgad
QTGAL	B3gntl1
DYNLRB1	Dynlrb1
FUOM	Fuom
NDUFAF1	Ndufaf1
ZNF180	Zfp180
PCMTD2	Pcmtd2
SCN11A	Scn11a
RASEF	Rasef
EXOC3L4	Exoc3l4
TRAP1	Trap1
SYAP1	Syap1
LARP6	Larp6
GRHPR	Grhpr
UBXN6	Ubxn6
DTWD1	Dtwd1
ADAMTS15	Adamts15
CHIC1	Chic1
PABPN1	Pabpn1
SHLD1	Shld1
KCNC2	Kcnc2
VDAC2	Vdac2
CDK16	Cdk16
HLTF	Hltf
CST11	Cst11
TNFRSF21	Tnfrsf21
TAF15	Taf15
ARFGAP1	Arfgap1
LGALS3	Lgals3
FAM83B	Fam83b
PPIP5K2	Ppip5k2
SPX	Spx
SNRPD3	Snrpd3
EEF1AKMT3	Eef1akmt3
REV3L	Rev3l
CKAP4	Ckap4
TMC3	Tmc3
EIF3L	Eif3l
RASGRP2	Rasgrp2
ARPP19	Arpp19
SKAP1	Skap1
TGFB1	Tgfb1
PRRC2B	Prrc2b
BLOC1S6	Bloc1s6
WRNIP1	Wrnip1
ENGASE	Engase
BRK1	Brk1
HSPA5	Hspa5
GINM1	Ginm1
DPH6	Dph6
PAK4	Pak4
KLHDC2	Klhdc2
PRDM1	Prdm1
ZDHHC3	Zdhhc3
GLP2R	Glp2r
PHF20L1	Phf20l1
HSD17B3	Hsd17b3
CAND1	Cand1
RCAN2	Rcan2
SPPL2A	Sppl2a
ADGRB3	Adgrb3
ST6GALNAC2	St6galnac2
TLN1	Tln1
SEZ6L2	Sez6l2
GFOD1	Gfod1
GMDS	Gmds
CYP27B1	Cyp27b1
CD300E	Cd300e
TULP3	Tulp3
HOXB2	Hoxb2
VAMP2	Vamp2
GPATCH11	Gpatch11
TTF1	Ttf1
PTRH2	Ptrh2
NUBPL	Nubpl
RANGAP1	Rangap1
CD302	Cd302
CCNL1	Ccnl1
WDR93	Wdr93
SLC2A6	Slc2a6
ZNF688	Zfp688
SFXN4	Sfxn4
SYCP2	Sycp2
MAP7	Map7
SLC5A8	Slc5a8
FBXO39	Fbxo39
NUDT21	Nudt21
PPARGC1B	Ppargc1b
RASGRP1	Rasgrp1
EID2	Eid2
CTDSP2	Ctdsp2
MNAT1	Mnat1
ZFP90	Zfp90
PARD6B	Pard6b
MAMLD1	Mamld1
PCED1A	Pced1a
ANKK1	Ankk1
HOGA1	Hoga1
CMSS1	Cmss1
PBDC1	Pbdc1
DNAJC4	Dnajc4
EPOR	Epor
DHX37	Dhx37
ENKUR	Enkur
ZNF704	Zfp704
COX17	Cox17
MYOZ1	Myoz1
SNX16	Snx16
STEEP1	Steep1
CDIPT	Cdipt
HDHD3	Hdhd3
DOK3	Dok3
GPATCH2L	Gpatch2l
RHOT1	Rhot1
RASGEF1A	Rasgef1a
MID2	Mid2
OCA2	Oca2
LDLRAD3	Ldlrad3
GPRASP1	Gprasp1
SUSD3	Susd3
CES5A	Ces5a
RALYL	Ralyl
ZNF12	Zfp12
CAP2	Cap2
ITIH5	Itih5
MRGBP	Mrgbp
TMEM9B	Tmem9b
SQSTM1	Sqstm1
ZFAND2A	Zfand2a
RPL36AL	Gm6525
IL1RAPL2	Il1rapl2
NCOA5	Ncoa5
CLPTM1	Clptm1
TIMM8A	Timm8a1
PTK2	Ptk2
ACTL6A	Actl6a
PHF8	Phf8
PHYHD1	Phyhd1
CDT1	Cdt1
ZNF341	Zfp341
SLC27A2	Slc27a2
SH2B2	Sh2b2
GATM	Gatm
FIS1	Fis1
APBB1	Apbb1
RPL37	Rpl37
TEC	Tec
SAMD8	Samd8
GMPR2	Gmpr2
CTCF	Ctcf
EYA2	Eya2
ZNF474	Zfp474
NOC3L	Noc3l
PCDHGC3	Pcdhgc3
PUS7	Pus7
OCIAD2	Ociad2
ITGB1BP1	Itgb1bp1
HYKK	Hykk
LCMT2	Lcmt2
DOCK2	Dock2
LYSMD4	Lysmd4
CDKN2D	Cdkn2d
SLC68A1	Mfsd13a
GNA15	Gna15
PMM2	Pmm2
PTPRT	Ptprt
TMOD3	Tmod3
MPC1	Mpc1
COL27A1	Col27a1
TBC1D25	Tbc1d25
YJU2	Yju2
MRPS18C	Mrps18c
SLC44A4	Slc44a4
TOP2B	Top2b
NIPA1	Nipa1
TMX4	Tmx4
LRG1	Lrg1
SGPL1	Sgpl1
GALNT11	Galnt11
LSM4	Lsm4
SRSF6	Srsf6
IL1RAPL1	Il1rapl1
UPF3B	Upf3b
VSTM4	Vstm4
DENND4A	Dennd4a
BLCAP	Blcap
TOR4A	Tor4a
HSDL2	Hsdl2
ANKRD16	Ankrd16
CLCN7	Clcn7
GINS1	Gins1
DPF1	Dpf1
PAIP2	Paip2
PPP2R5D	Ppp2r5d
GAB1	Gab1
LHPP	Lhpp
TOX2	Tox2
UVRAG	Uvrag
FBN1	Fbn1
ERMP1	Ermp1
MKKS	Mkks
F2RL2	F2rl2
IBSP	Ibsp
ACOT12	Acot12
KCNIP4	Kcnip4
PTER	Pter
TBXAS1	Tbxas1
TLDC2	Tldc2
POFUT1	Pofut1
CPE	Cpe
KDELR1	Kdelr1
MLLT10	Mllt10
NPY2R	Npy2r
ZNF721	Zfp420
SLC36A3	Slc36a3
TMEM190	Tmem190
DEFB119	Defb19
PRPF4	Prpf4
OVOL1	Ovol1
MEF2A	Mef2a
SCARB1	Scarb1
PATE4	Pate4
EFNA5	Efna5
TBCA	Tbca
SDHAF3	Sdhaf3
LARGE2	Large2
NOP14	Nop14
GIMAP6	Gimap6
RPS19	Rps19
LRRC61	Lrrc61
HLA-DMA	H2-DMa
C16orf96	4930562C15Rik
FAM136A	Fam136a
GLCCI1	Glcci1
SRCAP	Srcap
ZSWIM6	Zswim6
TENM2	Tenm2
ZNF48	Zfp553
MGAM	Mgam
NFYA	Nfya
ITGAM	Itgam
KCNN2	Kcnn2
GABRG1	Gabrg1
GADD45G	Gadd45g
GPHA2	Gpha2
DNAJC5	Dnajc5
APLN	Apln
USP46	Usp46
DLG3	Dlg3
ATAD2B	Atad2b
TREH	Treh
RRAS	Rras
CCDC174	Ccdc174
PTGDS	Ptgds
APBB1IP	Apbb1ip
H2AZ2	H2az2
STX16	Stx16
ADAMTS10	Adamts10
IL20RB	Il20rb
SMTN	Smtn
BEND4	Bend4
MED20	Med20
LIN7C	Lin7c
FAM13C	Fam13c
TRIML2	Triml2
ACTR10	Actr10
RHO	Rho
BTN1A1	Btn1a1
PTAR1	Ptar1
GPR83	Gpr83
FKBP9	Fkbp9
TBC1D22B	Tbc1d22b
ENTPD3	Entpd3
BRD7	Brd7
USE1	Use1
SLC7A3	Slc7a3
AGA	Aga
ACLY	Acly
PPME1	Ppme1
RFX3	Rfx3
SLC38A7	Slc38a7
SMOX	Smox
RHOH	Rhoh
KCNMB3	Kcnmb3
NFYB	Nfyb
MOCS1	Mocs1
CDHR4	Cdhr4
ERCC6L	Ercc6l
CAST	Cast
TLX1	Tlx1
PHKA2	Phka2
NKX2-3	Nkx2-3
EEF1AKMT2	Eef1akmt2
PCNP	Pcnp
HGFAC	Hgfac
SLC34A3	Slc34a3
CREB3L3	Creb3l3
DUSP16	Dusp16
SUSD1	Susd1
SNAP25	Snap25
FOXN3	Foxn3
GRIK2	Grik2
TM4SF4	Tm4sf4
C16orf92	4930451I11Rik
ZNF784	Zfp784
ZNF77	BC025920
DDX47	Ddx47
DBR1	Dbr1
ABCA3	Abca3
TRDMT1	Trdmt1
MRPL40	Mrpl40
PWWP3A	Pwwp3a
HES1	Hes1
DGKK	Dgkk
GGCX	Ggcx
NIPA2	Nipa2
TIMP3	Timp3
TMEM121	Tmem121
TREML1	Treml1
CAMK2B	Camk2b
AP5M1	Ap5m1
MAPKAP1	Mapkap1
TBC1D14	Tbc1d14
PRPF6	Prpf6
TMEM184B	Tmem184b
RRAGD	Rragd
CYSLTR1	Cysltr1
TUBA1C	Tuba1c
GLA	Gla
CPNE4	Cpne4
HACE1	Hace1
PAPLN	Papln
RILPL1	Rilpl1
VSX1	Vsx1
MBTPS2	Mbtps2
NCLN	Ncln
APMAP	Apmap
MORF4L2	Morf4l2
GALR3	Galr3
ZNF239	Zfp239
FAM118A	Fam118a
RNF41	Rnf41
E2F1	E2f1
CCNI	Ccni
PLCG1	Plcg1
PPL	Ppl
PIERCE1	Pierce1
WASHC5	Washc5
REEP3	Reep3
ZNF483	Zkscan16
PSENEN	Psenen
ECT2	Ect2
LDB3	Ldb3
QPRT	Qprt
C6orf132	AI661453
PPP2R5C	Ppp2r5c
FNBP1	Fnbp1
FGD1	Fgd1
PKN1	Pkn1
PALLD	Palld
CABP7	Cabp7
CXCR1	Cxcr1
POLR3H	Polr3h
MDM1	Mdm1
ADRA1D	Adra1d
SPATA25	Spata25
GALNT5	Galnt5
SLC52A3	Slc52a3
MTHFSD	Mthfsd
PRSS55	Prss55
FMR1	Fmr1
AP3M2	Ap3m2
FITM2	Fitm2
CPXM1	Cpxm1
PDGFB	Pdgfb
SANBR	Sanbr
CTNND1	Ctnnd1
RASL10B	Rasl10b
MYB	Myb
TVP23A	Tvp23a
ETFRF1	Etfrf1
UBE2K	Ube2k
TRAF4	Traf4
DECR1	Decr1
TP53INP2	Trp53inp2
DEPDC5	Depdc5
TNFRSF17	Tnfrsf17
CTDSPL2	Ctdspl2
GSTZ1	Gstz1
RAB35	Rab35
WFDC5	Wfdc5
FABP2	Fabp2
CLDND2	Cldnd2
ACTR5	Actr5
SRGN	Srgn
STK17B	Stk17b
ADAM11	Adam11
AARS1	Aars1
LARP4B	Larp4b
TRMT1	Trmt1
TEX10	Tex10
MMP24OS	Mmp24os1
SRGAP3	Srgap3
GUCY1B1	Gucy1b1
CD40	Cd40
CNOT9	Cnot9
SYNM	Synm
GFRA2	Gfra2
EFCAB13	Efcab3
SEC31B	Sec31b
IGDCC3	Igdcc3
MRAS	Mras
CD63	Cd63
PSEN1	Psen1
BTBD3	Btbd3
PCDHB2	Pcdhb2
M1AP	M1ap
OSR2	Osr2
NXNL2	Nxnl2
DBH	Dbh
SLC12A5	Slc12a5
ARMC7	Armc7
ZHX2	Zhx2
SLC23A3	Slc23a3
INPP5E	Inpp5e
PHOSPHO1	Phospho1
SPMAP2L	Spmap2l
PLAT	Plat
GABRB1	Gabrb1
CSNK1D	Csnk1d
NR2E3	Nr2e3
CLK4	Clk4
ODAM	Odam
LHX2	Lhx2
NME9	Nme9
CYP26B1	Cyp26b1
FAM98B	Fam98b
SLC31A1	Slc31a1
ZNF266	Zfp266
YTHDF1	Ythdf1
SLC24A5	Slc24a5
SGMS1	Sgms1
TMEM237	Tmem237
PHF20	Phf20
CEMIP2	Cemip2
EEF1AKMT4	Eef1akmt4
ITGA11	Itga11
HERC3	Herc3
QTRT2	Qtrt2
JADE3	Jade3
DNAAF10	Dnaaf10
ZRSR2	Gm73394
RGMA	Rgma
PDE6D	Pde6d
ASTE1	Aste1
FAH	Fah
NFKBIB	Nfkbib
DTD2	Dtd2
SLC30A8	Slc30a8
TJP2	Tjp2
TAFAZZIN	Tafazzin
GPX1	Gpx1
TXNDC16	Txndc16
SCGB3A1	Scgb3a1
PRDM7	Prdm9
CSNK1G2	Csnk1g2
IRX4	Irx4
CADM2	Cadm2
METTL22	Mettl22
SESTD1	Sestd1
WSCD2	Wscd2
PCDHGA2	Pcdhga2
CCNY	Ccny
SSUH2	Ssu2
APC	Apc
ALB	Alb
MATCAP2	Matcap2
ABCC3	Abcc3
LUM	Lum
ENTPD6	Entpd6
C3AR1	C3ar1
AHSA1	Ahsa1
PTP4A3	Ptp4a3
CCDC92	Ccdc92
ESYT3	Esyt3
KDM7A	Kdm7a
CORO7	Coro7
KIAA0825	2210408I21Rik
LANCL2	Lancl2
TDRD7	Tdrd7
NODAL	Nodal
MAP4K5	Map4k5
MEIG1	Meig1
MYO5C	Myo5c
NDUFB8	Ndufb8
PPP1R17	Ppp1r17
UBE2H	Ube2h
DIRAS2	Diras2
TMPRSS6	Tmprss6
PIP5KL1	Pip5kl1
NIM1K	Nim1k
DUSP29	Dusp29
CHPT1	Chpt1
SMIM23	Smim23
ACAD11	Acad11
USP6NL	Usp6nl
XIAP	Xiap
ESRRB	Esrrb
ANKHD1	Ankhd1
PKHD1L1	Pkhd1l1
FPGS	Fpgs
PRKCH	Prkch
CRTC3	Crtc3
HUWE1	Huwe1
DGKD	Dgkd
SFXN2	Sfxn2
GLI3	Gli3
NKX2-1	Nkx2-1
ZFYVE26	Zfyve26
PLEKHA2	Plekha2
TMEM143	Tmem143
PPIB	Ppib
CACNB3	Cacnb3
DPY19L1	Dpy19l1
EMC2	Emc2
LINS1	Lins1
HSD3B7	Hsd3b7
C19orf44	1700030K09Rik
BMPR1A	Bmpr1a
ZSCAN25	Zscan25
TEX9	Tex9
ZFHX4	Zfhx4
ETF1	Etf1
PTPRS	Ptprs
SCRIB	Scrib
FUT8	Fut8
LRRC57	Lrrc57
TM7SF3	Tm7sf3
SENP8	Senp8
APPL1	Appl1
DOC2A	Doc2a
SIN3A	Sin3a
HIBADH	Hibadh
CD177	Cd177
TTC23L	Ttc23l
OST4	Ost4
TNFRSF13C	Tnfrsf13c
MCAT	Mcat
LCP2	Lcp2
MOSPD2	Mospd2
HABP2	Habp2
RPS28	Rps28
MED15	Med15
UBE2A	Ube2a
PLEKHA1	Plekha1
KCNN4	Kcnn4
PDLIM2	Pdlim2
STAC3	Stac3
NSA2	Nsa2
HTR1F	Htr1f
TRANK1	Trank1
TUBA1A	Tuba1a
CMBL	Cmbl
SLC16A2	Slc16a2
PRRT3	Prrt3
SCN2A	Scn2a
TNPO2	Tnpo2
PWP1	Pwp1
BTBD6	Btbd6
DMD	Dmd
IQCF3	Iqcf3
PRUNE2	Prune2
CALM1	Calm1
CFAP92	Cfap92
NLN	Nln
CST7	Cst7
LY6K	Ly6k
ATP9A	Atp9a
EFL1	Efl1
TMC5	Tmc5
IKBKB	Ikbkb
ZFP57	Zfp57
CCDC180	Ccdc180
BRI3BP	Bri3bp
IRF4	Irf4
MOAP1	Moap1
ARFRP1	Arfrp1
CCND2	Ccnd2
PALM2AKAP2	Pakap
CDH18	Cdh18
ASB2	Asb2
HERC1	Herc1
STARD7	Stard7
WIPI2	Wipi2
VIPR1	Vipr1
EXOC2	Exoc2
EZH1	Ezh1
CAMK2G	Camk2g
ADAMTSL1	Adamtsl1
IRF1	Irf1
SNRPN	Snrpn
OTOS	Otos
PTPA	Ptpa
HPS4	Hps4
MYBPC2	Mybpc2
TPCN1	Tpcn1
CDYL2	Cdyl2
ARMC10	Armc10
CTF1	Ctf1
POC5	Poc5
CPNE6	Cpne6
MRPL12	Mrpl12
CNOT1	Cnot1
ZNF638	Zfp638
NF1	Nf1
FAM161B	Fam161b
TECPR2	Tecpr2
HTATSF1	Htatsf1
SBSPON	Sbspon
COL5A1	Col5a1
CYP4F3	Cyp4f18
LAMP5	Lamp5
POFUT3	Pofut3
FAM114A2	Fam114a2
PKD1L1	Pkd1l1
SPTB	Sptb
PTPRG	Ptprg
RTEL1	Rtel1
TRPS1	Trps1
TCEAL9	Tceal9
NXF3	Nxf3
SAMD3	Samd3
PLSCR5	Plscr5
TMSB10	Tmsb10b
GAA	Gaa
CHRNA2	Chrna2
NDUFS7	Ndufs7
TENM1	Tenm1
EXOC4	Exoc4
TRMT61A	Trmt61a
TEKT3	Tekt3
RHOJ	Rhoj
MAP3K2	Map3k2
PIWIL2	Piwil2
ALKBH1	Alkbh1
GRM4	Grm4
PAX9	Pax9
ITM2A	Itm2a
TOM1L1	Tom1l1
CBLN3	Cbln3
SIT1	Sit1
EML5	Eml5
SEC16A	Sec16a
METTL27	Mettl27
NOL12	Nol12
APOBEC3H	Apobec3
DIPK2B	Dipk2b
MTMR14	Mtmr14
SYTL5	Sytl5
ATRAID	Atraid
PIM3	Pim3
TRIM35	Trim35
ST7	St7
MAN2A1	Man2a1
CDC37	Cdc37
GSTCD	Gstcd
ASPN	Aspn
LRRC24	Lrrc24
TAP1	Tap1
MAPK1	Mapk1
ZFTRAF1	Zftraf1
ARHGEF40	Arhgef40
PLPP7	Plpp7
IL21R	Il21r
ADGRA2	Adgra2
GPR107	Gpr107
MYO7B	Myo7b
PDCD2L	Pdcd2l
OSM	Osm
RASD2	Rasd2
ZKSCAN8	Zkscan8
STX5	Stx5a
MPPED1	Mpped1
PSKH1	Pskh1
LRAT	Lrat
PPFIA2	Ppfia2
RPL8	Rpl8
MYADM	Myadm
SLITRK4	Slitrk4
AMDHD2	Amdhd2
PRR32	Prr32
ACR	Acr
CDS1	Cds1
IDH3G	4933405O20Rik
ZDHHC8	Zdhhc8
ZDHHC14	Zdhhc14
CHAC2	Chac2
LCN8	Lcn8
DNAJC18	Dnajc18
C1QL2	C1ql2
VSTM2B	Vstm2b
RNF20	Rnf20
HS3ST3A1	Hs3st3a1
DKK2	Dkk2
TCN2	Tcn2
TMEM91	Tmem91
TMEM156	Tmem156
ANKS1A	Anks1
CEP72	Cep72
PRPF8	Prpf8
TNFSF15	Tnfsf15
YTHDC1	Ythdc1
ZDHHC5	Zdhhc5
STX17	Stx17
PLPBP	Plpbp
PDZD9	Pdzd9
ANKZF1	Ankzf1
LYPD5	Lypd5
TMEM208	Tmem208
ACSL4	Acsl4
PRLR	Prlr
SIN3B	Sin3b
UBN1	Ubn1
HMGXB4	Hmgxb4
RAB27A	Rab27a
AKIP1	Akip1
ZSCAN12	Zscan12
DCUN1D4	Dcun1d4
ZNF318	Zfp318
RANBP10	Ranbp10
EIF4EBP1	Eif4ebp1
CYTH4	Cyth4
LYN	Lyn
SLC17A3	Slc17a3
ESYT2	Esyt2
AIPL1	Aipl1
ACER3	Acer3
ZBTB10	Zbtb10
RAPGEF6	Rapgef6
CIMAP1D	Cimap1d
DPPA3	Dppa3
CA13	Car13
TAOK2	Taok2
LSM14A	Lsm14a
ZNF385C	Zfp385c
SCRT1	Scrt1
ZNF250	Zfp647
POLR3B	Polr3b
RPS12	Rps12
DGUOK	Dguok
PPM1D	Ppm1d
PRC1	Prc1
MRPL27	Mrpl27
CCDC120	Ccdc120
FGFRL1	Fgfrl1
MRPS18B	Mrps18b
UBN2	Ubn2
MRPL10	Mrpl10
ACSM3	Acsm3
DOK7	Dok7
TMEM185A	Tmem185a
CASTOR2	Castor2
SPAG7	Spag7
CALHM5	Calhm5
LOXL2	Loxl2
CFAP210	Cfap210
PACRG	Pacrg
KEL	Kel
CARS1	Cars1
UQCR10	Uqcr10
PAFAH1B3	Pafah1b3
DGCR8	Dgcr8
ETNPPL	Etnppl
GAL3ST4	Gal3st4
TAB3	Tab3
TMEM74	Tmem74
UNC13D	Unc13d
CENPH	Cenph
CHURC1	Churc1
CALCOCO1	Calcoco1
SEPTIN7	Septin7
TTLL4	Ttll4
ZBTB33	Zbtb33
MRPS18A	Mrps18a
RGMB	Rgmb
IGDCC4	Igdcc4
RALGDS	Ralgds
ERICH5	Erich5
CENPM	Cenpm
ASAP1	Asap1
CAGE1	Cage1
VEGFC	Vegfc
YY1	Yy1
HAUS2	Haus2
ITGB1BP2	Itgb1bp2
JAKMIP1	Jakmip1
SLC39A9	Slc39a9
TCERG1	Tcerg1
NOL7	Nol7
ORC5	Orc5
NIPSNAP1	Nipsnap1
U2AF1L4	U2af1l4
GDPD2	Gdpd2
CHD2	Chd2
CDC27	Cdc27
TBC1D23	Tbc1d23
SLC39A14	Slc39a14
TJAP1	Tjap1
AMER3	Amer3
SNRNP27	Snrnp27
RIBC1	Ribc1
COL4A4	Col4a4
PLA2G3	Pla2g3
PATZ1	Patz1
ARL9	Arl9
AUTS2	Auts2
PDLIM3	Pdlim3
PHYHIPL	Phyhipl
SLC5A1	Slc5a1
MMD	Mmd
METTL26	Mettl26
PVALB	Pvalb
COL13A1	Col13a1
UPRT	Uprt
STAT5B	Stat5b
NPAS2	Npas2
NGRN	Ngrn
TMEM192	Tmem192
AHR	Ahr
LRRC75B	Lrrc75b
AFAP1	Afap1
BEX3	Bex3
MAP2K1	Map2k1
SLC13A1	Slc13a1
LRP2BP	Lrp2bp
DENND11	Dennd11
ANKDD1B	Ankdd1b
ARR3	Arr3
MARF1	Marf1
CERS4	Cers4
PCDH7	Pcdh7
MTFP1	Mtfp1
FLNA	Flna
SRR	Srr
ANKRD52	Ankrd52
SHANK3	Shank3
FARS2	Fars2
SRP72	Srp72
SLC8A3	Slc8a3
TM6SF1	Tm6sf1
EBF1	Ebf1
SYNGR1	Syngr1
HDAC11	Hdac11
EEF1B2	Eef1b2
DEPDC1B	Depdc1b
SHBG	Shbg
ELAPOR2	Elapor2
CLDN5	Cldn5
OSBPL5	Osbpl5
FAM83A	Fam83a
CSDC2	Csdc2
MYL6	Myl6
TRAF3	Traf3
BNIP2	Bnip2
NPM2	Npm2
HDAC10	Hdac10
ATE1	Ate1
LEMD2	Lemd2
SMIM3	Smim3
SLC5A11	Slc5a11
SH3RF2	Sh3rf2
DOK1	Dok1
ADCY1	Adcy1
HOPX	Hopx
FEZF2	Fezf2
DRD3	Drd3
CA12	Car12
SLC27A6	Slc27a6
SLC35B2	Slc35b2
FOXN2	Foxn2
EIF3B	Eif3b
TIGD4	Tigd4
SHLD2	Shld2
JAG2	Jag2
PAQR3	Paqr3
RND2	Rnd2
STIMATE	Stimate
CD19	Cd19
CMTR1	Cmtr1
WBP2	Wbp2
PRKAA1	Prkaa1
COL25A1	Col25a1
WNT8A	Wnt8a
RAB2A	Rab2a
GTF2A2	Gtf2a2
PDXDC1	Pdxdc1
ROM1	Rom1
CTNND2	Ctnnd2
GREB1	Greb1
PLRG1	Plrg1
TMEM200A	Tmem200a
ARID1B	Arid1b
SORBS3	Sorbs3
ATP2A3	Atp2a3
NTRK3	Ntrk3
TPK1	Tpk1
PACS1	Pacs1
PLS1	Pls1
CXCL13	Cxcl13
TRMT10A	Trmt10a
ACSL5	Acsl5
JPH4	Jph4
GPRASP3	Bhlhb9
POU2F3	Pou2f3
TNNT1	Tnnt1
ACHE	Ache
TECRL	Tecrl
ZFAND3	Zfand3
BOP1	Bop1
FDXACB1	Fdxacb1
ACTR1B	Actr1b
SSTR3	Sstr3
RRP7A	Rrp7a
SLC6A12	Slc6a12
ZNF410	Zfp410
CHRM1	Chrm1
ADPGK	Adpgk
SIM1	Sim1
HEBP2	Hebp2
PRDM6	Prdm6
NIBAN2	Niban2
GNA13	Gna13
SYNE1	Syne1
NPY	Npy
TMEM92	Tmem92
RNF32	Rnf32
WIPI1	Wipi1
SPECC1L	Specc1l
TTC23	Ttc23
HSPA9	Hspa9
BMAL1	Bmal1
FAM53A	Fam53a
DNAJC10	Dnajc10
PGRMC2	Pgrmc2
FUBP3	Fubp3
USP22	Usp22
KLHL5	Klhl5
SRPK3	Srpk3
HOXA10	Hoxa10
CYB5R4	Cyb5r4
CTTNBP2	Cttnbp2
TDO2	Tdo2
ZSWIM2	Zswim2
ASB18	Asb18
HOXA7	Hoxa7
PHF21B	Phf21b
CYTH1	Cyth1
ARF5	Arf5
UACA	Uaca
NTAQ1	Ntaq1
C3	C3
FRMD3	Frmd3
SSC4D	Ssc4d
IPMK	Ipmk
RANBP9	Ranbp9
SEPTIN6	Septin6
WNT10B	Wnt10b
C10orf90	D7Ertd443e
MMRN1	Mmrn1
PECR	Pecr
SDC2	Sdc2
AIMP2	Aimp2
SYNJ2	Synj2
SFMBT2	Sfmbt2
COX18	Cox18
POC1B	Poc1b
TESK1	Tesk1
CEP131	Cep131
NSMCE2	Nsmce2
CCDC198	Ccdc198
WDR91	Wdr91
ACAN	Acan
ARHGEF38	Arhgef38
KIAA1191	4833439L19Rik
SET	Set
DCAF17	Dcaf17
PLCL2	Plcl2
ZFYVE27	Zfyve27
PIM1	Pim1
CLOCK	Clock
SYN2	Syn2
LPCAT2	Lpcat2
SCAMP4	Scamp4
TCF12	Tcf12
NEDD9	Nedd9
FAU	Fau
ARL4C	Arl4c
TSPAN12	Tspan12
ICOS	Icos
MRPL51	Mrpl51
XKR5	Xkr5
SHPRH	Shprh
SOX17	Sox17
TRAF7	Traf7
APBA3	Apba3
NHS	Nhs
FAM110B	Fam110b
ZC3H14	Zc3h14
ITGA9	Itga9
TBX5	Tbx5
SSMEM1	Ssmem1
PLCD4	Plcd4
SOX6	Sox6
HSD17B10	Hsd17b10
R3HCC1	R3hcc1
SCAMP1	Scamp1
HAUS6	Haus6
IFRD1	Ifrd1
NCOA2	Ncoa2
CXCR3	Cxcr3
PRICKLE3	Prickle3
RAB8A	Rab8a
MORN4	Morn4
SLC22A2	Slc22a2
SH2D4B	Sh2d4b
CYP2C18	Cyp2c55
ZUP1	Zup1
ITFG2	Itfg2
NMI	Nmi
FGFBP1	Fgfbp1
MYORG	Myorg
OVOL3	Ovol3
DMBT1	Dmbt1
HINT2	Hint2
ENPEP	Enpep
CSF1R	Csf1r
WRN	Wrn
NEK10	Nek10
ZNF804B	Zfp804b
SEC61G	Sec61g
FSD1L	Fsd1l
GAS7	Gas7
FAT3	Fat3
TTC21B	Ttc21b
OR51C1	Or51f23b
TRPC5OS	Trpc5os
HNRNPH2	Hnrnph2
ST6GALNAC6	St6galnac6
CCNB3	Ccnb3
MNX1	Mnx1
ARHGEF12	Arhgef12
ITPRID1	Itprid1
SLC25A43	Slc25a43
TFG	Tfg
FGF18	Fgf18
ZCCHC14	Zcchc14
KITLG	Kitl
DHRS7C	Dhrs7c
PPP1R3A	Ppp1r3a
PMP2	Pmp2
HK3	Hk3
SLC38A8	Slc38a8
DOCK6	Dock6
HGSNAT	Hgsnat
PSMB9	Psmb9
NSUN5	Nsun5
CCDC102A	Ccdc102a
CEP112	Cep112
CYP2U1	Cyp2u1
C9orf85	1110059E24Rik
NUP43	Nup43
FAM78A	Fam78a
SEPSECS	Sepsecs
PTPRR	Ptprr
CORO2A	Coro2a
CDH9	Cdh9
PRKACA	Prkaca
TMEM140	Tmem140
SRRM3	Srrm3
VCAN	Vcan
EPB41L4B	Epb41l4b
APOC1	Apoc1
PRIMPOL	Primpol
MAGI2	Magi2
CCN6	Ccn6
MRPL28	Mrpl28
DCBLD1	Dcbld1
SPIDR	Spidr
DLGAP5	Dlgap5
GRIN2D	Grin2d
PCDHA13	Pcdha12
ANO2	Ano2
ARMC3	Armc3
DDX39A	Ddx39a
PTGES	Ptges
DDX4	Ddx4
PPM1H	Ppm1h
MPDZ	Mpdz
WWOX	Wwox
TRPV5	Trpv5
MYF5	Myf5
AGER	Ager
CLEC12B	Clec12b
TMPPE	Tmppe
NUP160	Nup160
ARHGAP31	Arhgap31
AVPI1	Avpi1
CHPF2	Chpf2
ARHGAP17	Arhgap17
ICE1	Ice1
PAH	Pah
MGAT4D	Mgat4d
FAM107B	Fam107b
SLC12A6	Slc12a6
ZDHHC4	Zdhhc4
NSG2	Nsg2
ZNF536	Zfp536
DGKG	Dgkg
DEGS2	Degs2
LRR1	Lrr1
TBCB	Tbcb
RAB39B	Rab39b
HAND1	Hand1
WIPF2	Wipf2
SLC9B1	Slc9b1
PCDHAC2	Pcdhac2
SLC25A47	Slc25a47
KIF4A	Kif4
DTX3	Dtx3
GREP1	Grep1
SPN	Spn
BAZ1A	Baz1a
COG7	Cog7
RPL28	Rpl28
ZNF438	Zfp438
THNSL2	Thnsl2
SLC38A2	Slc38a2
NLE1	Nle1
CAMKV	Camkv
ZNF623	Zfp623
GPR37	Gpr37
LRMDA	Lrmda
GGH	Ggh
C10orf71	3425401B19Rik
ASNS	Asns
FAM149B1	Fam149b
SLC33A2	Mfsd3
MYCN	Mycn
CCL5	Ccl5
CFAP68	Cfap68
PPAN	Ppan
ROGDI	Rogdi
UNC5D	Unc5d
C11orf58	1110004F10Rik
MYH15	Myh15
DDX42	Ddx42
NAB2	Nab2
FUNDC2	Fundc2
DOHH	Dohh
XCR1	Xcr1
ABCD1	Abcd1
LBX1	Lbx1
LDB1	Ldb1
ABRA	Abra
BTBD2	Btbd2
SLC25A3	Slc25a3
GRINA	Grina
TNKS1BP1	Tnks1bp1
CLPSL2	Clpsl2
NRK	Nrk
MARCHF8	Marchf8
HIVEP1	Hivep1
ACAD9	Acad9
NHSL1	Nhsl1
FRMPD4	Frmpd4
TRAPPC6B	Trappc6b
VSTM5	Vstm5
SCAI	Scai
HLA-DOA	H2-Oa
TACC1	Tacc1
RPS6KA3	Rps6ka3
DPP4	Dpp4
SNX19	Snx19
NIP7	Nip7
CIRBP	Cirbp
NPTN	Nptn
FXR2	Fxr2
L3HYPDH	L3hypdh
SMIM10L3	Smim10l3
HOXA4	Hoxa4
SKIC2	Skic2
A1CF	A1cf
RCOR1	Rcor1
NRF1	Nrf1
SPG7	Spg7
GLTPD2	Gltpd2
OR4K1	Or4k1
FAM120A	Fam120a
YBX2	Ybx2
PAFAH1B2	Pafah1b2
ATXN7L3	Atxn7l3
RNF111	Rnf111
TMEM198	Tmem198
NSG1	Nsg1
FLRT2	Flrt2
UHRF2	Uhrf2
CEP170B	Cep170b
CFAP97	Cfap97
PUDP	Pudp
RETSAT	Retsat
ELF5	Elf5
NCF1	Ncf1
GPC4	Gpc4
NOL11	Nol11
SH3BP2	Sh3bp2
TRIO	Trio
CCDC88B	Ccdc88b
ACOX2	Acox2
HECTD1	Hectd1
NELFB	Nelfb
RHOXF1	Rhox13
PTPN9	Ptpn9
IL1RL2	Il1rl2
C8G	C8g
TRMT2B	Trmt2b
GBA2	Gba2
GEMIN6	Gemin6
FRMD8	Frmd8
BRCA1	Brca1
MARCHF6	Marchf6
PLA2G4F	Pla2g4f
DMRTA1	Dmrta1
SOS1	Sos1
KYAT1	Kyat1
CRISP2	Crisp2
KAZN	Kazn
LRRC56	Lrrc56
PYCR3	Pycr3
TSPAN7	Tspan7
CHMP7	Chmp7
CD36	Cd36
PADI6	Padi6
RTN4IP1	Rtn4ip1
ANXA2	Anxa2
COL4A5	Col4a5
BICRA	Bicra
HERC6	Herc6
KLF18	Zfp352
SLC6A15	Slc6a15
CD2AP	Cd2ap
ESRP1	Esrp1
CORO1B	Coro1b
PFN2	Pfn2
TENT2	Tent2
BAZ2B	Baz2b
IQCF1	Iqcf1
IL4R	Il4ra
ALKBH7	Alkbh7
SORCS2	Sorcs2
STX19	Stx19
PARG	Parg
TENM3	Tenm3
PREP	Prep
POLR2E	Polr2e
BCL6	Bcl6
FLI1	Fli1
IGF1	Igf1
AKAP5	Akap5
VCF2	Vcf1
ZFYVE21	Zfyve21
TSHB	Tshb
CAMTA2	Camta2
CCDC73	Ccdc73
PRDM14	Prdm14
FTSJ1	Ftsj1
NKX6-1	Nkx6-1
DRD5	Drd5
CDKL2	Cdkl2
ETS1	Ets1
IGF2BP2	Igf2bp2
RPP40	Rpp40
FABP5	Fabp5
CHN1	Chn1
P2RX7	P2rx7
LRIT1	Lrit1
RNF38	Rnf38
ACBD7	Acbd7
OR10J5	Or10j5
ZCCHC4	Zcchc4
TAF3	Taf3
MICU3	Micu3
PLEKHG3	Plekhg3
TMEM273	Tmem273
GPR34	Gpr34
PLIN5	Plin5
SLC6A3	Slc6a3
RAG1	Rag1
RIGI	Rigi
ADTRP	Adtrp
NAA10	Naa10
SHISA9	Shisa9
ZNF23	Zfp612
C10orf88	2310057M21Rik
DNAAF2	Dnaaf2
DCDC2	Dcdc2a
EAPP	Eapp
SHCBP1L	Shcbp1l
PCSK7	Pcsk7
LSM1	Lsm1
ELOVL4	Elovl4
ST8SIA4	St8sia4
MGMT	Mgmt
GAR1	Gar1
SNAI3	Snai3
TPPP2	Tppp2
STK38	Stk38
MVD	Mvd
UBE2W	Ube2w
PALM3	Palm3
RND3	Rnd3
PLIN4	Plin4
EXOC8	Exoc8
COA8	Coa8
RGS21	Rgs21
MRC1	Mrc1
DKC1	Dkc1
NPB	Npb
MUSK	Musk
GGT6	Ggt6
BCL7A	Bcl7a
CCNA2	Ccna2
REL	Rel
BBOF1	Bbof1
GPR52	Gpr52
PTX4	Ptx4
TEAD3	Tead3
PMIS2	Pmis2
ZNF768	Zfp768
EPHX3	Ephx3
MIR34A	Mir34a
RNU6-636P	Gm25061
CHP2	Chp2
GALT	Galt
RNU2-30P	Gm22451
FGFR4	Fgfr4
ACTR6	Actr6
	Gm23593
RN7SKP19	Gm55102
RNU2-15P	Gm25475
ZDHHC22	Zdhhc22
MIR30C1	Mir30c-1
PDSS2	Pdss2
NAT9	Nat9
LARP1B	Larp1b
RNU1-130P	Gm25627
CUZD1	Cuzd1
RNU6-41P	Gm22950
RNU6-983P	Gm54928
RNU6-716P	Gm22708
MAP3K15	Map3k15
ZFYVE1	Zfyve1
RNU6-609P	Gm22352
SPATA33	Spata33
MIR205	Mir205
	Gm24729
RNU5A-8P	Gm22265
USP54	Usp54
BTN3A1	Btnl12
FAM43B	Fam43b
SCARNA18B	Gm25663
CDH16	Cdh16
TNKS	Tnks
VSIG8	Vsig8
GPR173	Gpr173
MANSC4	Mansc4
TEAD2	Tead2
TMEM52B	Tmem52b
CAPN10	Capn10
RN7SL731P	Gm55851
MAS1	Mas1
MAN1A1	Man1a
PLEKHA5	Plekha5
AMN	Amn
U6	Gm54971
CARNMT1	Carnmt1
ELF4	Elf4
GPIHBP1	Gpihbp1
SNORA80E	Gm55498
COL11A2	Col11a2
FOXH1	Foxh1
CMC4	Cmc4
BAALC	Baalc
MIR9-1	Mir9-1
MEX3A	Mex3a
RMI1	Rmi1
ARID4A	Arid4a
CISD1	Cisd1
CHST1	Chst1
ENOX2	Enox2
PDGFRL	Pdgfrl
FOXE3	Foxe3
VHLL	Vhl
LRRC52	Lrrc52
FOXD2	Foxd2
RXFP4	Rxfp4
ANGPT1	Angpt1
RNU6-481P	Gm23003
PTGR1	Ptgr1
GJA8	Gja8
RNU6-809P	Gm23293
SLC22A12	Slc22a12
KAT6B	Kat6b
LSAMP	Lsamp
SNORD55	Snord55
SNORD38A	Snord38a
PUF60	Puf60
SNORD38B	Gm22980
DCLK3	Dclk3
MRPL38	Mrpl38
HPS3	Hps3
JAM3	Jam3
RNU6-880P	Gm23732
U6	Gm25898
ADAM30	Adam30
RNU6-179P	Gm26091
KCNA10	Kcna10
STXBP5	Stxbp5
RNU6-1297P	Gm22883
RN7SKP247	Gm56084
NEDD8	Nedd8
SGSM2	Sgsm2
CLHC1	Clhc1
CAPN15	Capn15
RNF186	Rnf186
GTPBP6	Gtpbp6
PLA2G2E	Pla2g2e
AP2A2	Ap2a2
KNCN	Kncn
LNP1	Lnp1
ADD1	Add1
IRF9	Irf9
TGOLN2	Tgoln1
L1CAM	L1cam
RBM19	Rbm19
FNDC10	Fndc10
PRMT6	Prmt6
MLYCD	Mlycd
TNFAIP6	Tnfaip6
SNORA55	Gm22154
NGLY1	Ngly1
RSL1D1	Rsl1d1
STAM2	Stam2
MACROD1	Macrod1
LRRCC1	Lrrcc1
TSSK3	Tssk3
ERAL1	Eral1
IL18RAP	Il18rap
CDC42BPB	Cdc42bpb
SALL2	Sall2
LCLAT1	Lclat1
CCAR1	Ccar1
PLEKHB1	Plekhb1
ATP2C2	Atp2c2
CHRNA6	Chrna6
RIPK3	Ripk3
POLR1E	Polr1e
SLC9A7	Slc9a7
FBXO16	Fbxo16
PTGS2	Ptgs2
RNASE1	Rnase1
DVL2	Dvl2
ARMH4	Armh4
PLAC1	Plac1
SNORD45A	Gm24494
SNORD45B	Snord45b
PCDHGA9	Pcdhga9
RNF224	Rnf224
MSH4	Msh4
PREX2	Prex2
NTNG2	Ntng2
PRELID2	Prelid2
RNF223	Rnf223
PARP2	Parp2
PAK3	Pak3
SNORD21	Snord21
SNORA66	Gm26387
APOA4	Apoa4
RANBP6	Ranbp6
CCDC185	Ccdc185
SLC24A2	Slc24a2
DAP	Dap
RBM4	Rbm4
CNBD1	Cnbd1
ARHGEF25	Arhgef25
LONRF1	Lonrf1
ECPAS	Ecpas
TRAPPC13	Trappc13
RNA5S2	n-R5s141
RNA5S4	Gm26391
CFAP52	Cfap52
RNA5S11	Gm22291
ZDHHC17	Zdhhc17
RNA5S15	n-R5s134
RNA5S16	n-R5s103
RNA5S17	n-R5s100
H2AC20	H2ac20
H2AC21	H2ac21
GPR25	Gpr25
TMEM81	Tmem81
HGD	Hgd
RNU6-537P	Gm22351
MOG	Mog
CIBAR1	Cibar1
CCDC127	Ccdc127
DUSP1	Dusp1
RLIM	Rlim
CNTROB	Cntrob
NRXN2	Nrxn2
SPINK2	Spink2
MAP3K10	Map3k10
KLHDC7A	Klhdc7a
BTBD7	Btbd7
LINGO4	Lingo4
HMGXB3	Hmgxb3
THEM5	Them5
IL23A	Il23a
UGT8	Ugt8a
HPDL	Hpdl
NABP2	Nabp2
SNORA73B	Gm22053
SNORD99	Snord99
SNORA44	Snora44
SNORA16A	Snora16a
LYPD4	Lypd4
NTMT1	Ntmt1
RNU4-59P	Gm25176
PBX4	Pbx4
OR6K3	Or6k4
PUM2	Pum2
LRRC74A	Lrrc74a
OR11L1	Or11l3
SLC75A1	Mfsd10
OR6Y1	Or6p1
OR2T6	Or2t6
SLC1A5	Slc1a5
TMEM171	Tmem171
BEGAIN	Begain
OR6F1	Or6f1
ENPP1	Enpp1
TMED3	Tmed3
APOA1	Apoa1
MYF6	Myf6
OR13G1	Or13g1
ALKBH2	Alkbh2
SNURF	Snurf
OR6N1	Or6n1
DBN1	Dbn1
OR10Z1	Or10z1
POFUT4	Pofut4
E2F5	E2f5
UNC13C	Unc13c
ACSBG2	Acsbg2
SPTA1	Spta1
PDZD8	Pdzd8
NAA35	Naa35
ZNF641	Zfp641
VNN1	Vnn1
PPEF1	Ppef1
OXR1	Oxr1
HDGFL3	Hdgfl3
MIR186	Mir186
SMPD2	Smpd2
RNU6-884P	Gm24202
NSUN3	Nsun3
IER5	Ier5
BECN2	Becn2
ANXA11	Anxa11
TNFSF18	Tnfsf18
MAP10	Map10
INSL5	Insl5
SLC2A7	Slc2a7
SNAPC5	Snapc5
SLC25A39	Slc25a39
OR6K2	Or6k2
BIN2	Bin2
ACTRT2	Actrt2
DDC	Ddc
PHACTR1	Phactr1
MBD4	Mbd4
TIMP1	Timp1
TUBB4A	Tubb4a
UBAP1L	Ubap1l
TTC12	Ttc12
FRMD5	Frmd5
PLN	Pln
ATXN3	Atxn3
ALDH5A1	Aldh5a1
DKKL1	Dkkl1
COLGALT1	Colgalt1
A3GALT2	A3galt2
ASCL5	Ascl5
TBC1D21	Tbc1d21
COX6C	Cox6c
SPRR4	Sprr4
NCEH1	Nceh1
HAND2	Hand2
MAN2C1	Man2c1
LIN37	Lin37
TBX22	Tbx22
CLGN	Clgn
DCST2	Dcst2
HECA	Heca
ELAVL3	Elavl3
KDM5A	Kdm5a
SEC62	Sec62
HS6ST2	Hs6st2
RNU4-61P	Gm54493
CANX	Canx
INTS9	Ints9
TNXB	Tnxb
TCHHL1	Tchhl1
MTM1	Mtm1
RPTN	Rptn
HRNR	Hrnr
EXOSC9	Exosc9
SFN	Sfn
CATSPER4	Catsper4
KLF4	Klf4
GKAP1	Gkap1
MIR214	Mir214
MIR199A2	Mir199a-2
RNU6-157P	Gm24121
H3-4	H3f4
OR6N2	Or6n2
H3C15	H3c4
HAPLN4	Hapln4
H4C15	H4c18
H2AC18	H2ac18
SRPK1	Srpk1
H3C14	H3c2
OR2T1	Or2t1
FBXO40	Fbxo40
CCDC124	Ccdc124
CITED4	Cited4
RNU6-501P	Gm55764
SHC3	Shc3
MIR194-1	Mir194-1
SNORA36B	Snora36b
ANKS6	Anks6
ZW10	Zw10
CC2D1A	Cc2d1a
SPACA9	Spaca9
Y_RNA	Gm25283
MFN1	Mfn1
AKR7L	Akr7a5
LENEP	Lenep
S1PR3	S1pr3
APOBEC4	Apobec4
C8orf58	9930012K11Rik
MPG	Mpg
NR5A1	Nr5a1
FOXO6	Foxo6
PARP12	Parp12
CELF1	Celf1
H2AC25	H2ac25
PYCARD	Pycard
H2BC26	H2bc26
NRBP2	Nrbp2
FAM229A	Fam229a
TCHH	Tchh
ATP8A1	Atp8a1
KIFC3	Kifc3
KPRP	Kprp
SYK	Syk
FANCB	Fancb
VDR	Vdr
CELSR2	Celsr2
NECAB1	Necab1
MANEA	Manea
LACTBL1	Lactbl1
PCOLCE	Pcolce
GEM	Gem
WDFY1	Wdfy1
CLTRN	Cltrn
RPS10	Rps10
IPO8	Ipo8
NHLH1	Nhlh1
RGN	Rgn
CPA4	Cpa4
MATN1	Matn1
KLK13	Klk13
TERF1	Terf1
PTGES3L	Ptges3l
SLC25A4	Slc25a4
LFNG	Lfng
FSIP2	Fsip2
RAVER1	Raver1
KCNAB1	Kcnab1
RELT	Relt
GNAI1	Gnai1
CXorf38	1810030O07Rik
SUFU	Sufu
SURF6	Surf6
SNORA58B	Gm24608
RNU6-968P	Gm24614
VSIG10L	Vsig10l
STMN4	Stmn4
FANCC	Fancc
SPAG5	Spag5
ATP5F1D	Atp5f1d
LYRM4	Lyrm4
CTBP1	Ctbp1
ZDHHC15	Zdhhc15
DCHS1	Dchs1
ADGRV1	Adgrv1
MID1IP1	Mid1ip1
TMEM72	Tmem72
BRPF1	Brpf1
TACSTD2	Tacstd2
RPGR	Rpgr
REPS1	Reps1
ERCC2	Ercc2
CASP7	Casp7
FADS2	Fads2
KCNA3	Kcna3
KRIT1	Krit1
FOXD3	Foxd3
MIR181B1	Mir181b-1
MIR181A1	Mir181a-1
RNU6-1248P	Gm24593
LELP1	Lelp1
PRR9	Prr9
B3GALT6	B3galt6
DDX11	Ddx11
ACD	Acd
OPLAH	Oplah
TMBIM1	Tmbim1
MIR101-1	Mir101a
KIAA1217	Etl4
RNU6-755P	Gm23623
OR6K6	Or6k6
CCDC191	Ccdc191
TTC34	Ttc34
TAS1R2	Tas1r2
RN7SKP229	Gm55876
GNE	Gne
ERI2	Eri2
RNU6-1102P	Gm26403
PDK3	Pdk3
C3orf49	Gm11100
HPS5	Hps5
PCDHB14	Pcdhb20
ARSK	Arsk
ARL16	Arl16
LAIR1	Lair1
CFAP263	Ccdc113
ZNF618	Zfp618
MED12	Med12
RNVU1-1	Gm22126
INCA1	Inca1
PLCXD3	Plcxd3
PCDHA1	Pcdha1
OIP5	Oip5
CACNA1D	Cacna1d
PPP4C	Ppp4c
PANK3	Pank3
SEMA6D	Sema6d
HAPLN1	Hapln1
SEC24D	Sec24d
OGA	Oga
CAPSL	Capsl
RAI2	Rai2
LRRC55	Lrrc55
MRGPRE	Mrgpre
CREB3L1	Creb3l1
LHFPL2	Lhfpl2
TASL	Tasl
DOCK11	Dock11
PLD3	Pld3
NRCAM	Nrcam
ZFP37	Zfp37
SMARCAL1	Smarcal1
RRM2B	Rrm2b
MLX	Mlx
ZDHHC21	Zdhhc21
RNA5SP536	Gm55748
MIR200B	Mir200b
MIR200A	Mir200a
TMEM278	Tmem278
CD3G	Cd3g
RGS4	Rgs4
LRRC36	Lrrc36
CTNNA1	Ctnna1
CA5B	Car5b
TMEM126A	Tmem126a
SLC1A1	Slc1a1
ZNF648	Zfp648
UBL4B	Ubl4b
PRDX4	Prdx4
C3orf85	Gm5485
CHCHD7	Chchd7
JUN	Jun
ERCC4	Ercc4
SSRP1	Ssrp1
ALPK1	Alpk1
TANK	Tank
PSMD5	Psmd5
LCAT	Lcat
GARIN4	Garin4
ACSF2	Acsf2
SYP	Syp
CHCHD1	Chchd1
CDH23	Cdh23
PSMD10	Psmd10
VPS28	Vps28
ARPC4	Arpc4
BMP5	Bmp5
MIR29C	Mir29c
MIR29B2	Mir29b-2
EME2	Eme2
NELFE	Nelfe
GSN	Gsn
CRISPLD2	Crispld2
KCNC1	Kcnc1
FBXO8	Fbxo8
HIKESHI	Hikeshi
ZFHX3	Zfhx3
NPRL2	Nprl2
TENT4B	Tent4b
FEM1B	Fem1b
GPR61	Gpr61
LDHD	Ldhd
ICE2	Ice2
ENPP6	Enpp6
RPE65	Rpe65
IL15	Il15
MRLN	Mrln
MIR761	Mir761
HELB	Helb
KTI12	Kti12
DPCD	Dpcd
KBTBD3	Kbtbd3
DNAJB9	Dnajb9
CLEC1A	Clec1a
RBM48	Rbm48
TMEM223	Tmem223
PLA2G15	Pla2g15
MRPL14	Mrpl14
THY1	Thy1
RNU6-418P	Gm24851
PTPRN2	Ptprn2
PRAP1	Prap1
QKI	Qki
PIK3CG	Pik3cg
CAVIN3	Cavin3
XYLT2	Xylt2
BBS2	Bbs2
NAA40	Naa40
ERLIN1	Erlin1
COCH	Coch
GUCY2C	Gucy2c
KLHL24	Klhl24
CD38	Cd38
OTUD7A	Otud7a
GARRE1	Garre1
P4HB	P4hb
NKRF	Nkrf
BORCS7	Borcs7
SUGCT	Sugct
THAP4	Thap4
TCEAL1	Tceal1
PKP3	Pkp3
DAPK2	Dapk2
ANKRD1	Ankrd1
PTHLH	Pthlh
TMEM128	Tmem128
STK26	Stk26
MEN1	Men1
PFKFB3	Pfkfb3
FSCN3	Fscn3
Y_RNA	Gm55481
FBXO17	Fbxo17
GRM3	Grm3
SGPP1	Sgpp1
LEF1	Lef1
MIR137	Mir137
CIROP	Cirop
DCSTAMP	Dcstamp
TBX19	Tbx19
SAMTOR	Samtor
ATG2B	Atg2b
PPP2R2A	Ppp2r2a
THBS4	Thbs4
OLA1	Ola1
WHR1	Stk19
MAGEB16	Mageb16
SRPK2	Srpk2
YOD1	Yod1
ZMAT1	Zmat1
ADAP2	Adap2
RNASE4	Rnase4
CHD4	Chd4
SHTN1	Shtn1
GRID2	Grid2
FGF22	Fgf22
TUB	Tub
CALN1	Caln1
RAD51	Rad51
TMEM259	Tmem259
ZC2HC1A	Zc2hc1a
CCNB1IP1	Ccnb1ip1
ZC3H6	Zc3h6
RNF5	Rnf5
LPAR4	Lpar4
MMP13	Mmp13
RGS20	Rgs20
GDPD1	Gdpd1
MOSPD1	Mospd1
SLC12A9	Slc12a9
CYFIP2	Cyfip2
INPP5F	Inpp5f
NCK2	Nck2
SNX3	Snx3
ATF7IP2	Atf7ip2
B4GALNT2	B4galnt2
EBF2	Ebf2
FBXO3	Fbxo3
TBC1D8B	Tbc1d8b
SOD2	Sod2
CHSY1	Chsy1
HERC2	Herc2
FBXL6	Fbxl6
TEX2	Tex2
KLF8	Klf8
CLRN3	Clrn3
HCFC1	Hcfc1
LIMCH1	Limch1
SCLY	Scly
KLF6	Klf6
LIN28B	Lin28b
QARS1	Qars1
FOXF2	Foxf2
RPL13	Rpl13
LY6G5B	Ly6g5b
IFNGR1	Ifngr1
EXOSC1	Exosc1
KLHL38	Klhl38
OR51E2	Or51e2
PATE1	Pate1
STAU2	Stau2
EDC3	Edc3
TMEM14C	Tmem14c
CPT1C	Cpt1c
CDX4	Cdx4
ABCD4	Abcd4
TEX11	Tex11
EPS8L2	Eps8l2
TERF2IP	Terf2ip
THBS2	Thbs2
DYNC1LI2	Dync1li2
FAM171B	Fam171b
WDR44	Wdr44
PIERCE2	Pierce2
SP5	Sp5
SLC12A1	Slc12a1
CCL2	Ccl2
BTAF1	Btaf1
PON2	Pon2
SLC16A3	Slc16a3
XDH	Xdh
CARMIL1	Carmil1
TK1	Tk1
SLK	Slk
PDZD4	Pdzd4
KCNJ16	Kcnj16
GLDN	Gldn
LITAFD	Litafd
PDPR	Pdpr
PLP1	Plp1
SLC16A6	Slc16a6
TMEM266	Tmem266
ZNF775	Zfp141
PLXDC1	Plxdc1
KCNH7	Kcnh7
LRRK1	Lrrk1
YIPF3	Yipf3
STRN4	Strn4
DLX1	Dlx1
IGFBP3	Igfbp3
PRKCB	Prkcb
VCL	Vcl
NBEAL1	Nbeal1
SCT	Sct
SP6	Sp6
MKRN3	Mkrn3
TRPM5	Trpm5
VPS13B	Vps13b
METTL23	Mettl23
KLHL25	Klhl25
DENR	Denr
RCCD1	Rccd1
NCAPG2	Ncapg2
MED23	Med23
SETD1B	Setd1b
DCUN1D3	Dcun1d3
CLDN2	Cldn2
FN3KRP	Fn3krp
IQSEC3	Iqsec3
FIBP	Fibp
RAP2C	Rap2c
BCAR1	Bcar1
HSPA12A	Hspa12a
KRT80	Krt80
PIF1	Pif1
GJB1	Gjb1
CHAD	Chad
VARS1	Vars1
MAGOHB	Magohb
NOTUM	Notum
CPEB4	Cpeb4
RFWD3	Rfwd3
SIX4	Six4
IKBIP	Ikbip
ZNF260	Zfp260
SNW1	Snw1
SLIT3	Slit3
CDK5RAP3	Cdk5rap3
PRR12	Prr12
RMP64	Nepro
ELL	Ell
IRX6	Irx6
LYPLA1	Lypla1
EFEMP2	Efemp2
RSU1	Rsu1
SOCS1	Socs1
ALS2	Als2
CHMP1A	Chmp1a
ZNF622	Zfp622
PEX5	Pex5
ZBTB9	Zbtb9
JSRP1	Jsrp1
USP31	Usp31
GRK6	Grk6
CYP2S1	Cyp2s1
CDNF	Cdnf
CEMIP	Cemip
KIF11	Kif11
MT1B	Mt1
GPRC6A	Gprc6a
TELO2	Telo2
SEMA5B	Sema5b
GRAMD1A	Gramd1a
FIG4	Fig4
MBIP	Mbip
ARL5B	Arl5b
EIF4EBP2	Eif4ebp2
SH3PXD2A	Sh3pxd2a
DUT	Dut
ARID5B	Arid5b
NSUN6	Nsun6
G2E3	G2e3
CTSD	Ctsd
SKOR1	Skor1
DLX6	Dlx6
FANK1	Fank1
RAD51D	Rad51d
CHRNA3	Chrna3
CCDC136	Ccdc136
PWWP2A	Pwwp2a
GALP	Galp
FCF1	Fcf1
CUL7	Cul7
MYO1E	Myo1e
GNG8	Gng8
PARD3	Pard3
MAML1	Maml1
DNHD1	Dnhd1
ZC2HC1C	Zc2hc1c
TJP3	Tjp3
TRIM23	Trim23
HACL1	Hacl1
LITAF	Litaf
SEC24A	Sec24a
UBR7	Ubr7
CHRNA10	Chrna10
HDDC2	Hddc2
PHLDA2	Phlda2
KCTD14	Kctd14
NAALADL1	Naaladl1
PSMA4	Psma4
PRKAR2B	Prkar2b
SCO1	Sco1
PHYHIP	Phyhip
CDIP1	Cdip1
NKAIN2	Nkain2
BLTP3A	Bltp3a
HSPA4	Hspa4
ZFAT	Zfat
AKAP1	Akap1
MDH1	Mdh1
PHF14	Phf14
TUBB	Tubb5
PSMD13	Psmd13
BLOC1S3	Bloc1s3
CUTA	Cuta
PTGER1	Ptger1
B9D2	B9d2
TMEM243	Tmem243
ATG4D	Atg4d
NTN3	Ntn3
NPW	Npw
FAR2	Far2
GTF3C1	Gtf3c1
DDX56	Ddx56
PPP1R13B	Ppp1r13b
PLBD1	Plbd1
OSGIN2	Osgin2
NR2F1	Nr2f1
PDP1	Pdp1
HCN1	Hcn1
UGGT1	Uggt1
C17orf67	Gm525
DHX16	Dhx16
FGD6	Fgd6
CTHRC1	Cthrc1
MRPS27	Mrps27
TICRR	Ticrr
RTN1	Rtn1
TCAP	Tcap
RRP8	Rrp8
HOXB7	Hoxb7
CDH17	Cdh17
HMG20B	Hmg20b
CLN6	Cln6
IQSEC1	Iqsec1
EIF4B	Eif4b
PDHX	Pdhx
RILP	Rilp
BMP4	Bmp4
SLFN14	Slfn14
RNASEK	Rnasek
TPRG1	Tprg1
G6PC3	G6pc3
WDHD1	Wdhd1
REPIN1	Repin1
DDAH2	Ddah2
TCF3	Tcf3
RPAP1	Rpap1
HOXD3	Hoxd3
ROPN1L	Ropn1l
MDH2	Mdh2
SLC9A9	Slc9a9
ESCO2	Esco2
RNF8	Rnf8
SLC12A4	Slc12a4
CCNT2	Ccnt2
PSMD11	Psmd11
POLQ	Polq
ZNF7	Zfp7
ASB8	Asb8
KLC2	Klc2
ZNF786	Zfp786
ARID3B	Arid3b
BRD8	Brd8
DTX3L	Dtx3l
TMEM130	Tmem130
ILRUN	Ilrun
SLC33A1	Slc33a1
DYNC1H1	Dync1h1
ACVRL1	Acvrl1
HEXA	Hexa
ANKMY2	Ankmy2
FANCE	Fance
MSH6	Msh6
RAB7A	Rab7
UQCC6	Uqcc6
GSR	Gsr
FAM180A	Fam180a
GABBR1	Gabbr1
KPNA7	Kpna7
PALS2	Pals2
SLC6A11	Slc6a11
SYCN	Sycn
AKT1S1	Akt1s1
KCTD6	Kctd6
CLIP1	Clip1
SPNS2	Spns2
ALG8	Alg8
ADI1	Adi1
GATA2	Gata2
PENK	Penk
IGF2BP3	Igf2bp3
MAPK15	Mapk15
GPX4	Gpx4
WSB1	Wsb1
CLMN	Clmn
SUCNR1	Sucnr1
MADCAM1	Madcam1
DRC9	Iqcg
MKNK2	Mknk2
GRM8	Grm8
NBAS	Nbas
MED30	Med30
THTPA	Thtpa
C11orf98	1810009A15Rik
LUC7L	Luc7l
RAB15	Rab15
HHLA1	Hhla1
EED	Eed
FGF20	Fgf20
EPPK1	Eppk1
NPTX2	Nptx2
PPARD	Ppard
RBPMS	Rbpms
RNF31	Rnf31
HACD3	Hacd3
FBXW9	Fbxw9
COPG2	Copg2
DZIP1L	Dzip1l
ROBO3	Robo3
RPL14	Rpl14
KIAA0753	4933427D14Rik
ZDHHC23	Zdhhc23
MMD2	Mmd2
SUSD6	Susd6
MAP6	Map6
ALCAM	Alcam
MDFIC	Mdfic
EMC9	Emc9
AIP	Aip
DHX33	Dhx33
KATNBL1	Katnbl1
TAC4	Tac4
TSC22D2	Tsc22d2
ZNF800	Zfp800
METRN	Metrn
CUL9	Cul9
MSL1	Msl1
EHF	Ehf
KLRK1	Klrk1
HMBOX1	Hmbox1
NEUROD1	Neurod1
MARCOL	Marcol
FGF10	Fgf10
CIAO2B	Ciao2b
C3orf20	4930590J08Rik
ZSWIM9	Zswim9
RAB11FIP4	Rab11fip4
CCNF	Ccnf
KDM3B	Kdm3b
SPPL2B	Sppl2b
AOAH	Aoah
USP15	Usp15
COMMD4	Commd4
RAD18	Rad18
COLEC11	Colec11
SMG8	Smg8
HOXB3	Hoxb3
NOD2	Nod2
NUP153	Nup153
PIK3R5	Pik3r5
DPEP2	Dpep2
GRID2IP	Grid2ip
DCAF7	Dcaf7
ADAMTS6	Adamts6
NUP210	Nup210
DNAJB6	Dnajb6
MIEF2	Mief2
FAM53C	Fam53c
PTDSS2	Ptdss2
CD2BP2	Cd2bp2
PALS1	Pals1
LHX1	Lhx1
OTULINL	Otulinl
ANTKMT	Antkmt
CD79B	Cd79b
ICAM5	Icam5
NAA30	Naa30
PER2	Per2
MT4	Mt4
HMGCR	Hmgcr
RPS15A	Rps15a
ID4	Id4
CRABP1	Crabp1
MED25	Med25
KIF19	Kif19a
KCNQ5	Kcnq5
CHRNA7	Chrna7
PLA2G1B	Pla2g1b
RNF217	Rnf217
GHSR	Ghsr
TMX1	Tmx1
TMEM115	Tmem115
SIK3	Sik3
SPRYD3	Spryd3
STX11	Stx11
TMEM253	Tmem253
KCTD9	Kctd9
DHX36	Dhx36
TIAM2	Tiam2
KCNS2	Kcns2
C8orf89	4930444P10Rik
UBR5	Ubr5
ACIN1	Acin1
METAP2	Metap2
TMEM17	Tmem17
IL1RN	Il1rn
GJC1	Gjc1
VPS35	Vps35
ANPEP	Anpep
CLDN12	Cldn12
TTLL6	Ttll6
GFRA1	Gfra1
FAAP24	Faap24
LIMD1	Limd1
SGCD	Sgcd
MCOLN1	Mcoln1
PSMB6	Psmb6
SMIM13	Smim13
TMED4	Tmed4
ADGRF1	Adgrf1
HCFC2	Hcfc2
GBE1	Gbe1
MSMB	Msmb
ACAP1	Acap1
SEC23IP	Sec23ip
RAD50	Rad50
VPS41	Vps41
DPP8	Dpp8
GPAT2	Gpat2
ADAT2	Adat2
TGFBR3L	Tgfbr3l
LENG8	Leng8
CCP110	Ccp110
PCMT1	Pcmt1
DCN	Dcn
SPATA16	Spata16
TEKTIP1	Tektip1
CCR4	Ccr4
GMNC	Gmnc
NIBAN3	Niban3
IQCF6	Iqcf6
BNIP3	Bnip3
TESMIN	Tesmin
CALCOCO2	Calcoco2
TXNRD3	Txnrd3
CCDC196	Ccdc196
LYNX1	Slurp2
CABP4	Cabp4
SEPTIN8	Septin8
HNRNPH3	Hnrnph3
GARIN2	Garin2
TNFRSF11B	Tnfrsf11b
COMMD9	Commd9
TULP1	Tulp1
MSRB1	Msrb1
HSPBP1	Hspbp1
XRN1	Xrn1
ATP6V0D1	Atp6v0d1
PARP10	Parp10
BATF	Batf
GPR65	Gpr65
RIOK1	Riok1
EIF5	Eif5
TMEM120A	Tmem120a
F2	F2
MGP	Mgp
NINJ2	Ninj2
ZNF329	Zfp329
CA5A	Car5a
AQP6	Aqp6
FBXL17	Fbxl17
ADRA1B	Adra1b
LRRC19	Lrrc19
TMEM38B	Tmem38b
GADD45GIP1	Gadd45gip1
C14orf180	A530016L24Rik
DNAJC5G	Dnajc5g
BNIP5	Bnip5
ZNF865	Zfp865
SH3BGRL2	Sh3bgrl2
SYNJ2BP	Synj2bp
POLR3D	Polr3d
UBE3B	Ube3b
FBXO38	Fbxo38
SPECC1	Specc1
KLHL28	Klhl28
PRKN	Prkn
NDUFA5	Ndufa5
PRRT1B	Prrt1b
GPD2	Gpd2
ZNF627	Zfp872
CRAT	Crat
LRFN5	Lrfn5
OARD1	Oard1
ZFP36L1	Zfp36l1
SMIM19	Smim19
POLRMT	Polrmt
WDR25	Wdr25
APOC3	Apoc3
NYAP1	Nyap1
SNX1	Snx1
TAF2	Taf2
TTC14	Ttc14
ARG2	Arg2
MARCHF5	Marchf5
CNPY3	Cnpy3
FAHD1	Fahd1
KIF1C	Kif1c
BANP	Banp
RET	Ret
HEATR5A	Heatr5a
ABHD17B	Abhd17b
HMGN3	Hmgn3
VPS11	Vps11
NAMPT	Nampt
GTF3C4	Gtf3c4
RHOBTB3	Rhobtb3
FAM204A	Fam204a
CKS2	Cks2
POLR1F	Polr1f
INF2	Inf2
FBXO32	Fbxo32
CAT	Cat
CACNB4	Cacnb4
KIF15	Kif15
ADAM22	Adam22
PIAS1	Pias1
MRPS28	Mrps28
C8orf82	C030006K11Rik
A1BG	A1bg
NDUFB9	Ndufb9
LRFN3	Lrfn3
RFFL	Rffl
EML2	Eml2
TCTN3	Tctn3
TNIP1	Tnip1
APIP	Apip
ADRB3	Adrb3
CYP19A1	Cyp19a1
PRIMA1	Prima1
ZNF395	Zfp395
TPD52L1	Tpd52l1
P2RX4	P2rx4
RDH12	Rdh12
FRMD6	Frmd6
PSIP1	Psip1
CAMK2N2	Camk2n2
NCOR1	Ncor1
NEUROG3	Neurog3
PDZD7	Pdzd7
VARS2	Vars2
CTTN	Cttn
MED26	Med26
LTK	Ltk
DNAJC12	Dnajc12
CADM4	Cadm4
MBNL1	Mbnl1
MAP1S	Map1s
CARMIL2	Carmil2
HNRNPF	Hnrnpf
CDKL4	Cdkl4
PHKB	Phkb
CNGA3	Cnga3
GDPGP1	Gdpgp1
NRTN	Nrtn
PSMA6	Psma6
C19orf84	Gm38999
PEX11A	Pex11a
MRPS33	Mrps33
EMC4	Emc4
AGFG1	Agfg1
DNAI7	Dnai7
DHPS	Dhps
THSD7A	Thsd7a
DOCK1	Dock1
CYGB	Cygb
SLC17A5	Slc17a5
TNS4	Tns4
FAM237B	Fam237b
SHC4	Shc4
GPSM1	Gpsm1
NUDT1	Nudt1
MAML2	Maml2
CBX2	Cbx2
RDX	Rdx
MTNAP1	Mtnap1
CDKN3	Cdkn3
HMGA1	Hmga1
COXFA4L3	AA467197
GJD2	Gjd2
CHP1	Chp1
CREG2	Creg2
TPST1	Tpst1
TOR2A	Tor2a
EIF5A2	Eif5a2
MDM2	Mdm2
CYRIB	Cyrib
INKA1	Inka1
SUGP1	Sugp1
MUC13	Muc13
PRTG	Prtg
EQTN	Eqtn
P3H4	P3h4
LCN2	Lcn2
ATP8B4	Atp8b4
GNAI2	Gnai2
CDH11	Cdh11
SLC46A2	Slc46a2
TBL2	Tbl2
DKK1	Dkk1
TMEM132E	Tmem132e
STARD10	Stard10
DMAC1	Dmac1
TC2N	Tc2n
LZTS2	Lzts2
C5	Hc
XAF1	Xaf1
ALDH8A1	Aldh8a1
REV1	Rev1
BCKDHB	Bckdhb
CTSH	Ctsh
SMC3	Smc3
CD200	Cd200
CLEC2L	Clec2l
L2HGDH	L2hgdh
GPR22	Gpr22
KRT24	Krt24
CYBA	Cyba
ACTMAP	Actmap
CCR10	Ccr10
PLOD3	Plod3
TMC8	Tmc8
NINJ1	Ninj1
APOD	Apod
NEU1	Neu1
SCN1B	Scn1b
HELQ	Helq
CCL17	Ccl17
MAF	Maf
PSMA3	Psma3
GRIN2B	Grin2b
NOB1	Nob1
GLIS3	Glis3
YIF1B	Yif1b
FOXJ2	Foxj2
LHFPL4	Lhfpl4
BEND7	Bend7
CAV2	Cav2
AHSP	Ahsp
TET2	Tet2
TEX14	Tex14
EPB41L2	Epb41l2
C11orf97	1700012B09Rik
MBTPS1	Mbtps1
ENTPD8	Entpd8
KLHL8	Klhl8
DGKB	Dgkb
GPR19	Gpr19
SLC17A6	Slc17a6
TSEN2	Tsen2
RFX7	Rfx7
PANX1	Panx1
SDS	Sds
INA	Ina
CTBP2	Ctbp2
IPPK	Ippk
ANKFN1	Ankfn1
IDH3A	Idh3a
USH1C	Ush1c
DDX24	Ddx24
TPRKB	Tprkb
NCBP3	Ncbp3
KLF1	Klf1
SMU1	Smu1
LIM2	Lim2
LRRC46	Lrrc46
CPSF6	Cpsf6
TLR1	Tlr1
RDM1	Rdm1
ARMC6	Armc6
RABGEF1	Rabgef1
CLNK	Clnk
MOK	Mok
FHIT	Fhit
NPFFR2	Npffr2
PAXX	Paxx
MRPS25	Mrps25
MPI	Mpi
STOX2	Stox2
TGFBRAP1	Tgfbrap1
NDUFC1	Ndufc1
HOXB6	Hoxb6
MEGF10	Megf10
FLT3LG	Flt3l
GAS2	Gas2
CCDC47	Ccdc47
EP400	Ep400
TMEM39A	Tmem39a
TSSK4	Tssk4
FBP1	Fbp1
IQUB	Iqub
SLC11A1	Slc11a1
TMEM62	Tmem62
EIF2B2	Eif2b2
EIF4G2	Eif4g2
NNT	Nnt
TMEM60	Tmem60
FAM184B	Fam184b
MMP17	Mmp17
ATP5MF	Atp5mf
SFTPC	Sftpc
KLB	Klb
TADA2B	Tada2b
PRR19	Prr19
PTPRD	Ptprd
COL6A5	Col6a5
PRDM5	Prdm5
GEMIN2	Gemin2
SLC44A2	Slc44a2
IGF2BP1	Igf2bp1
PHB2	Phb2
CIMAP1C	Cimap1c
CNIH2	Cnih2
RASL12	Rasl12
EPHB4	Ephb4
RB1CC1	Rb1cc1
KLF13	Klf13
ACVR1C	Acvr1c
HMCN2	Hmcn2
SORD	Sord
HEMK1	Hemk1
GPRC5D	Gprc5d
AQP2	Aqp2
SLC29A2	Slc29a2
MILR1	Milr1
SELPLG	Selplg
HOXC6	Hoxc6
TMEM163	Tmem163
TRPM6	Trpm6
INTS13	Ints13
NEK8	Nek8
HNRNPLL	Hnrnpll
FBXL5	Fbxl5
CYP11A1	Cyp11a1
OTX2	Otx2
SPEM2	Spem2
ENPP2	Enpp2
REXO5	Rexo5
NTSR2	Ntsr2
TOM1L2	Tom1l2
OPN4	Opn4
CATSPER2	Catsper2
DAGLB	Daglb
PBX3	Pbx3
MIDEAS	Mideas
KMT2B	Kmt2b
BUB3	Bub3
ABCG8	Abcg8
FNBP4	Fnbp4
ACADS	Acads
TTC5	Ttc5
CIB2	Cib2
TNFSF8	Tnfsf8
ERP44	Erp44
PSMD2	Psmd2
USO1	Uso1
ISL1	Isl1
TEX261	Tex261
ZBTB1	Zbtb1
ZFAND6	Zfand6
FCHSD1	Fchsd1
ECH1	Ech1
ZDHHC6	Zdhhc6
STK38L	Stk38l
SYT13	Syt13
ZFAND5	Zfand5
WDPCP	Wdpcp
CNTNAP4	Cntnap4
PRR27	Prr27
SYTL2	Sytl2
GPR85	Gpr85
IDO1	Ido1
DCAF11	Dcaf11
CCDC149	Ccdc149
DNAJA1	Dnaja1
CCM2	Ccm2
ARHGEF10	Arhgef10
RTN2	Rtn2
TMCO6	Tmco6
ORMDL2	Ormdl2
SH3TC1	Sh3tc1
CARHSP1	Carhsp1
SEPHS1	Sephs1
PRPH	Prph
CXCR2	Cxcr2
TRIM16	Trim16
SH3GL1	Sh3gl1
PRKAG1	Prkag1
RESP18	Resp18
DCTN3	Dctn3
PDE10A	Pde10a
GIN1	Gin1
GPR55	Gpr55
QPCTL	Qpctl
PAPOLG	Papolg
ARMH2	Armh2
FKBPL	Fkbpl
DYNC2I2	Dync2i2
STXBP2	Stxbp2
FAS	Fas
SLC41A3	Slc41a3
GEMIN5	Gemin5
FAM13A	Fam13a
RPL7L1	Rpl7l1
PLPPR1	Plppr1
MYOM2	Myom2
ABCA6	Abca6
SNAPC4	Snapc4
SERINC5	Serinc5
LAT	Lat
FAM221A	Fam221a
POPDC1	Popdc1
SERPINA12	Serpina12
RSPO3	Rspo3
ZNF428	Zfp428
CDK20	Cdk20
CAPN13	Capn13
WDR46	Wdr46
GPHN	Gphn
FOXI1	Foxi1
TMEM86B	Tmem86b
CDC34	Cdc34b
DSP	Dsp
RRP12	Rrp12
ZSWIM7	Zswim7
EPHB1	Ephb1
SLC25A46	Slc25a46
ACP7	Acp7
CATIP	Catip
MAFK	Mafk
CRACD	Cracd
OGFOD1	Ogfod1
MACC1	Macc1
NTRK2	Ntrk2
OOSP2	Oosp2
B3GNT3	B3gnt3
SPCS2	Spcs2
IER2	Ier2
RNF25	Rnf25
TNFAIP8L1	Tnfaip8l1
RBM22	Rbm22
IGFBP4	Igfbp4
AP4M1	Ap4m1
HYLS1	Hyls1
HSD17B8	Hsd17b8
BSCL2	Bscl2
CYP4F22	Cyp4f39
SNTB2	Sntb2
HOMER1	Homer1
NMRK1	Nmrk1
AIFM2	Aifm2
CRELD1	Creld1
NCOA7	Ncoa7
CALR	Calr
CRAMP1	Cramp1
ATP1B2	Atp1b2
HNRNPAB	Hnrnpab
BRIP1	Brip1
RNF40	Rnf40
ENPP4	Enpp4
TRIM28	Trim28
PSMB5	Psmb5
NRBP1	Nrbp1
MARCKS	Marcks
ELP1	Elp1
PFDN6	Pfdn6
FNIP1	Fnip1
AP4E1	Ap4e1
CWF19L1	Cwf19l1
CD3E	Cd3e
EPHA7	Epha7
SLC16A5	Slc16a5
SQLE	Sqle
SMARCD1	Smarcd1
DENND5A	Dennd5a
PVRIG	Pvrig
ZNF365	Zfp365
GNG11	Gng11
FBXL13	Fbxl13
SUV39H2	Suv39h2
IRX1	Irx1
PSMD7	Psmd7
TRIM27	Trim27
RBM25	Rbm25
RYR3	Ryr3
SNCB	Sncb
RDH10	Rdh10
NEUROD6	Neurod6
MINDY3	Mindy3
MTDH	Mtdh
ADGRG3	Adgrg3
AGPAT4	Agpat4
BABAM1	Babam1
TBRG4	Tbrg4
IAPP	Iapp
RFLNA	Rflna
NCKAP5L	Nckap5l
VWA3A	Vwa3a
PITPNM3	Pitpnm3
RIPK1	Ripk1
ARHGDIB	Arhgdib
SCARA3	Scara3
ARAP3	Arap3
CRK	Crk
RHOT2	Rhot2
KAT2B	Kat2b
CHRAC1	Chrac1
ZNF511	Zfp511
DNAH8	Dnah8
MRPL15	Mrpl15
TRIM29	Trim29
CLUH	Cluh
AIF1L	Aif1l
PIGH	Pigh
ARL8B	Arl8b
RUFY2	Rufy2
FBXO22	Fbxo22
DIO2	Dio2
SLC35F5	Slc35f5
NUP155	Nup155
FBXO34	Fbxo34
KBTBD8	Kbtbd8
WNK2	Wnk2
SYT16	Syt16
PRKD1	Prkd1
ATP2B2	Atp2b2
RAPGEF3	Rapgef3
RBM14	Rbm14
FUCA2	Fuca2
TNNI2	Tnni2
TMEM260	Tmem260
WDR76	Wdr76
TMEM132A	Tmem132a
IKZF3	Ikzf3
RAB44	Rab44
TAAR1	Taar1
EBF3	Ebf3
TRIM10	Trim10
MYOD1	Myod1
PRAG1	Prag1
GABPB1	Gabpb1
ARFGEF3	Arfgef3
EHMT1	Ehmt1
ARFGEF1	Arfgef1
TMEM134	Tmem134
UCMA	Ucma
MSS51	Mss51
CCNJ	Ccnj
FIGN	Fign
SOD3	Sod3
COQ10B	Coq10b
AFG2A	Afg2a
EGLN2	Egln2
VTI1A	Vti1a
SNX4	Snx4
FAXC	Faxc
MTA1	Mta1
HLA-DRA	H2-Ea
C1QTNF1	C1qtnf1
CCDC179	Ccdc179
IFITM5	Ifitm5
QRSL1	Qrsl1
CCDC93	Ccdc93
ADGRB1	Adgrb1
TCIRG1	Tcirg1
LRP11	Lrp11
MTMR9	Mtmr9
ITGB3	Itgb3
CNKSR3	Cnksr3
NDUFS6	Ndufs6
TACC2	Tacc2
KIAA1549	D630045J12Rik
EPHX2	Ephx2
DNAI2	Dnai2
ZNF787	Zfp787
GPLD1	Gpld1
AKR1D1	Akr1d1
ISG20	Isg20
LPP	Lpp
C9	C9
ATP6V1E2	Atp6v1e2
ACOT4	Acot4
UBE2O	Ube2o
CALR3	Calr3
LNX1	Lnx1
SYNE3	Syne3
TEK	Tek
COL2A1	Col2a1
AQP9	Aqp9
C2orf74	1700093K21Rik
STRIP2	Strip2
PLAC8	Plac8
QRICH2	Qrich2
LUZP2	Luzp2
UMOD	Umod
TMEM150A	Tmem150a
PPP1R14D	Ppp1r14d
SARS2	Sars2
RTN4RL1	Rtn4rl1
ADAMTS12	Adamts12
RAB30	Rab30
SNRPA1	Snrpa1
INTS2	Ints2
KLHL7	Klhl7
RIN3	Rin3
CCND3	Ccnd3
FBXW7	Fbxw7
NRG2	Nrg2
ZNF582	Zfp582
VAMP1	Vamp1
POMGNT2	Pomgnt2
TUBA3D	Tuba3b
PTP4A1	Ptp4a1
TYROBP	Tyrobp
PTPRK	Ptprk
PPP2R2C	Ppp2r2c
LYPD6	Lypd6
LMBRD2	Lmbrd2
SAA4	Saa4
GALC	Galc
GLS2	Gls2
COA5	Coa5
MAST3	Mast3
BTBD17	Btbd17
WDFY3	Wdfy3
SDF2	Sdf2
CDKN1C	Cdkn1c
C1QTNF2	C1qtnf2
SPOCK1	Spock1
FZD4	Fzd4
ACMSD	Acmsd
NKAPD1	Nkapd1
LYRM7	Lyrm7
LRRC25	Lrrc25
EMC6	Emc6
PPP1R42	Ppp1r42
MEF2B	Mef2b
WWC2	Wwc2
DDIT4	Ddit4
ANKRD40CL	Ankrd40cl
POU3F1	Pou3f1
SLIT1	Slit1
ALDH6A1	Aldh6a1
CXXC5	Cxxc5
PKIA	Pkia
FREM1	Frem1
APPBP2	Appbp2
SPG21	Spg21
MGAM2	Mgam2-ps
METTL8	Mettl8
SDR42E1	Sdr42e1
MMP16	Mmp16
ZPBP	Zpbp
HS3ST2	Hs3st2
CD72	Cd72
SRP19	Srp19
CHST4	Chst4
EFR3A	Efr3a
ZNF423	Zfp423
ITIH4	Itih4
ARAP1	Arap1
DOCK8	Dock8
CEACAM16	Ceacam16
COX11	Cox11
ZNF263	Zfp263
SLC35B4	Slc35b4
MARVELD1	Marveld1
UNC5B	Unc5b
YIPF5	Yipf5
EMILIN1	Emilin1
CRYM	Crym
SMYD4	Smyd4
KIN	Kin
AGFG2	Agfg2
NWD2	Nwd2
NUP62	Nup62
SYNDIG1L	Syndig1l
PACRGL	5730480H06Rik
BAG5	Bag5
MSH3	Msh3
CHGA	Chga
GAN	Gan
ADAM9	Adam9
PANK1	Pank1
SLC48A1	Slc48a1
VAMP5	Vamp5
RHBDL3	Rhbdl3
CYB5B	Cyb5b
PRKAG2	Prkag2
CHAT	Chat
MSRB3	Msrb3
PTPN21	Ptpn21
MIGA2	Miga2
GLG1	Glg1
CEBPE	Cebpe
SPTSSA	Sptssa
TEDC1	Tedc1
ATRNL1	Atrnl1
TNNI3	Tnni3
ARPC2	Arpc2
UTP6	Utp6
JCAD	Jcad
WAC	Wac
RASGRP4	Rasgrp4
EN2	En2
PSD3	Psd3
ABLIM3	Ablim3
RNASE9	Rnase9
LAMB1	Lamb1
CCNDBP1	Ccndbp1
HIRIP3	Hirip3
LAG3	Lag3
EFS	Efs
TRMO	Trmo
LTB4R2	Ltb4r2
SLC35E3	Slc35e3
TRIM9	Trim9
ADGRG6	Adgrg6
FRMPD1	Frmpd1
TOX	Tox
TMPRSS12	Tmprss12
MEAK7	Meak7
CARMIL3	Carmil3
CNOT7	Cnot7
OLFML2A	Olfml2a
PIK3R1	Pik3r1
RNASEH1	Rnaseh1
GPD1	Gpd1
CFAP95	Cfap95
ANKDD1A	Ankdd1a
VAT1L	Vat1l
CACTIN	Cactin
PCNX4	Pcnx4
MAMDC2	Mamdc2
FMNL1	Fmnl1
CPNE7	Cpne7
ATP6V0A2	Atp6v0a2
TTC8	Ttc8
PLPPR2	Plppr2
CRYGB	Crygb
MCEE	Mcee
OLR1	Olr1
AKAP8L	Akap8l
PAPSS2	Papss2
BCKDK	Bckdk
TYRP1	Tyrp1
LMAN2L	Lman2l
WTAP	Wtap
NACC2	Nacc2
ATP6V0A1	Atp6v0a1
LHX3	Lhx3
AFG2B	Afg2b
TRPV4	Trpv4
LRSAM1	Lrsam1
RIMS1	Rims1
ALKAL1	Alkal1
ZNF454	Zfp454
MAPDA	Adal
GPT	Gpt
TFCP2L1	Tfcp2l1
PCK2	Pck2
NUP205	Nup205
CD3D	Cd3d
FLT4	Flt4
CFAP300	Cfap300
CFAP99	Cfap99
SLC30A9	Slc30a9
ANKRD42	Ankrd42
BLM	Blm
DECR2	Decr2
MIDN	Midn
RIMS2	Rims2
ZNF574	Zfp574
LINGO3	Lingo3
ALKBH3	Alkbh3
OSBPL8	Osbpl8
HSP90AA1	Hsp90aa1
PDIA6	Pdia6
PPM1N	Ppm1n
LRRN1	Lrrn1
AGGF1	Aggf1
NR2C2AP	Nr2c2ap
FAM241B	Fam241b
VXN	Vxn
UQCRC2	Uqcrc2
FYTTD1	Fyttd1
TRPM4	Trpm4
JRK	Jrk
MAT1A	Mat1a
NFRKB	Nfrkb
NDUFAF2	Ndufaf2
SAMD12	Samd12
TRPV6	Trpv6
LTB	Ltb
FST	Fst
UBR2	Ubr2
GPAA1	Gpaa1
PIP4P1	Pip4p1
SEMA3E	Sema3e
CDH12	Cdh12
QRICH1	Qrich1
HOXA5	Hoxa5
SLC12A7	Slc12a7
USP42	Usp42
GLRX5	Glrx5
SCFD2	Scfd2
HERC4	Herc4
PTCRA	Ptcra
SYNE2	Syne2
PDGFRA	Pdgfra
MCIDAS	Mcidas
TMTC1	Tmtc1
ANKH	Ank
CSK	Csk
FBXO9	Fbxo9
ZYX	Zyx
RXRB	Rxrb
SCN10A	Scn10a
LACTB	Lactb
PDZRN3	Pdzrn3
OTUB1	Otub1
LIN7B	Lin7b
USP8	Usp8
FAM8A1	Fam8a1
TERT	Tert
CRY1	Cry1
GLYCTK	Glyctk
COX7A1	Cox7a1
RTN4	Rtn4
RELN	Reln
AMTN	Amtn
HBZ	Hba-x
IQCK	Iqck
ALKBH6	Alkbh6
FDCSP	Fdcsp
TCTA	Tcta
TXK	Txk
SP1	Sp1
WDR82	Wdr82
RETREG1	Retreg1
CA8	Car8
BMERB1	Bmerb1
AOPEP	Aopep
SNX9	Snx9
STPG2	Stpg2
LRP6	Lrp6
COL6A6	Col6a6
FAM83H	Fam83h
HS3ST3B1	Hs3st3b1
SEL1L3	Sel1l3
ABHD15	Abhd15
LZTS1	Lzts1
PPP6R3	Ppp6r3
RNF44	Rnf44
WDR45B	Wdr45b
SYNGR3	Syngr3
AMPH	Amph
CHD7	Chd7
PLEKHH1	Plekhh1
SLC22A3	Slc22a3
COG4	Cog4
DHX34	Dhx34
CHPF	Chpf
DNM1	Dnm1
CYP7A1	Cyp7a1
EYA4	Eya4
GSK3B	Gsk3b
PDGFRB	Pdgfrb
GTF2A1	Gtf2a1
SMIM18	Smim18
NT5C1B	Nt5c1b
MTERF3	Mterf3
ABCB9	Abcb9
C1orf202	4930527J03Rik
HSPB1	Hspb1
SLC1A6	Slc1a6
NUDT14	Nudt14
ZNF142	Zfp142
C7orf25	AW209491
MTTP	Mttp
CLEC5A	Clec5a
REST	Rest
DAD1	Dad1
GRIN2C	Grin2c
UBXN2A	Ubxn2a
CCDC177	Ccdc177
IFT43	Ift43
SUN3	Sun3
TRIB1	Trib1
CFI	Cfi
SHOX2	Shox2
ARIH1	Arih1
RIPK2	Ripk2
DBF4	Dbf4
IGLON5	Iglon5
NR2F6	Nr2f6
SLC2A4	Slc2a4
CLN8	Cln8
KDM4B	Kdm4b
EMCN	Emcn
SPTLC2	Sptlc2
TRIM69	Trim69
PLXNB1	Plxnb1
MYH13	Myh13
MPP4	Mpp4
CREM	Crem
TBKBP1	Tbkbp1
SKIC8	Skic8
AKTIP	Aktip
LRRC69	Lrrc69
SLC25A27	Slc25a27
IPO4	Ipo4
SNCAIP	Sncaip
MED13	Med13
UBXN2B	Ubxn2b
DNAH11	Dnah11
BAK1	Bak1
RAP1B	Rap1b
COQ2	Coq2
TP53I13	Trp53i13
TMEM67	Tmem67
FILIP1	Filip1
FLACC1	Flacc1
AP2S1	Ap2s1
ANAPC4	Anapc4
PRIM2	Prim2
FOXP2	Foxp2
PNKD	Pnkd
NFKB2	Nfkb2
MMP28	Mmp28
RNF151	Rnf151
EARS2	Ears2
SLC18B1	Slc18b1
TRPM7	Trpm7
VPS35L	Vps35l
ASNSD1	Asnsd1
CCDC25	Ccdc25
RFX6	Rfx6
SLC35B3	Slc35b3
PAFAH1B1	Pafah1b1
CYP2F1	Cyp2f2
SPINK5	Spink5
PUS10	Pus10
MEX3B	Mex3b
CCDC106	Ccdc106
LRTM1	Lrtm1
RPL24	Rpl24
RAB4B	Rab4b
SCAMP2	Scamp2
TOP1MT	Top1mt
HKDC1	Hkdc1
TMEFF1	Tmeff1
PRPF18	Prpf18
SPATA22	Spata22
ADGRL1	Adgrl1
ERBIN	Erbin
RASA2	Rasa2
KLC1	Klc1
MTFMT	Mtfmt
ROR2	Ror2
ARRDC5	Arrdc5
CTU1	Ctu1
NELFA	Nelfa
PAX5	Pax5
GPR63	Gpr63
BLVRA	Blvra
MAPT	Mapt
MCMDC2	Mcmdc2
B4GALNT3	B4galnt3
GRAMD2A	Gramd2a
TRIM26	Trim26
PPP2R3A	Ppp2r3a
AOX1	Aox1
PPP1R9A	Ppp1r9a
GUCY1A1	Gucy1a1
ZNF609	Zfp609
ARNT2	Arnt2
DERL1	Derl1
KCNMB4	Kcnmb4
SNRPF	Snrpf
PYROXD2	Pyroxd2
COX14	Cox14
PRIM1	Prim1
FBXO46	Fbxo46
CIAPIN1	Ciapin1
AKT2	Akt2
TOR1A	Tor1a
RGS22	Rgs22
SLC44A1	Slc44a1
ZSCAN2	Zscan2
BHLHE40	Bhlhe40
TBP	Tbp
GDF3	Gdf3
THAP2	Thap2
ZCRB1	Zcrb1
EIF2AK4	Eif2ak4
FLG	Flg
FLG2	Flg2
MAK	Mak
KPLCE	Kplce
KRAS	Kras
LCE7A	2210017I01Rik
PARP9	Parp9
ATP6V1G2	Atp6v1g2
CCNC	Ccnc
TBX3	Tbx3
GXYLT1	Gxylt1
TFR2	Tfr2
MSI2	Msi2
MLF2	Mlf2
LCMT1	Lcmt1
EHD4	Ehd4
FMN1	Fmn1
UQCRB	Uqcrb
CYP1A2	Cyp1a2
TLE4	Tle4
TRIM55	Trim55
RPL27	Rpl27
GOLM2	Golm2
USP7	Usp7
CHRNA9	Chrna9
TMEM43	Tmem43
RNU6-176P	Gm26159
NDST3	Ndst3
GABARAPL1	Gabarapl1
ASB16	Asb16
TBC1D9	Tbc1d9
AOC3	Aoc3
WWP1	Wwp1
TMEM147	Tmem147
RSC1A1	Ddi2
ODAD4	Odad4
GNS	Gns
FAM193A	Fam193a
ADPRM	Adprm
HAPLN3	Hapln3
TAFA4	Tafa4
BASP1	Basp1
CEP19	Cep19
ARL4D	Arl4d
COMMD1	Commd1
IVD	Ivd
RMND5B	Rmnd5b
CAAP1	Caap1
PEG3	Peg3
MYLK	Mylk
CAMSAP1	Camsap1
PHAF1	Phaf1
PTGDR2	Ptgdr2
SAC3D1	Sac3d1
FUT9	Fut9
MIR488	Mir488
TMEM117	Tmem117
ATAT1	Atat1
FBXL16	Fbxl16
AKNA	Akna
U6	Gm23354
THOP1	Thop1
HERPUD1	Herpud1
ATG13	Atg13
COPZ1	Copz1
ACOX3	Acox3
GOLM1	Golm1
NGDN	Ngdn
INSYN1	Insyn1
C15orf40	3110040N11Rik
LRWD1	Lrwd1
CEP57L1	Cep57l1
MDGA2	Mdga2
ATP10B	Atp10b
C3orf33	E130311K13Rik
ASIC1	Asic1
CD68	Cd68
CPSF2	Cpsf2
SYNPO	Synpo
ICA1	Ica1
PTRH1	Ptrh1
AP3B2	Ap3b2
ADGRG1	Adgrg1
NUDCD2	Nudcd2
PCM1	Pcm1
DYNC1I2	Dync1i2
LIG3	Lig3
PHLDA1	Phlda1
TLE6	Tle6
LHX6	Lhx6
CTSG	Ctsg
ATG10	Atg10
HNF1A	Hnf1a
ADCK1	Adck1
ULBP3	Ulbp1
FGD2	Fgd2
SLMAP	Slmap
PNPLA6	Pnpla6
PHF24	Phf24
UNC13B	Unc13b
RGSL1	Rgsl1
RWDD2A	Rwdd2a
LRP10	Lrp10
NOPCHAP1	Nopchap1
CC2D2B	Cc2d2b
HOXC10	Hoxc10
RNGTT	Rngtt
PHAX	Phax
GPN3	Gpn3
KAZALD1	Kazald1
RNU6-110P	Gm22593
SEMA5A	Sema5a
AP1G2	Ap1g2
LGI1	Lgi1
TRIM63	Trim63
CDK4	Cdk4
STAP2	Stap2
FHIP2A	Fhip2a
EIF4A1	Eif4a1
TMEM181	Tmem181a
RGR	Rgr
IGFBP6	Igfbp6
SELENOP	Selenop
PTPN20	Ptpn20
EMG1	Emg1
SH3GL3	Sh3gl3
KLHL32	Klhl32
LYSMD3	Lysmd3
MESP1	Mesp1
PTPRZ1	Ptprz1
TACC3	Tacc3
ZNF770	Zfp770
TMTC2	Tmtc2
RNF14	Rnf14
TPMT	Tpmt
WDR83	Wdr83
GABRG3	Gabrg3
HECTD4	Hectd4
ALG2	Alg2
ENDOG	Endog
DEPP1	Depp1
SNCG	Sncg
ABCA2	Abca2
NEO1	Neo1
USP5	Usp5
C3orf62	1700102P08Rik
MAST1	Mast1
ZMIZ1	Zmiz1
CCDC66	Ccdc66
SAFB	Safb
LIMK1	Limk1
ARLN	Arln
ENY2	Eny2
GLB1L2	Glb1l2
F11	F11
FOXO3	Foxo3
SMARCA2	Smarca2
MEOX1	Meox1
FBXO24	Fbxo24
TEPSIN	Tepsin
ZNF292	Zfp292
CCS	Ccs
HOOK3	Hook3
CEP55	Cep55
TAF5	Taf5
CITED2	Cited2
SYCE1	Syce1
SPDEF	Spdef
RSBN1L	Rsbn1l
TOB1	Tob1
ZKSCAN2	Zkscan2
SMTNL1	Smtnl1
LETM2	Letm2
ELMO3	Elmo3
ASPA	Aspa
RASSF7	Rassf7
CELF2	Celf2
ZBTB22	Zbtb22
TMEM106B	Tmem106b
CFAP221	Cfap221
TNFAIP3	Tnfaip3
PLA2G4D	Pla2g4d
NUSAP1	Nusap1
NUS1	Nus1
XKR9	Xkr9
ITGB4	Itgb4
PRDM10	Prdm10
TRERF1	Trerf1
TSPAN33	Tspan33
FSBP	Fsbp
NMUR2	Nmur2
ANO10	Ano10
LY6H	Ly6h
TMEM170A	Tmem170
SLC36A1	Slc36a1
RAB26	Rab26
RHPN1	Rhpn1
PSPH	Psph
ANKRD34A	Ankrd34a
STOML1	Stoml1
DDAH1	Ddah1
LBX2	Lbx2
SSTR1	Sstr1
KNDC1	Kndc1
MAIP1	Maip1
TEX22	Tex22
ZNF697	Zfp697
GMFB	Gmfb
LHX8	Lhx8
SNRPG	Snrpg
SDAD1	Sdad1
BBOX1	Bbox1
ZNF319	Zfp319
HMOX2	Hmox2
ISG15	Isg15
CSNK1A1	Csnk1a1
CIMIP6	Cimip6
ZDHHC16	Zdhhc16
NOVA1	Nova1
TUBB2A	Tubb2a
ALPK3	Alpk3
GPATCH4	Gpatch4
TSPO2	Tspo2
SLTM	Sltm
GTF2H4	Gtf2h4
HOATZ	Hoatz
OR9H1	Or9s18
PNPLA2	Pnpla2
ABCD2	Abcd2
ACTN1	Actn1
OGFOD2	Ogfod2
ARHGAP33	Arhgap33
ARFIP1	Arfip1
MYO1G	Myo1g
SFTPB	Sftpb
MICOS13	Micos13
NUMA1	Numa1
LRATD2	Lratd2
DDA1	Dda1
NDUFA12	Ndufa12
SDHA	Sdha
FDFT1	Fdft1
CPED1	Cped1
POLR1C	Polr1c
RAD23A	Rad23a
RHOF	Rhof
SEMA3G	Sema3g
FHOD1	Fhod1
TMEM263	Tmem263
OAZ2	Oaz2
ATP13A5	Atp13a5
TJP1	Tjp1
ZMYND10	Zmynd10
CCDC59	Ccdc59
BHLHA15	Bhlha15
C12orf57	Grcc10
ELFN1	Elfn1
RN7SKP285	Gm54899
COX6B1	Cox6b1
PIGM	Pigm
MARCHF9	Marchf9
GARIN1A	Garin1a
CAPN7	Capn7
ARL6IP4	Arl6ip4
ZNF579	Zfp579
CHN2	Chn2
KLF2	Klf2
PVR	Pvr
CEP135	Cep135
EFHC1	Efhc1
PSAT1	Psat1
ABCC6	Abcc6
MAN2B1	Man2b1
WDR19	Wdr19
NRXN3	Nrxn3
ZNF280D	Zfp280d
CUL1	Cul1
SDR39U1	Sdr39u1
MOB3B	Mob3b
SMAP1	Smap1
FKTN	Fktn
STOX1	Stox1
TMEM100	Tmem100
INSYN2B	Insyn2b
ODAPH	Odaph
PSAP	Psap
FBXL2	Fbxl2
PRRC1	Prrc1
GALNT7	Galnt7
GPR68	Gpr68
UBE3A	Ube3a
FOS	Fos
PIP4P2	Pip4p2
RNF213	Rnf213
TGFBI	Tgfbi
UBE2D3	Ube2d3
MYH7	Myh7
TECR	Tecr
GTPBP2	Gtpbp2
FGL1	Fgl1
NAE1	Nae1
ALDOB	Aldob
SCUBE3	Scube3
KCNMB2	Kcnmb2
TNFSF13	Tnfsf13
CDX1	Cdx1
MGAT4B	Mgat4b
XPNPEP1	Xpnpep1
NTS	Nts
CALCA	Calca
KLRD1	Klrd1
CCDC34	Ccdc34
HHATL	Hhatl
MRPL58	Mrpl58
ATP5MC3	Atp5mc3
DNLZ	Dnlz
BARHL1	Barhl1
TTLL11	Ttll11
SYT10	Syt10
TMEM209	Tmem209
ARHGAP27	Arhgap27
B3GNT4	B3gnt4
CCDC90B	Ccdc90b
MRPS2	Mrps2
MRPL30	Mrpl30
C8orf34	A830018L16Rik
APOE	Apoe
CDKN2A	Cdkn2a
ADGRD1	Adgrd1
PAPPA	Pappa
ID2	Id2
FBXL22	Fbxl22
ANGPT2	Angpt2
SHD	Shd
TMEM252	Tmem252
SEMA3A	Sema3a
KIF2A	Kif2a
ZWILCH	Zwilch
MBD3	Mbd3
GTF2E2	Gtf2e2
SEMA4D	Sema4d
MRPS23	Mrps23
RPA3	Rpa3
CD300LG	Cd300lg
SRSF7	Srsf7
MKLN1	Mkln1
RBIS	Rbis
PTBP1	Ptbp1
SERINC1	Serinc1
SRCIN1	Srcin1
LRRC73	Lrrc73
TEKT1	Tekt1
GMPR	Gmpr
NECTIN1	Nectin1
CPLX3	Cplx3
SRRM4	Srrm4
NUP93	Nup93
PATL2	Patl2
PCDHGC4	Pcdhgc4
DOCK3	Dock3
TKFC	Tkfc
SLC16A7	Slc16a7
OC90	Oc90
SLC4A9	Slc4a9
TTYH3	Ttyh3
MAP3K5	Map3k5
SERINC4	Serinc4
PPP1R16A	Ppp1r16a
TP53BP1	Trp53bp1
NIT2	Nit2
DNAJC9	Dnajc9
ABITRAM	Abitram
HIC1	Hic1
NT5C2	Nt5c2
PNPO	Pnpo
PPIL1	Ppil1
SPOPL	Spopl
DBNL	Dbnl
PUM3	Pum3
HSPA1L	Hspa1l
GYS2	Gys2
ELP6	Elp6
NPAT	Npat
TXNDC5	Txndc5
CD28	Cd28
BCL2L11	Bcl2l11
KPNB1	Kpnb1
FOLR2	Folr2
DRC5	Tcte1
RELB	Relb
PEX6	Pex6
LRRC49	Lrrc49
NDST1	Ndst1
WDR43	Wdr43
COPE	Cope
ALG3	Alg3
INTS8	Ints8
TMEM109	Tmem109
BICD1	Bicd1
MRPL49	Mrpl49
TDRD9	Tdrd9
RIPOR2	Ripor2
PXYLP1	Pxylp1
ABCG4	Abcg4
ASB1	Asb1
BNIP3L	Bnip3l
PAK6	Pak6
RBKS	Rbks
RYR2	Ryr2
KCTD13	Kctd13
ARRDC1	Arrdc1
PELI2	Peli2
TBX4	Tbx4
RACK1	Rack1
SLC22A17	Slc22a17
PRMT9	Prmt9
PLCB3	Plcb3
CCDC38	Ccdc38
PHYH	Phyh
PRR15	Prr15
PLEKHF2	Plekhf2
SLC35F4	Slc35f4
JPH3	Jph3
PCGF2	Pcgf2
CLXN	Clxn
XRCC2	Xrcc2
TCL1A	Tcl1
ZNF771	Zfp771
HS3ST5	Hs3st5
PIK3CA	Pik3ca
PKD2	Pkd2
MTPN	Mtpn
APAF1	Apaf1
CA7	Car7
ASB15	Asb15
PSME1	Psme1
MRAP2	Mrap2
ANKRD46	Ankrd46
ANGPTL2	Angptl2
CHRNB4	Chrnb4
SYNGAP1	Syngap1
RHBDL1	Rhbdl1
SLC31A2	Slc31a2
CCDC61	Ccdc61
HEXIM2	Hexim2
PCDH10	Pcdh10
FAM81A	Fam81a
GPAM	Gpam
GATB	Gatb
BARX1	Barx1
HAGH	Hagh
PCMTD1	Pcmtd1
CAPG	Capg
RAPGEF1	Rapgef1
RNF227	Rnf227
VMO1	Vmo1
CAMK1	Camk1
CEP85L	Cep85l
CDK12	Cdk12
CCDC32	Ccdc32
LSMEM1	Lsmem1
NDUFAF6	Ndufaf6
RALGAPA1	Ralgapa1
FAM135A	Fam135a
PHRF1	Phrf1
SLC13A2	Slc13a2
SYCE2	Syce2
PIK3R2	Pik3r2
SLC7A11	Slc7a11
ALDH1A2	Aldh1a2
HYAL1	Hyal1
TTPA	Ttpa
CARD19	Card19
EPHA5	Epha5
YWHAE	Ywhae
RASSF1	Rassf1
PRKCQ	Prkcq
SOHLH1	Sohlh1
PI4K2B	Pi4k2b
PBK	Pbk
ZFP2	Zfp2
TEX50	Tex50
NAPSA	Napsa
SNORD47	Snord47
SNORD78	Snord78
SNORD44	Gm23212
SNORD75	Gm56367
SNORD74	Gm26224
PLIN2	Plin2
BIRC5	Birc5
ISL2	Isl2
S100Z	S100z
HRH2	Hrh2
NRROS	Nrros
SPINK6	Spink6
RANBP3	Ranbp3
MFHAS1	Mfhas1
CLDN4	Cldn13
FBXL7	Fbxl7
AMZ1	Amz1
EXOSC4	Exosc4
SLU7	Slu7
CYP7B1	Cyp7b1
NR1D2	Nr1d2
ZNF18	Zkscan6
CPQ	Cpq
NFAT5	Nfat5
UMAD1	Umad1
SPATA1	Spata1
EFCAB11	Efcab11
CCDC40	Ccdc40
VKORC1L1	Vkorc1l1
HEPACAM2	Hepacam2
PCDHGB7	Pcdhgb7
CTXND1	Ctxnd1
UBLCP1	Ublcp1
ST8SIA2	St8sia2
PCP4L1	Pcp4l1
SHISAL2A	Shisal2a
MYL2	Myl2
FAM133B	Fam133b
VRK1	Vrk1
PM20D1	Pm20d1
GGNBP2	Ggnbp2
ARPC5L	Arpc5l
GCNT3	Gcnt3
STYXL2	Styxl2
TNC	Tnc
SETD2	Setd2
CASP6	Casp6
PAIP1	Paip1
ATP6V1H	Atp6v1h
PADI3	Padi3
GATA3	Gata3
IL16	Il16
PPIL4	Ppil4
IQCM	Iqcm
TMCO2	Tmco2
LIN28A	Lin28a
ABHD18	Abhd18
KIFBP	Kifbp
MRM2	Mrm2
INSC	Insc
UPP1	Upp1
ADORA2B	Adora2b
MRPL42	Mrpl42
UBTD1	Ubtd1
CORO2B	Coro2b
SPICE1	Spice1
PRRT1	Prrt1
CCDC186	Ccdc186
CDH24	Cdh24
BICDL2	Bicdl2
PRR15L	Prr15l
AIF1	Aif1
PLEKHF1	Plekhf1
SHF	Shf
FASTKD3	Fastkd3
HNRNPD	Hnrnpd
PATE2	Pate2
ANKFY1	Ankfy1
MYO9B	Myo9b
NLRP14	Nlrp14
SLC25A16	Slc25a16
FNTB	Fntb
TFAP4	Tfap4
XRRA1	Xrra1
RARS1	Rars1
WIF1	Wif1
PLAC9	Plac9
CLPX	Clpx
DTNBP1	Dtnbp1
AKR1E2	Akr1e1
IFT172	Ift172
DNAH3	Dnah3
RPP25L	Rpp25l
NAPEPLD	Napepld
PYY	Pyy
NUP214	Nup214
CCDC137	Ccdc137
MYRIP	Myrip
TCTN2	Tctn2
XRCC3	Xrcc3
ITGA2B	Itga2b
TWNK	Twnk
SCNN1B	Scnn1b
GRIK5	Grik5
NAT10	Nat10
PI4K2A	Pi4k2a
ADCK2	Adck2
MYMX	Mymx
SGK1	Sgk1
UBR1	Ubr1
MTMR4	Mtmr4
HMGA2	Hmga2
BIN3	Bin3
RUNX3	Runx3
INHBA	Inhba
DNTTIP2	Dnttip2
KCNMA1	Kcnma1
PITPNM2	Pitpnm2
TMIGD3	Tmigd3
POLM	Polm
AP3D1	Ap3d1
P3R3URF	P3r3urf
COX7C	Cox7c
EPHA3	Epha3
ELAC2	Elac2
LRTM2	Lrtm2
GSDMD	Gsdmd
VPS13C	Vps13c
FCHO2	Fcho2
KLRG1	Klrg1
ZC2HC1B	Zc2hc1b
CFAP20DC	Cfap20dc
QNG1	Qng1
OAS2	Oas2
RSPH9	Rsph9
KDM8	Kdm8
CDKN2B	Cdkn2b
PIP5K1B	Pip5k1b
PRRC2A	Prrc2a
ESRRA	Esrra
KCNJ8	Kcnj8
CNNM2	Cnnm2
ZNF251	Zfp251
CYP26A1	Cyp26a1
KRT75	Krt75
XPO6	Xpo6
SEC23A	Sec23a
ARAP2	Arap2
KICS2	Kics2
POLR3A	Polr3a
HDAC3	Hdac3
NXPE3	Nxpe3
SNTB1	Sntb1
CYP21A2	Cyp21a1
TSPAN8	Tspan8
RHOC	Rhoc
NEDD4	Nedd4
FBXO43	Fbxo43
ADCY8	Adcy8
TRIM44	Trim44
RIF1	Rif1
KIF20B	Kif20b
ANK1	Ank1
LYZL4	Lyzl4
PKNOX2	Pknox2
CEP290	Cep290
FERMT2	Fermt2
NDUFA8	Ndufa8
FGFBP3	Fgfbp3
AP3M1	Ap3m1
EXOSC3	Exosc3
MCCC1	Mccc1
LAT2	Lat2
SEC24B	Sec24b
SESN1	Sesn1
HACD4	Hacd4
BIRC3	Birc3
SNX29	Snx29
VCP	Vcp
RBM24	Rbm24
BBC3	Bbc3
TRHDE	Trhde
CFAP58	Cfap58
DDX50	Ddx50
NRIP2	Nrip2
HSF1	Hsf1
ELOVL7	Elovl7
ZBTB12	Zbtb12
SDHAF4	Sdhaf4
ANKLE2	Ankle2
PERP	Perp
POP4	Pop4
C5orf46	Gm94
HCRTR2	Hcrtr2
GPANK1	Gpank1
RTF1	Rtf1
SAR1B	Sar1b
MYOCD	Myocd
PPM1A	Ppm1a
CRX	Crx
SPG11	Spg11
CFAP69	Cfap69
LYL1	Lyl1
CD9	Cd9
MUC16	Muc16
EXO1	Exo1
WNK4	Wnk4
ZNF558	Zfp558
EZR	Ezr
CTNS	Ctns
SMPD4	Smpd4
MIOS	Mios
PCDHGA10	Pcdhga10
RANBP17	Ranbp17
PGM2L1	Pgm2l1
MAPK8IP3	Mapk8ip3
MSI1	Msi1
S100A13	S100a13
ZNF32	Zfp637
ABCA1	Abca1
TRMT9B	Trmt9b
UEVLD	Uevld
C4orf36	1700016H13Rik
MANSC1	Mansc1
OPTN	Optn
FAM229B	Fam229b
P2RX2	P2rx2
ZNF746	Zfp746
CFAP126	Cfap126
SCGN	Scgn
SPMIP8	Spmip8
GJB4	Gjb4
SLC7A2	Slc7a2
PDS5A	Pds5a
ING3	Ing3
TMEM106A	Tmem106a
TAPBP	Tapbp
ALS2CL	Als2cl
NEMF	Nemf
TMEM221	Tmem221
CREBRF	Crebrf
IGSF23	Igsf23
MYO19	Myo19
WDR72	Wdr72
FOXJ3	Foxj3
MYMK	Mymk
ARHGAP45	Arhgap45
IL33	Il33
FAM3C	Fam3c
HAGHL	Haghl
WDR41	Wdr41
CCDC91	Ccdc91
MELK	Melk
KCNK1	Kcnk1
GDAP1	Gdap1
DPF3	Dpf3
SPRED1	Spred1
CD320	Cd320
MARK2	Mark2
MBLAC1	Mblac1
AMFR	Amfr
RTCA	Rtca
SKAP2	Skap2
CD164	Cd164
RNF212B	Rnf212b
TRPA1	Trpa1
FBL	Fbl
DNAJA4	Dnaja4
TRIP11	Trip11
UBE2N	Ube2n
CFAP141	Cfap141
DNAAF11	Dnaaf11
SPP2	Spp2
ISOC1	Isoc1
NTAN1	Ntan1
DDX41	Ddx41
NCALD	Ncald
COPS6	Cops6
TMEM170B	Tmem170b
IBTK	Ibtk
TM2D3	Tm2d3
ZNF653	Zfp653
CKLF	Cklf
KCNH6	Kcnh6
NGB	Ngb
NKAIN3	Nkain3
TTC6	Ttc6
ETV2	Etv2
CNEP1R1	Cnep1r1
PPIP5K1	Ppip5k1
TP73	Trp73
PRKAR2A	Prkar2a
CENPK	Cenpk
CCT4	Cct4
FBXO27	Fbxo27
KCNH4	Kcnh4
TOX4	Tox4
TMEM97	Tmem97
CLEC11A	Clec11a
ZNF205	Zfp13
CRTC1	Crtc1
RPS6KB1	Rps6kb1
NUTM1	Nutm1
MORF4L1	Morf4l1
RNF212	Rnf212
SIAH2	Siah2
GIMAP8	Gimap8
GSPT1	Gspt1
ELOC	Eloc
PLAAT1	Plaat1
MYL10	Myl10
PACS2	Pacs2
ZBTB45	Zbtb45
FMNL3	Fmnl3
ELMO1	Elmo1
SLC6A17	Slc6a17
TPRN	Tprn
PCDHGA12	Pcdhga12
SPOCK3	Spock3
OSCAR	Oscar
SDHAF2	Sdhaf2
TXN	Txn1
PCOLCE2	Pcolce2
SLC35A4	Slc35a4
AHRR	Ahrr
PRR16	Prr16
TFPT	Tfpt
PLGRKT	Plgrkt
SRPRA	Srpra
TNPO1	Tnpo1
SLC45A3	Slc45a3
DPYSL5	Dpysl5
ILF3	Ilf3
DENND10	Dennd10
IFT122	Ift122
UBAP2	Ubap2
ST3GAL2	St3gal2
DYNLT5	Dynlt5
ATF1	Atf1
TPD52	Tpd52
GLS	Gls
GOLT1A	Golt1a
DLAT	Dlat
CSNK2A2	Csnk2a2
RARRES2	Rarres2
ZRANB1	Zranb1
RPS8	Rps8
BBS7	Bbs7
PLEKHS1	Plekhs1
SNX20	Snx20
MON2	Mon2
EPN2	Epn2
RBM20	Rbm20
KGD4	Mrps36
DNAJA3	Dnaja3
TYRO3	Tyro3
CHST15	Chst15
GUCA1A	Guca1a
GLRX	Glrx
C8orf90	Gm6569
SEC63	Sec63
NSD3	Nsd3
AKAP19	1700019D03Rik
DTX4	Dtx4
GHRHR	Ghrhr
CCDC158	Ccdc158
VDAC1	Vdac1
DAPK1	Dapk1
MYO7A	Myo7a
DGKI	Dgki
RPS3A	Rps3a1
ZRANB3	Zranb3
ZNF503	Zfp503
PWWP2B	Pwwp2b
SNX27	Snx27
NOLC1	Nolc1
RHOA	Rhoa
GNA12	Gna12
VAC14	Vac14
LMTK2	Lmtk2
ZNF35	Zfp105
ALKBH5	Alkbh5
LPCAT4	Lpcat4
YTHDF3	Ythdf3
SERPINE1	Serpine1
ARHGEF3	Arhgef3
ELMOD2	Elmod2
GNRH1	Gnrh1
LSM8	Lsm8
DDHD2	Ddhd2
TEN1	Ten1
KIF5B	Kif5b
GFM2	Gfm2
CRYGN	Crygn
ACTG2	Actg2
CLK3	Clk3
ECHDC1	Echdc1
CWC25	Cwc25
AEBP1	Aebp1
KIAA0232	D5Ertd579e
NUBP2	Nubp2
AADAT	Aadat
SLC46A1	Slc46a1
ZSCAN22	Zscan22
RHOG	Rhog
PADI1	Padi1
PIGW	Pigw
MYO1D	Myo1d
LRRC9	Lrrc9
C8orf33	1110038F14Rik
MYOG	Myog
CD151	Cd151
B3GALNT1	B3galnt1
OPN3	Opn3
SOS2	Sos2
RAC1	Rac1
BMP10	Bmp10
IRF8	Irf8
OSR1	Osr1
FAM135B	Fam135b
MRS2	Mrs2
CCN1	Ccn1
PCGF3	Pcgf3
NSMAF	Nsmaf
YPEL3	Ypel3
PLXNA4	Plxna4
ATAD1	Atad1
CLIP4	Clip4
RAB19	Rab19
SSBP3	Ssbp3
IL27	Il27
ZC3H10	Zc3h10
BRAF	Braf
NME3	Nme3
ITPK1	Itpk1
ANKRD33B	Ankrd33b
NXN	Nxn
PDZRN4	Pdzrn4
CRHBP	Crhbp
ARRDC4	Arrdc4
BFAR	Bfar
FAM117A	Fam117a
PIGBOS1	Pigbos1
RALGPS1	Ralgps1
EIF4E1B	Eif4e1b
AP3S2	Ap3s2
SMPDL3A	Smpdl3a
RWDD4	Rwdd4a
	Gm58354
SUPT5H	Supt5
CPD	Cpd
BUD13	Bud13
UBE2D2	Ube2d2a
OLFML2B	Olfml2b
CPZ	Cpz
GGA2	Gga2
CALHM4	Calhm4
YPEL4	Ypel4
IL22RA1	Il22ra1
MCUR1	Mcur1
BCL11B	Bcl11b
DPYS	Dpys
DPH1	Dph1
PTPN6	Ptpn6
TRMT5	Trmt5
ADAMTS16	Adamts16
THYN1	Thyn1
ADAMTS17	Adamts17
RPA2	Rpa2
ARHGAP5	Arhgap5
CHCHD2	Chchd2
ATXN1	Atxn1
SURF4	Surf4
KIAA0513	6430548M08Rik
ADAM8	Adam8
SLC26A1	Slc26a1
PPP1R11	Ppp1r11
IDH2	Idh2
CCDC85C	Ccdc85c
FAM47E	Fam47e
NEK9	Nek9
HLA-F	H2-M2
EMP2	Emp2
RP9	Rp9
TRAPPC3	Trappc3
SAAL1	Saal1
PAICS	Paics
GTF3C5	Gtf3c5
CUX1	Cux1
PYROXD1	Pyroxd1
XPO7	Xpo7
POLDIP2	Poldip2
MARCKSL1	Marcksl1
FAF2	Faf2
TSSK6	Tssk6
TUBGCP2	Tubgcp2
FXYD3	Fxyd3
DMXL2	Dmxl2
SFT2D2	Sft2d2
RPL10A	Rpl10a
ZNF2	Zfp661
SMOC1	Smoc1
C1orf185	4930522H14Rik
TMEM182	Tmem182
CDK10	Cdk10
A2M	A2m
PPARG	Pparg
MTRF1L	Mtrf1l
INO80B	Ino80b
GFPT2	Gfpt2
ZNF202	Zfp202
AP4B1	Ap4b1
KATNA1	Katna1
STRADA	Strada
CCNK	Ccnk
NOL8	Nol8
MGST2	Mgst2
NCOA4	Ncoa4
CHAC1	Chac1
EVL	Evl
MFGE8	Mfge8
STC1	Stc1
CHIC2	Chic2
PNOC	Pnoc
MRPL1	Mrpl1
ZC3H3	Zc3h3
SYPL1	Sypl1
TBC1D32	Tbc1d32
SPI1	Spi1
SLC45A4	Slc45a4
EZH2	Ezh2
TMEM154	Tmem154
SLC45A1	Slc45a1
MS4A13	Ms4a13
PROM1	Prom1
PDE7A	Pde7a
PPP4R4	Ppp4r4
CMYA5	Cmya5
SERPING1	Serping1
DUSP10	Dusp10
ACP5	Acp5
LTV1	Ltv1
IMMT	Immt
MMP25	Mmp25
PDCD6	Pdcd6
BRMS1L	Brms1l
PAQR5	Paqr5
UNC13A	Unc13a
NANS	Nans
NECAB2	Necab2
CYP17A1	Cyp17a1
ERN2	Ern2
CILK1	Cilk1
GREM1	Grem1
NKX6-3	Nkx6-3
MARK3	Mark3
DCAF13	Dcaf13
CDC7	Cdc7
BICRAL	Bicral
PPP1R26	Ppp1r26
CDK14	Cdk14
FREY1	Frey1
FCGRT	Fcgrt
MYCT1	Myct1
MOGAT2	Mogat2
TBC1D9B	Tbc1d9b
TBX18	Tbx18
RABEPK	Rabepk
CD5	Cd5
COMTD1	Comtd1
TPP1	Tpp1
GCLC	Gclc
IL2RA	Il2ra
TONSL	Tonsl
COQ7	Coq7
C10orf105	Gm17455
DDX21	Ddx21
PGAP4	Pgap4
CCDC181	Ccdc181
ZC3H18	Zc3h18
VAT1	Vat1
OMD	Omd
STKLD1	Stkld1
TBC1D31	Tbc1d31
CIMAP2	Cimap2
ATP6V1G1	Atp6v1g1
USP45	Usp45
POLG2	Polg2
RABGAP1	Rabgap1
DCAF5	Dcaf5
LEMD1	Lemd1
P3H2	P3h2
GIGYF1	Gigyf1
NME4	Nme4
DNMT1	Dnmt1
OPALIN	Opalin
GFI1	Gfi1
LLGL2	Llgl2
ADIPOQ	Adipoq
TRIM59	Trim59
ZFHX2	Zfhx2
NSMCE4A	Nsmce4a
RNASE6	Rnase6
ARB2A	Arb2a
DNAL1	Dnal1
XXYLT1	Xxylt1
PHETA1	Pheta1
TFEC	Tfec
ENPP3	Enpp3
HSD17B2	Hsd17b2
OTUB2	Otub2
FGF12	Fgf12
MYO1A	Myo1a
GIMAP1	Gimap1
GK5	Gk5
MYLK4	Mylk4
ASH2L	Ash2l
TRIM22	Trim75
IDI1	Idi1
EMC8	Emc8
TIFAB	Tifab
LSM11	Lsm11
PGBD1	Pgbd1
SFTPD	Sftpd
UTP15	Utp15
TRAF1	Traf1
GCK	Gck
KCTD8	Kctd8
MCUB	Mcub
SUPT3H	Supt3
ST8SIA1	St8sia1
PLEK2	Plek2
PARP3	Parp3
NDRG4	Ndrg4
ECT2L	Ect2l
JCHAIN	Jchain
TTC39B	Ttc39b
ZCCHC8	Zcchc8
GPR146	Gpr146
PLEKHD1	Plekhd1
PRCP	Prcp
CACUL1	Cacul1
FRYL	Fryl
HAUS4	Haus4
ZNF76	Zfp523
FASTK	Fastk
RAB3GAP2	Rab3gap2
GABRA1	Gabra1
PITRM1	Pitrm1
LRRC23	Lrrc23
JAGN1	Jagn1
TXNDC8	Txndc8
NDUFB5	Ndufb5
COQ4	Coq4
RAB1A	Rab1a
WDR88	Wdr88
ERI1	Eri1
URI1	Uri1
GKN1	Gkn1
CORIN	Corin
SPAG16	Spag16
THEM6	Them6
SCYL1	Scyl1
PRPF40B	Prpf40b
GALNT12	Galnt12
FGF1	Fgf1
AZIN1	Azin1
ADGRG7	Adgrg7
LRRC58	Lrrc58
ZCCHC7	Zcchc7
CCSER2	Ccser2
TM4SF1	Tm4sf1
C2orf92	4933424G06Rik
EXOC5	Exoc5
VEPH1	Veph1
SLC36A2	Slc36a2
TAGLN2	Tagln2
TMEM88	Tmem88
GAD2	Gad2
TMEM95	Tmem95
ZPBP2	Zpbp2
EBI3	Ebi3
SLC22A4	Slc22a4
MET	Met
CIPC	Cipc
ALOXE3	Aloxe3
CTNNA3	Ctnna3
CEP20	Cep20
IGSF10	Igsf10
PLPP3	Plpp3
ATG12	Atg12
COL5A2	Col5a2
PPFIBP1	Ppfibp1
MEIOSIN	Meiosin
MFSD12	Mfsd12
WDR53	Wdr53
ESR1	Esr1
LGALS3BP	Lgals3bp
WAPL	Wapl
MYH6	Myh6
SDE2	Sde2
TRADD	Tradd
NDUFA2	Ndufa2
SH2D3C	Sh2d3c
SLC25A13	Slc25a13
MAP6D1	Map6d1
MRNIP	Mrnip
CMC2	Cmc2
SYNGR4	Syngr4
CALM3	Calm3
BPHL	Bphl
PGM1	Pgm1
MRRF	Mrrf
IFT56	Ift56
PLSCR3	Plscr3
OPA1	Opa1
ADAM7	Adam7
SLC30A5	Slc30a5
SLC12A3	Slc12a3
KHDRBS3	Khdrbs3
SLC17A2	Slc17a2
C1QTNF7	C1qtnf7
ADGRA1	Adgra1
SH3D19	Sh3d19
ENTR1	Entr1
HACD1	Hacd1
TMEM205	Tmem205
TMEM214	Tmem214
PEBP4	Pebp4
IMMP2L	Immp2l
ZNF257	Krbox5
NIPSNAP2	Nipsnap2
SLF2	Slf2
CILP2	Cilp2
NCS1	Ncs1
SLC20A2	Slc20a2
VPS53	Vps53
STRBP	Strbp
F2RL3	F2rl3
MED16	Med16
CYP2E1	Cyp2e1
C5orf47	4930524B15Rik
MBLAC2	Mblac2
TRIP13	Trip13
TAF8	Taf8
PACC1	Pacc1
CACNA2D1	Cacna2d1
TEX36	Tex36
PPP2R2B	Ppp2r2b
COX15	Cox15
MDGA1	Mdga1
SEPTIN10	Septin10
ALOX5	Alox5
GNL2	Gnl2
KLF3	Klf3
SPNS1	Spns1
PRKDC	Prkdc
INTS12	Ints12
EEF1E1	Eef1e1
FBLN5	Fbln5
ADM	Adm
RANBP3L	Ranbp3l
ZNF169	Zfp169
SAP25	Sap25
NRAS	Nras
COX7A2	Cox7a2
YWHAG	Ywhag
ITPKC	Itpkc
ANLN	Anln
NCMAP	Ncmap
TRAF2	Traf2
MBD3L1	Mbd3l1
CEP126	Cep126
PET100	Pet100
FAM234A	Fam234a
PHACTR2	Phactr2
EFCAB7	Efcab7
CCDC152	Ccdc152
C19orf12	1600014C10Rik
ZCCHC24	Zcchc24
ACCS	Accs
PAX2	Pax2
ADAM17	Adam17
CIDEB	Cideb
F2RL1	F2rl1
PCDHGC5	Pcdhgc5
IFT20	Ift20
GDNF	Gdnf
ZNF608	Zfp608
CFAP96	Cfap96
AGAP3	Agap3
SLC2A1	Slc2a1
TEX15	Tex15
FXYD1	Fxyd1
DACT1	Dact1
SRFBP1	Srfbp1
RASSF4	Rassf4
TCF24	Tcf24
LSM12	Lsm12
MCM4	Mcm4
DHX15	Dhx15
GATD1	Gatd1
OSMR	Osmr
SERPINA11	Serpina11
CDCA4	Cdca4
PELP1	Pelp1
TRIM15	Trim15
LIN7A	Lin7a
SLC39A2	Slc39a2
MLLT11	Mllt11
KCNH5	Kcnh5
IP6K3	Ip6k3
CPM	Cpm
PRPF39	Prpf39
C11orf65	4930550C14Rik
IRF2	Irf2
MALSU1	Malsu1
HNRNPK	Hnrnpk
SOSTDC1	Sostdc1
ARL4A	Arl4a
BLMH	Blmh
TPCN2	Tpcn2
RMND1	Rmnd1
SND1	Snd1
CYSTM1	Cystm1
SF3A3	Sf3a3
ZC3H8	Zc3h8
CXCR6	Cxcr6
NCK1	Nck1
INPP5A	Inpp5a
CDH10	Cdh10
INTU	Intu
HLA-DOB	H2-Ob
MAP2K2	Map2k2
RACGAP1	Racgap1
SERPINA10	Serpina10
SULT1C2	Sult1c2
SCARF1	Scarf1
ABRACL	Abracl
TTC1	Ttc1
RARRES1	Rarres1
PLVAP	Plvap
TTC9	Ttc9
EFHB	Efhb
TMEM179	Tmem179
CC2D2A	Cc2d2a
UTRN	Utrn
MMP14	Mmp14
SPAST	Spast
MIGA1	Miga1
AP1M1	Ap1m1
LASP1	Lasp1
RBM27	Rbm27
HIF1A	Hif1a
AHSG	Ahsg
RAB3IL1	Rab3il1
MYOF	Myof
CHCT1	Chct1
AXIN2	Axin2
XPO5	Xpo5
SPATA19	Spata19
KCTD7	Kctd7
OXCT1	Oxct1
STRN	Strn
ZBTB3	Zbtb3
ST6GALNAC3	St6galnac3
HEPACAM	Hepacam
TIPARP	Tiparp
ALDOC	Aldoc
PUS3	Pus3
SBK3	Sbk3
RC3H1	Rc3h1
CLASRP	Clasrp
ACP3	Acp3
TP53I11	Trp53i11
RASL11B	Rasl11b
TMEM33	Tmem33
KCNJ13	Kcnj13
PLAU	Plau
SGO1	Sgo1
WASF1	Wasf1
ADCY3	Adcy3
RHOBTB1	Rhobtb1
DOCK4	Dock4
NUP54	Nup54
DNAJC16	Dnajc16
GPR137C	Gpr137c
BDKRB2	Bdkrb2
SPARCL1	Sparcl1
SNAPC1	Snapc1
PTPRE	Ptpre
RAB43	Rab43
TAF6L	Taf6l
UPK1B	Upk1b
AAAS	Aaas
CGRRF1	Cgrrf1
BEST2	Best2
HLF	Hlf
LRRC40	Lrrc40
DHX29	Dhx29
BORCS8	Borcs8
PDE6G	Pde6g
DORIP1	Gm527
UNC50	Unc50
MYH3	Myh3
APEX1	Apex1
MUC4	Muc4
VEGFB	Vegfb
ITGA8	Itga8
MEIOC	Meioc
GNAT2	Gnat2
MEOX2	Meox2
NETO2	Neto2
PROSER3	Proser3
SRSF1	Srsf1
CDK13	Cdk13
ATF3	Atf3
RPS13	Rps13
KRT19	Krt19
ISCU	Iscu
ASB13	Asb13
LRRC3C	Lrrc3c
B9D1	B9d1
TNN	Tnn
GNG13	Gng13
OSGIN1	Osgin1
ACER1	Acer1
OLAH	Olah
EIF4E	Eif4e
AGXT	Agxt
SNX24	Snx24
FBXO21	Fbxo21
EHBP1L1	Ehbp1l1
PPP1R15A	Ppp1r15a
LTBP2	Ltbp2
ITGAL	Itgal
VIM	Vim
ZNF444	Zfp444
KDM6B	Kdm6b
CTSS	Ctss
AIMP1	Aimp1
FAM184A	Fam184a
SH3PXD2B	Sh3pxd2b
DLK1	Dlk1
CYBC1	Cybc1
SMIM15	Smim15
EFNA3	Efna3
SMAD5	Smad5
COPB1	Copb1
FBXO33	Fbxo33
DPH3	Dph3
SMG9	Smg9
SLX4	Slx4
MICOS10	Micos10
DNAJC1	Dnajc1
IL17RB	Il17rb
C16orf95	1700018B08Rik
SCARB2	Scarb2
KRT18	Krt18
HSF4	Hsf4
MLH3	Mlh3
SPDL1	Spdl1
C10orf143	9430038I01Rik
ZFYVE9	Zfyve9
SAFB2	Safb2
NUDT3	Nudt3
MPRIP	Mprip
MTHFD1L	Mthfd1l
TCF7L2	Tcf7l2
POLR3E	Polr3e
TMCC3	Tmcc3
FANCD2OS	Fancd2os
SLC4A4	Slc4a4
SERPINA9	Serpina9
RBMS2	Rbms2
DNAJB11	Dnajb11
GYS1	Gys1
PNO1	Pno1
ROR1	Ror1
IPO11	Ipo11
KLF17	Klf17
MAP3K9	Map3k9
SLC1A4	Slc1a4
STX7	Stx7
STXBP6	Stxbp6
FOXR1	Foxr1
ESPL1	Espl1
SLC4A7	Slc4a7
MAMSTR	Mamstr
CPSF7	Cpsf7
HNMT	Hnmt
BAG2	Bag2
ELANE	Elane
LDLRAP1	Ldlrap1
SRF	Srf
IYD	Iyd
DERA	Dera
GLO1	Glo1
RAB2B	Rab2b
COL12A1	Col12a1
C14orf93	4931414P19Rik
CEP41	Cep41
G0S2	G0s2
FAM222A	Fam222a
ZNF131	Zfp131
BARHL2	Barhl2
GPR162	Gpr162
MRTFB	Mrtfb
FAM98C	Fam98c
IL10RA	Il10ra
CLEC4A	Clec4a1
PTPN7	Ptpn7
HPGD	Hpgd
CDK6	Cdk6
VWF	Vwf
LRRC51	Lrrc51
ANXA4	Anxa4
FBXO4	Fbxo4
TCF25	Tcf25
PON3	Pon3
MRPL52	Mrpl52
DEAF1	Deaf1
TRIM61	Trim61
SULT1B1	Sult1b1
ITK	Itk
AMN1	Amn1
CTH	Cth
CNTRL	Cntrl
CNOT8	Cnot8
PDE6B	Pde6b
CMTM5	Cmtm5
CIT	Cit
GZMM	Gzmm
EPHX4	Ephx4
RETN	Retn
CDKL1	Cdkl1
OPTC	Optc
TRAPPC14	Trappc14
SLC13A5	Slc13a5
VAMP3	Vamp3
TMEM63C	Tmem63c
SLC10A6	Slc10a6
SLC5A5	Slc5a5
ZKSCAN1	Zkscan1
NSD2	Nsd2
OPA3	Opa3
KIF18A	Kif18a
TPM4	Tpm4
STRN3	Strn3
MICALL2	Micall2
FOXJ1	Foxj1
SHISA6	Shisa6
ATXN2L	Atxn2l
CAVIN1	Cavin1
DNAH2	Dnah2
UPK2	Upk2
MYRF	Myrf
SCN5A	Scn5a
AOC2	Aoc2
FAM131B	Fam131b
TACO1	Taco1
SMARCE1	Smarce1
TFPI2	Tfpi2
ZNF345	Zfp11
STYK1	Styk1
ZNRF2	Znrf2
AGBL3	Agbl3
MICAL1	Mical1
HOOK2	Hook2
COL4A3	Col4a3
STEAP4	Steap4
MLXIP	Mlxip
CHTF8	Chtf8
CDCA7L	Cdca7l
CHORDC1	Chordc1
CXCL17	Cxcl17
PPP1R13L	Ppp1r13l
TIMD4	Timd4
GAD1	Gad1
COQ10A	Coq10a
MTHFD2L	Mthfd2l
TARS1	Tars1
CHD8	Chd8
SLC10A4	Slc10a4-ps
AFF1	Aff1
SMUG1	Smug1
COPG1	Copg1
LRGUK	Lrguk
USHBP1	Ushbp1
TNS3	Tns3
AFP	Afp
EEF1G	Eef1g
NTN5	Ntn5
ATP2A1	Atp2a1
ZNF507	Zfp507
UGT2A1	Ugt2a1
EIF2AK2	Eif2ak2
GID4	Gid4
TBC1D19	Tbc1d19
NUDT12	Nudt12
TINCR	Tincr
ABHD11	Abhd11
SLC7A10	Slc7a10
ZNF366	Zfp366
CCT6B	Cct6b
ATL1	Atl1
HOXC4	Hoxc4
SH3TC2	Sh3tc2
ZNF317	Zfp317
TCTN1	Tctn1
THOC7	Thoc7
GTF2IRD1	Gtf2ird1
RPS6KA5	Rps6ka5
TMIGD1	Tmigd1
WDR6	Wdr6
CNFN	Cnfn
SSBP4	Ssbp4
MARCHF10	Marchf10
TIMM10B	Timm10b
MACIR	Macir
BEAN1	Bean1
HINFP	Hinfp
EDIL3	Edil3
FOXF1	Foxf1
CDC42EP4	Cdc42ep4
DNAAF1	Dnaaf1
MEPE	Mepe
FAAP100	Faap100
SLC34A2	Slc34a2
ARHGAP26	Arhgap26
EEF2K	Eef2k
TOPBP1	Topbp1
GSC	Gsc
TDP1	Tdp1
MAP2K7	Map2k7
DDX52	Ddx52
SHOC2	Shoc2
KAT5	Kat5
HHIP	Hhip
FAM168B	Fam168b
SLC6A2	Slc6a2
POLK	Polk
RNF168	Rnf168
SMARCAD1	Smarcad1
PDCD2	Pdcd2
CHRNB1	Chrnb1
GDF2	Gdf2
UPF2	Upf2
MOBP	Mobp
SAMD4B	Samd4b
MOB2	Mob2
WDR90	Wdr90
MCEMP1	Mcemp1
F13A1	F13a1
GGA3	Gga3
ADCY5	Adcy5
CCDC85A	Ccdc85a
ELMOD1	Elmod1
PRX	Prx
ACOT13	Acot13
ARHGAP18	Arhgap18
TMEM41B	Tmem41b
NRDE2	Nrde2
CEBPG	Cebpg
SUMO1	Sumo1
SLC25A21	Slc25a21
SPSB4	Spsb4
DCUN1D5	Dcun1d5
FZR1	Fzr1
METTL3	Mettl3
CCR2	Ccr2
DDR1	Ddr1
TRMT10C	Trmt10c
HMMR	Hmmr
SYNPO2L	Synpo2l
SLC25A36	Slc25a36
PDE6C	Pde6c
INTS5	Ints5
RCHY1	Rchy1
SRBD1	Srbd1
EXT2	Ext2
NUDT13	Nudt13
GALNS	Galns
NPR2	Npr2
INHA	Inha
HVCN1	Hvcn1
CPA1	Cpa1
WFIKKN2	Wfikkn2
IL4	Il4
AURKB	Aurkb
BZW2	Bzw2
ARL3	Arl3
CENPP	Cenpp
MAT2B	Mat2b
PGP	Pgp
PLAA	Plaa
PMFBP1	Pmfbp1
ABHD12B	Abhd12b
KIAA1143	1110059G10Rik
MAPK8	Mapk8
ADGRG5	Adgrg5
PRDX2	Prdx2
ACSS3	Acss3
GNPNAT1	Gnpnat1
ITGA1	Itga1
RRAD	Rrad
GYG1	Gyg1
UBE2F	Ube2f
TMEM175	Tmem175
RCN1	Rcn1
KIRREL2	Kirrel2
C2CD2L	C2cd2l
KDELR2	Kdelr2
WDR59	Wdr59
OLFM1	Olfm1
ZBTB25	Zbtb25
HPD	Hpd
SLC4A2	Slc4a2
PDLIM1	Pdlim1
SH3GL2	Sh3gl2
CLBA1	Clba1
DHX58	Dhx58
ENO4	Eno4
SRA1	Sra1
SLC38A6	Slc38a6
ZGLP1	Zglp1
KIAA1958	E130308A19Rik
TRIP10	Trip10
NKX2-5	Nkx2-5
WNT5A	Wnt5a
FYB1	Fyb1
BNC2	Bnc2
CRYGS	Crygs
MME	Mme
CXCL9	Cxcl9
ABCE1	Abce1
MORN5	Morn5
DUSP14	Dusp14
MSMP	Msmp
VPS9D1	Vps9d1
ARHGEF39	Arhgef39
ZNF286A	Zfp286
P4HA2	P4ha2
TFAM	Tfam
CRACR2B	Cracr2b
RCL1	Rcl1
PLCE1	Plce1
SNN	Snn
PLD4	Pld4
LONP2	Lonp2
TRARG1	Trarg1
SNX15	Snx15
GALK1	Galk1
C14orf119	1700123O20Rik
TMEM210	Tmem210
AK8	Ak8
ACKR2	Ackr2
NDRG2	Ndrg2
ASGR1	Asgr1
BAAT	Baat
ADAM12	Adam12
EIF3F	Eif3f
ZNF639	Zfp639
PTPN13	Ptpn13
EXOSC2	Exosc2
MS4A1	Ms4a1
ARID2	Arid2
ADAMTS9	Adamts9
MADD	Madd
DYDC1	Dydc1
CFAP46	Cfap46
ENKD1	Enkd1
SPSB2	Spsb2
BAG1	Bag1
EMX1	Emx1
KEAP1	Keap1
RARG	Rarg
GTF2E1	Gtf2e1
TAF1C	Taf1c
RUSC2	Rusc2
DYNC2I1	Dync2i1
MAPRE3	Mapre3
MXI1	Mxi1
ANKLE1	Ankle1
CRB2	Crb2
LRRC14B	Lrrc14b
ERGIC1	Ergic1
GARNL3	Garnl3
GLB1	Glb1
KHSRP	Khsrp
NECTIN2	Nectin2
HOXA6	Hoxa6
HEBP1	Hebp1
NOS2	Nos2
ST6GALNAC4	St6galnac4
ITGA5	Itga5
CAMLG	Caml
MMP21	Mmp21
STAG3	Stag3
TNFAIP8	Tnfaip8
ATP5F1C	Atp5f1c
ZFR	Zfr
IL27RA	Il27ra
MSANTD3	Msantd3
AQP3	Aqp3
DNAI1	Dnai1
LMX1B	Lmx1b
ARHGEF1	Arhgef1
VWC2	Vwc2
AATF	Aatf
THRB	Thrb
AK1	Ak1
LMBR1L	Lmbr1l
RTKN2	Rtkn2
BAIAP3	Baiap3
TRIM65	Trim65
SVIL	Svil
CTDNEP1	Ctdnep1
ABCG5	Abcg5
TPM2	Tpm2
PAM	Pam
PLA2G12A	Pla2g12a
MKS1	Mks1
PPM1K	Ppm1k
TMEM233	Tmem233
CSDE1	Csde1
CMKLR1	Cmklr1
MMAB	Mmab
FGF2	Fgf2
SP9	Sp9
GSX2	Gsx2
CACNG1	Cacng1
DQX1	Dqx1
HSD17B11	Hsd17b11
SNX11	Snx11
RASGEF1B	Rasgef1b
FASTKD1	Fastkd1
TMEM101	Tmem101
OSTN	Ostn
TXNRD1	Txnrd1
GPM6A	Gpm6a
FOXK2	Foxk2
CLCN2	Clcn2
LRRC17	Lrrc17
NPSR1	Npsr1
TOPORS	Topors
RGS3	Rgs3
NME1	Nme1
SPMIP1	Spmip1
HIP1	Hip1
RHEBL1	Rhebl1
MAST4	Mast4
DMRTC2	Dmrtc2
TBC1D8	Tbc1d8
GLIPR1	Glipr1
UFSP2	Ufsp2
AURKC	Aurkc
NOXO1	Noxo1
MRPS35	Mrps35
HSD17B14	Hsd17b14
MYO1C	Myo1c
KCP	Kcp
FA2H	Fa2h
BEST3	Best3
GCSH	Gcsh
FNDC9	Fndc9
TRIP6	Trip6
CWC27	Cwc27
TRIM2	Trim2
CIC	Cic
CRTAP	Crtap
APOF	Apof
ANAPC5	Anapc5
EEF1A1	Eef1a1
LRRTM3	Lrrtm3
LMNB1	Lmnb1
ARHGAP22	Arhgap22
NFKBIZ	Nfkbiz
HCFC1R1	Hcfc1r1
ALDH1B1	Aldh1b1
RUVBL2	Ruvbl2
ZDHHC12	Zdhhc12
GALR2	Galr2
ARSB	Arsb
ABCB8	Abcb8
ASB14	Asb14
PASK	Pask
SPATA2L	Spata2l
EOGT	Eogt
ARID3C	Arid3c
FAM171A1	Fam171a1
FBXW5	Fbxw5
UBE2QL1	Ube2ql1
NME2	Nme2
SKP1	Skp1
DNAAF8	Dnaaf8
SMAD1	Smad1
CABCOCO1	Cabcoco1
MAGI1	Magi1
TRUB1	Trub1
RAB40C	Rab40c
PALD1	Pald1
DAPK3	Dapk3
SSTR5	Sstr5
FAM241A	Fam241a
SLC27A4	Slc27a4
ADCY9	Adcy9
GLRB	Glrb
ANGPTL4	Angptl4
TRIM50	Trim50
ZNF777	Zfp777
MYL1	Myl1
ZNF606	Zfp606
CFTR	Cftr
EEFSEC	Eefsec
MTMR12	Mtmr12
UBFD1	Ubfd1
TEX51	Tex51
TMEM94	Tmem94
LENG1	Leng1
ANKRD17	Ankrd17
TAF1B	Taf1b
MAZ	Maz
MVB12B	Mvb12b
FXR1	Fxr1
IRF3	Irf3
RBL2	Rbl2
IFIH1	Ifih1
WDR31	Wdr31
TACR1	Tacr1
HOXD11	Hoxd11
AAK1	Aak1
SNX18	Snx18
C5orf22	6030458C11Rik
CAB39	Cab39
LAMC3	Lamc3
SLC22A23	Slc22a23
ETFBKMT	Etfbkmt
ZCCHC9	Zcchc9
EPDR1	Epdr1
DDIT3	Ddit3
TSPAN13	Tspan13
ARMC5	Armc5
CERCAM	Cercam
MCFD2	Mcfd2
PSD2	Psd2
H2BC5	H2bc14
CLN3	Cln3
VSTM2A	Vstm2a
SLC39A5	Slc39a5
LSM2	Lsm2
ATP6V0E1	Atp6v0e
GCC1	Gcc1
ASL	Asl
STARD4	Stard4
ZBTB24	Zbtb24
HELT	Helt
LDB2	Ldb2
EVA1A	Eva1a
MTPAP	Mtpap
FABP7	Fabp7
FANCG	Fancg
DAAM2	Daam2
CX3CR1	Cx3cr1
DDX46	Ddx46
ST6GAL1	St6gal1
EEF2	Eef2
SPOCK2	Spock2
DTX1	Dtx1
ANK3	Ank3
ING4	Ing4
GABRB2	Gabrb2
OTX1	Otx1
PBX2	Pbx2
OR5A2	Or5a21
DHCR7	Dhcr7
DAPL1	Dapl1
RXFP1	Rxfp1
FRS3	Frs3
PAQR8	Paqr8
DUSP19	Dusp19
NQO2	Nqo2
CACNA2D3	Cacna2d3
MYH1	Myh1
FEM1C	Fem1c
USP20	Usp20
GALNT14	Galnt14
YTHDC2	Ythdc2
KRI1	Kri1
UNC119B	Unc119b
BBS10	Bbs10
TMED2	Tmed2
SMIM14	Smim14
ARF4	Arf4
ANO6	Ano6
IMMP1L	Immp1l
MRPL43	Mrpl43
MORC1	Morc1
VMAC	Vmac
NUP35	Nup35
MOB3A	Mob3a
SEMA6A	Sema6a
CNTD1	Cntd1
TRAK1	Trak1
ARHGAP44	Arhgap44
CLPS	Clps
VAX1	Vax1
PON1	Pon1
KLHL31	Klhl31
CASP3	Casp3
PIK3AP1	Pik3ap1
PHIP	Phip
KANSL2	Kansl2
ZNF112	Zfp111
DDIAS	Ddias
APTX	Aptx
KLK14	Klk14
GAMT	Gamt
DLX5	Dlx5
SLC25A12	Slc25a12
NPC1L1	Npc1l1
WDR49	Wdr49
PSD	Psd
SLC34A1	Slc34a1
CDON	Cdon
MYO6	Myo6
RAB3IP	Rab3ip
CCDC194	Ccdc194
PLSCR4	Plscr4
NR3C1	Nr3c1
COL17A1	Col17a1
MYPOP	Mypop
SGMS2	Sgms2
HAUS8	Haus8
RABEP1	Rabep1
LSM5	Lsm5
TTC29	Ttc29
CCDC150	Ccdc150
FBXL8	Fbxl8
GAB2	Gab2
ZNF853	Zfp853
SEPTIN12	Septin12
PPA2	Ppa2
PDIA4	Pdia4
KMT2A	Kmt2a
SETD6	Setd6
GP6	Gp6
RAPGEF5	Rapgef5
OXSR1	Oxsr1
GFPT1	Gfpt1
TSHZ3	Tshz3
ACSM1	Acsm1
POLD1	Pold1
SLCO1C1	Slco1c1
PCGF6	Pcgf6
COL1A2	Col1a2
FANCA	Fanca
MEF2C	Mef2c
CBX5	Cbx5
SLC22A8	Slc22a8
SLC22A1	Slc22a1
DHX40	Dhx40
EIF4A2	Eif4a2
CLMP	Clmp
CDC123	Cdc123
ERBB3	Erbb3
TEAD1	Tead1
PNMT	Pnmt
GPN1	Gpn1
SAXO4	Saxo4
LPAR1	Lpar1
NPRL3	Nprl3
C4orf17	4930579F01Rik
GPX6	Gpx6
GANAB	Ganab
PDLIM5	Pdlim5
YME1L1	Yme1l1
KIAA0319	D130043K22Rik
NEDD1	Nedd1
ZNF750	Zfp750
RGS9	Rgs9
SPAAR	Spaar
DENND4C	Dennd4c
ZAN	Zan
GMNN	Gmnn
ADGRF3	Adgrf3
ICAM2	Icam2
CEP68	Cep68
GPR15LG	Gpr15lg
C9orf50	1700001O22Rik
DHX32	Dhx32
TMEM215	Tmem215
ALAD	Alad
FLNC	Flnc
CENPW	Cenpw
C6orf118	1700010I14Rik
PRKAR1A	Prkar1a
MSRB2	Msrb2
PEX7	Pex7
C2CD5	C2cd5
A4GNT	A4gnt
ELOVL3	Elovl3
CCR5	Ccr5
CSTF3	Cstf3
NDUFB4	Ndufb4
CUL2	Cul2
ATP4A	Atp4a
PLEKHB2	Plekhb2
SLC29A1	Slc29a1
EDEM1	Edem1
PHLDB1	Phldb1
MANF	Manf
FIZ1	Fiz1
SFMBT1	Sfmbt1
GLIS2	Glis2
CKM	Ckm
HAS3	Has3
C1orf21	1700025G04Rik
ANAPC2	Anapc2
SFRP4	Sfrp4
HEATR3	Heatr3
C1orf116	AA986860
RGL3	Rgl3
SCRN2	Scrn2
PRSS8	Prss8
CFAP100	Cfap100
FBXO2	Fbxo2
PKN3	Pkn3
KCTD18	Kctd18
UTP4	Utp4
DPM3	Dpm3
TMPRSS7	Tmprss7
GRK5	Grk5
LYPD6B	Lypd6b
PLXND1	Plxnd1
MED11	Med11
LCK	Lck
TUBG2	Tubg2
SLC2A8	Slc2a8
EPAS1	Epas1
AFAP1L2	Afap1l2
TMEM256	Tmem256
ZBED3	Zbed3
FCER2	Fcer2a
PAXIP1	Paxip1
MIX23	Mix23
ATAD5	Atad5
PCDHGA11	Pcdhga11
GLRA1	Glra1
ZFR2	Zfr2
TMEM161B	Tmem161b
GBX2	Gbx2
ZSCAN10	Zscan10
LRRC59	Lrrc59
SLC29A4	Slc29a4
DSTYK	Dstyk
WNT6	Wnt6
FKRP	Fkrp
MSTN	Mstn
INPP5D	Inpp5d
SALL1	Sall1
TSPOAP1	Tspoap1
PAQR4	Paqr4
DNA2	Dna2
IFT22	Ift22
VKORC1	Vkorc1
ANO3	Ano3
FFAR1	Ffar1
MRPS12	Mrps12
IGFBP7	Igfbp7
WWP2	Wwp2
OSBPL3	Osbpl3
ARL1	Arl1
DNM2	Dnm2
SFXN1	Sfxn1
VPS8	Vps8
WDR33	Wdr33
MS4A15	Ms4a15
PGS1	Pgs1
ATP2B1	Atp2b1
P2RY6	P2ry6
MFAP3L	Mfap3l
NPFFR1	Npffr1
ABRAXAS2	Abraxas2
CHMP5	Chmp5
TLR3	Tlr3
CHST3	Chst3
MDK	Mdk
ACBD5	Acbd5
SCRG1	Scrg1
IGFBP5	Igfbp5
EVC	Evc
GABBR2	Gabbr2
BRIX1	Brix1
GNPAT	Gnpat
TNIP2	Tnip2
TBC1D10C	Tbc1d10c
WDR36	Wdr36
DOK4	Dok4
SPMIP2	Spmip2
KIF24	Kif24
MTNR1A	Mtnr1a
SLC4A3	Slc4a3
GASK1B	Gask1b
DCAF10	Dcaf10
NECAP1	Necap1
ALOX15	Alox15
PODXL	Podxl
TMEM86A	Tmem86a
HPSE2	Hpse2
C6orf15	2300002M23Rik
UNC5A	Unc5a
SLC17A7	Slc17a7
MYCBPAP	Mycbpap
NUDT9	Nudt9
KCTD21	Kctd21
PPT2	Ppt2
ADAMTSL2	Adamtsl2
INSYN2A	Insyn2a
DIMT1	Dimt1
FOXI2	Foxi2
TTLL3	Ttll3
AS3MT	As3mt
HAS1	Has1
UBE2G1	Ube2g1
PLIN3	Plin3
HYOU1	Hyou1
CSRNP2	Csrnp2
ATMIN	Atmin
TMEM184C	Tmem184c
LMNTD1	Lmntd1
TAX1BP3	Tax1bp3
ZNF629	Zfp629
CREB3	Creb3
TPRG1L	Tprg1l
POLR2C	Polr2c
KRT15	Krt15
RAMP3	Ramp3
KCNH3	Kcnh3
ZNF827	Zfp827
PTGER3	Ptger3
APOC2	Apoc2
APOM	Apom
NAIF1	Naif1
MYBBP1A	Mybbp1a
PLK2	Plk2
DNAJC25	Dnajc25
MYH11	Myh11
OGDH	Ogdh
CRIP3	Crip3
PHLDB3	Phldb3
PDIA5	Pdia5
SLC8A2	Slc8a2
MYBPC1	Mybpc1
NOTCH2	Notch2
GEMIN7	Gemin7
TTLL2	Ttll2
PRICKLE4	Prickle4
WDR1	Wdr1
IL4I1	Il4i1
WDR27	Wdr27
CAMK4	Camk4
RPL15	Rpl15
EGR1	Egr1
GPI	Gpi1
CACNG4	Cacng4
GRAMD2B	Gramd2b
HID1	Hid1
SFTA2	Sfta2
VAMP8	Vamp8
KHDC3L	Khdc3
IPCEF1	Ipcef1
KIF3C	Kif3c
SPRY1	Spry1
SNAPC3	Snapc3
MFSD8	Mfsd8
CDR2L	Cdr2l
MREG	Mreg
SIDT1	Sidt1
TOP3A	Top3a
HNRNPM	Hnrnpm
PLB1	Plb1
C9orf152	D630039A03Rik
OOEP	Ooep
GJA1	Gja1
PRPH2	Prph2
TCP11	Tcp11
CKMT2	Ckmt2
UGCG	Ugcg
BBX	Bbx
MYO18A	Myo18a
C9orf40	D030056L22Rik
MMP7	Mmp7
EDF1	Edf1
KCNE3	Kcne3
TMEM161A	Tmem161a
SLC5A12	Slc5a12
MRPS17	Mrps17
NDUFB6	Ndufb6
CLPB	Clpb
MRPL50	Mrpl50
GTPBP10	Gtpbp10
CEP43	Cep43
TUT7	Tut7
CCDC192	Ccdc192
QDPR	Qdpr
DCP2	Dcp2
KIF1B	Kif1b
INPP4A	Inpp4a
PDZD2	Pdzd2
SVOPL	Svopl
CNR1	Cnr1
KANK3	Kank3
CSNK2B	Csnk2b
IMPDH1	Impdh1
CNOT6L	Cnot6l
TMEM232	Tmem232
FGB	Fgb
CAMKK1	Camkk1
TREML4	Treml4
LYRM2	Lyrm2
CXCR5	Cxcr5
MEIKIN	Meikin
BRD10	Brd10
EML3	Eml3
GRXCR2	Grxcr2
PCDHA10	Pcdha9
GCNT1	Gcnt1
THEMIS	Themis
FBN2	Fbn2
SNRNP48	Snrnp48
C6orf62	BC005537
B3GALT9	B3galt9
SPATA31F3	Spata31f3
RPN1	Rpn1
DPP9	Dpp9
ACTG1	Actg1
TOMM6	Tomm6
SPTAN1	Sptan1
TBCK	Tbck
ATF6B	Atf6b
NADK2	Nadk2
CCR8	Ccr8
ACTRT3	Actrt3
ZBBX	Zbbx
CYTH3	Cyth3
CDH6	Cdh6
UBE2M	Ube2m
BCHE	Bche
AFF4	Aff4
LCA5	Lca5
CARM1	Carm1
INTS15	Ints15
SLC6A1	Slc6a1
PXDN	Pxdn
OAZ1	Oaz1
ZNF597	Zfp597
SMURF1	Smurf1
SOX8	Sox8
KLHL26	Klhl26
INPP5K	Inpp5k
TOX3	Tox3
ELAVL1	Elavl1
CENPQ	Cenpq
JARID2	Jarid2
TBC1D1	Tbc1d1
GRIK4	Grik4
CELF5	Celf5
HILPDA	Hilpda
MRPL45	Mrpl45
TMED6	Tmed6
CD83	Cd83
ESRP2	Esrp2
SLC17A4	Slc17a4
GOLPH3	Golph3
TNFSF12	Tnfsf12
CD2	Cd2
PSMD1	Psmd1
RPL32	Rpl32
MCTP1	Mctp1
OVCA2	Ovca2
ASB17	Asb17
MAP3K3	Map3k3
ADCYAP1R1	Adcyap1r1
DCAF15	Dcaf15
MTFR2	Mtfr2
PLAAT5	Plaat5
GSE1	Gse1
TREML2	Treml2
TMEM123	Tmem123
TBPL1	Tbpl1
TMIE	Tmie
CGGBP1	Cggbp1
ZNF426	Zfp426
SLC22A7	Slc22a7
ADCY2	Adcy2
BCO2	Bco2
USP13	Usp13
LRBA	Lrba
TMEM168	Tmem168
ATP1A2	Atp1a2
KLK5	Klk5
NUBP1	Nubp1
RADIL	Radil
CYTH2	Cyth2
TENT5A	Tent5a
CRTAC1	Crtac1
RANGRF	Rangrf
DPY19L3	Dpy19l3
TAF11	Taf11
TSC2	Tsc2
PPM1M	Ppm1m
SMARCD2	Smarcd2
IRF2BP2	Irf2bp2
TCF21	Tcf21
ADAMTS8	Adamts8
KCTD20	Kctd20
CD74	Cd74
NIBAN1	Niban1
CALCB	Calcb
BTD	Btd
CLEC4G	Clec4g
BMS1	Bms1
SLC22A6	Slc22a6
IRGQ	Irgq
POU2F2	Pou2f2
REXO2	Rexo2
SLC38A9	Slc38a9
OGFOD3	Ogfod3
HIVEP2	Hivep2
LRRC47	Lrrc47
TREM1	Trem1
LIN54	Lin54
NFKBIE	Nfkbie
PDSS1	Pdss1
C8A	C8a
CDYL	Cdyl
ABCB6	Abcb6
NXPE2	Nxpe2
BARX2	Barx2
CCL7	Ccl7
ARIH2	Arih2
MLLT6	Mllt6
PRDM11	Prdm11
NLRP12	Nlrp12
DACT2	Dact2
UROS	Uros
PPP1R14B	Ppp1r14b
SP2	Sp2
TTK	Ttk
POU2AF2	Pou2af2
FMN2	Fmn2
PCYT2	Pcyt2
PTTG1IP2	Pttg1ip2
RDH13	Rdh13
COBL	Cobl
TSPAN4	Tspan4
GTF2F1	Gtf2f1
SLC39A8	Slc39a8
B3GNT2	B3gnt2
NDFIP1	Ndfip1
CCDC148	Ccdc148
ADGRF5	Adgrf5
ABL2	Abl2
TCF7	Tcf7
CORT	Cort
CCT7	Cct7
SKP2	Skp2
LRRN3	Lrrn3
FDX2	Fdx2
BCAP29	Bcap29
PRRG2	Prrg2
RFX5	Rfx5
DPH7	Dph7
LAMA4	Lama4
KXD1	Kxd1
PPP2CA	Ppp2ca
PRKRIP1	Prkrip1
PRR7	Prr7
MAPK9	Mapk9
CYP2W1	Cyp2w1
RNF4	Rnf4
WIZ	Wiz
LYVE1	Lyve1
CREB5	Creb5
WDR11	Wdr11
KIAA1549L	D430041D05Rik
SAT2	Sat2
DDB1	Ddb1
FEZF1	Fezf1
VIPR2	Vipr2
CLPP	Clpp
METTL14	Mettl14
MIEN1	Mien1
MEX3D	Mex3d
AANAT	Aanat
MZF1	Mzf1
B4GALT1	B4galt1
SPATA6L	Spata6l
VMA12	Tmem199
WDFY4	Wdfy4
TMA16	Tma16
CLINT1	Clint1
NLGN2	Nlgn2
CASC3	Casc3
TEX101	Tex101
ZWINT	Zwint
ODF2	Odf2
HADHA	Hadha
KCNA7	Kcna7
FAM185A	Fam185a
ZFYVE28	Zfyve28
ERICH4	Erich4
NSMCE1	Nsmce1
LRRC4B	Lrrc4b
IL22RA2	Il22ra2
OPN5	Opn5
TMUB2	Tmub2
MAPK13	Mapk13
NOP53	Nop53
RBPJ	Rbpj
MCMBP	Mcmbp
GOSR2	Gosr2
TXNDC11	Txndc11
PDE4D	Pde4d
SNX8	Snx8
TRUB2	Trub2
PTCHD4	Ptchd4
POLH	Polh
PFKFB4	Pfkfb4
AHCYL2	Ahcyl2
CFAP157	Cfap157
ZNF189	Zfp189
TRIM39	Trim39
FGFR2	Fgfr2
RCC1	Rcc1
CBFB	Cbfb
DDX31	Ddx31
NUPR2	Nupr2
STRA8	Stra8
LRCH4	Lrch4
GPATCH1	Gpatch1
KIF5A	Kif5a
FAM114A1	Fam114a1
CREBBP	Crebbp
LMAN2	Lman2
TRDN	Trdn
COX7A2L	Cox7a2l
SHISA3	Shisa3
PGM2	Pgm2
LRRTM2	Lrrtm2
CA4	Car4
WWC1	Wwc1
AUH	Auh
TRAPPC5	Trappc5
ARID3A	Arid3a
PRSS21	Prss21
NCKIPSD	Nckipsd
RPS11	Rps11
DERL2	Derl2
ELAVL2	Elavl2
METTL9	Mettl9
CDKN1B	Cdkn1b
RFC1	Rfc1
SCYL2	Scyl2
TNFRSF12A	Tnfrsf12a
MIER2	Mier2
MEIOB	Meiob
RNF166	Rnf166
UBE2B	Ube2b
SMARCC2	Smarcc2
OSTF1	Ostf1
MCRIP2	Mcrip2
KLC3	Klc3
HARS2	Hars2
GNL1	Gnl1
MRC2	Mrc2
NOA1	Noa1
SLC38A3	Slc38a3
USP47	Usp47
NUDT2	Nudt2
SLC6A16	Slc6a16
SPATA7	Spata7
SETX	Setx
LRRFIP1	Lrrfip1
DBP	Dbp
SMIM5	Smim5
CEP95	Cep95
CCDC146	Ccdc146
RAB4A	Rab4a
SIRT5	Sirt5
UAP1L1	Uap1l1
MRPL22	Mrpl22
SAMD9L	Samd9l
IFI35	Ifi35
ZNHIT1	Znhit1
FANCM	Fancm
DPYSL3	Dpysl3
DNAJB5	Dnajb5
ZZEF1	Zzef1
PSMG3	Psmg3
F13B	F13b
SMC4	Smc4
IL6	Il6
PGC	Pgc
SWI5	Swi5
TNPO3	Tnpo3
ZNF475	1700034E13Rik
QSOX2	Qsox2
CLPTM1L	Clptm1l
PRP4K	Prpf4b
NKIRAS2	Nkiras2
ENG	Eng
KCNIP2	Kcnip2
CCER2	Ccer2
DVL1	Dvl1
RPTOR	Rptor
TRIM72	Trim72
CAPN12	Capn12
LRRC1	Lrrc1
WFDC1	Wfdc1
AMOTL1	Amotl1
NID2	Nid2
PRSS27	Prss27
ZG16	Zg16
EIF3M	Eif3m
ABCC10	Abcc10
MED1	Med1
NIN	Nin
TBC1D24	Tbc1d24
NEK11	Nek11
CRHR1	Crhr1
ZNF326	Zfp326
CNGB1	Cngb1
UST	Ust
CCDC92B	Ccdc92b
ELP5	Elp5
SLC26A8	Slc26a8
INPPL1	Inppl1
CORO1A	Coro1a
TAC1	Tac1
SHROOM1	Shroom1
RWDD1	Rwdd1
BAMBI	Bambi
FCHO1	Fcho1
BLNK	Blnk
KMT2C	Kmt2c
SP7	Sp7
TSPAN9	Tspan9
TMEM131L	Tmem131l
EDN1	Edn1
EVI2A	Evi2a
MPP3	Mpp3
ENTPD2	Entpd2
TADA3	Tada3
TRAM2	Tram2
RUFY1	Rufy1
GAPVD1	Gapvd1
ELK3	Elk3
CD24	Cd24a
C12orf42	1700113H08Rik
RPS6KA2	Rps6ka2
RPUSD1	Rpusd1
ANKRD9	Ankrd9
CD163	Cd163
MMP12	Mmp12
LYSET	Lyset
REC8	Rec8
FRMD4B	Frmd4b
INTS4	Ints4
CCL24	Ccl24
GPT2	Gpt2
CD46	Cd46
TRA2A	Tra2a
EXOC6	Exoc6
NSD1	Nsd1
MED6	Med6
CDCP1	Cdcp1
UCHL1	Uchl1
CNTNAP2	Cntnap2
TRIM36	Trim36
CACNB2	Cacnb2
MYNN	Mynn
PFDN1	Pfdn1
CCT6A	Cct6a
ABHD4	Abhd4
PKD2L2	Pkd2l2
NDUFA9	Ndufa9
PKHD1	Pkhd1
DMRT2	Dmrt2
TANC2	Tanc2
NRL	Nrl
TIGIT	Tigit
MLKL	Mlkl
RASGRF2	Rasgrf2
TMEM250	Tmem250
TIMP4	Timp4
CEP128	Cep128
GFAP	Gfap
FAM3D	Fam3d
NLRX1	Nlrx1
ANXA3	Anxa3
ZNF367	Zfp367
TMC7	Tmc7
VEGFA	Vegfa
INVS	Invs
RPS14	Rps14
PODNL1	Podnl1
MGAT4C	Mgat4c
CYP46A1	Cyp46a1
RBMS3	Rbms3
ZG16B	Sbpl
PIH1D1	Pih1d1
SDR42E2	Sdr42e2
MBD6	Mbd6
SMG6	Smg6
F12	F12
APRT	Aprt
FAM89B	Fam89b
TSG101	Tsg101
LEMD3	Lemd3
COX8C	Cox8b
PTGER2	Ptger2
HMGB2	Hmgb2
VWA2	Vwa2
PRODH2	Prodh2
ZNF839	Zfp839
SLC25A19	Slc25a19
PIGQ	Pigq
ACADSB	Acadsb
ZFC3H1	Zfc3h1
GTF2H5	Gtf2h5
PCBD2	Pcbd2
GREM2	Grem2
RPF2	Rpf2
NKD2	Nkd2
TIFA	Tifa
SLIRP	Slirp
PKP2	Pkp2
SGCB	Sgcb
TTC36	Ttc36
SST	Sst
PGLYRP2	Pglyrp2
CDV3	Cdv3
MYO3A	Myo3a
ARHGAP20	Arhgap20
PPP1R10	Ppp1r10
SMIM20	Smim20
ADGRE1	Adgre1
SNX2	Snx2
SLC6A13	Slc6a13
PIGR	Pigr
OSBPL11	Osbpl11
PTGR2	Ptgr2
SLC25A31	Slc25a31
PRKG2	Prkg2
C16orf89	AU021092
GIT1	Git1
MS4A3	Ms4a3
BAZ1B	Baz1b
SUDS3	Suds3
GNG3	Gng3
SERP1	Serp1
RYR1	Ryr1
STK32C	Stk32c
CCDC12	Ccdc12
ARRB1	Arrb1
MCM3	Mcm3
CFAP119	Cfap119
SLC15A4	Slc15a4
ABLIM1	Ablim1
CLCN3	Clcn3
SSBP1	Ssbp1
KBTBD12	Kbtbd12
PNPT1	Pnpt1
CMIP	Cmip
ATP1B3	Atp1b3
GCNT4	Gcnt4
SLC6A7	Slc6a7
PCSK4	Pcsk4
FKBP3	Fkbp3
ERCC6	Ercc6
TMEM186	Tmem186
COPS7A	Cops7a
CTU2	Ctu2
EIF4EBP3	Eif4ebp3
GABRG2	Gabrg2
OGDHL	Ogdhl
BCL2L2	Bcl2l2
RUFY3	Rufy3
STON2	Ston2
CKB	Ckb
TASOR	Tasor
NPEPPS	Npepps
RNF144B	Rnf144b
PLEKHA8	Plekha8
LTBP4	Ltbp4
SYCP2L	Sycp2l
KCNK10	Kcnk10
DOP1A	Dop1a
PFKFB2	Pfkfb2
PPP1R36	Ppp1r36
DMXL1	Dmxl1
ARHGAP21	Arhgap21
TMEM144	Tmem144
PRMT3	Prmt3
CD80	Cd80
EIF2S1	Eif2s1
DNASE1	Dnase1
CSPG5	Cspg5
MCM2	Mcm2
TNF	Tnf
IER3	Ier3
CRIP1	Crip1
KLRG2	Klrg2
GCNT2	Gcnt2
HECW1	Hecw1
CTSF	Ctsf
RABEP2	Rabep2
C5orf15	9530068E07Rik
RAB23	Rab23
GPX3	Gpx3
DNAAF5	Dnaaf5
DHRS1	Dhrs1
EGFLAM	Egflam
ETV5	Etv5
C2orf68	0610030E20Rik
PRR29	Prr29
ECHS1	Echs1
SNF8	Snf8
GABARAPL2	Gabarapl2
CYP20A1	Cyp20a1
SEMA6B	Sema6b
CCNB1	Ccnb1
TNRC6A	Tnrc6a
AKAP6	Akap6
INSIG1	Insig1
EPHB3	Ephb3
MMS22L	Mms22l
DHDH	Dhdh
GPAT3	Gpat3
RTP1	Rtp1
CPNE9	Cpne9
CDK3	Cdk3
SLC43A3	Slc43a3
CRB1	Crb1
CCDC62	Ccdc62
CDHR3	Cdhr3
PSMD3	Psmd3
ZNF296	Zfp296
SPC25	Spc25
IGFL4	Igfl3
KLHDC1	Klhdc1
ZFP42	Zfp42
KRT72	Krt72
C7	C7
CRMP1	Crmp1
PLEKHA3	Plekha3
TMEM217B	Tmem217b
NUAK1	Nuak1
TRIM24	Trim24
C6orf136	2310061I04Rik
QTRT1	Qtrt1
KARS1	Kars1
FNDC3B	Fndc3b
LRRC43	Lrrc43
RAD51AP2	Rad51ap2
PGGT1B	Pggt1b
TFEB	Tfeb
OSGEP	Osgep
PCED1B	Pced1b
GALNTL6	Galntl6
TLCD3A	Tlcd3a
GNRHR	Gnrhr
CAPRIN2	Caprin2
MARCHF3	Marchf3
CPSF4L	Cpsf4l
LYRM9	Lyrm9
PPIE	Ppie
CHSY3	Chsy3
HARS1	Hars1
PRSS54	Prss54
TRPV1	Trpv1
KCNK13	Kcnk13
KHNYN	Khnyn
OTOA	Otoa
COL26A1	Col26a1
BLTP1	Bltp1
OSBPL6	Osbpl6
ARHGAP35	Arhgap35
NMRK2	Nmrk2
TOGARAM1	Togaram1
GABRR1	Gabrr1
TBATA	Tbata
PI16	Pi16
CACNA1H	Cacna1h
GIMAP4	Gimap4
BTRC	Btrc
AK7	Ak7
CASP2	Casp2
ZNF451	Zfp451
SULT2B1	Sult2b1
INCENP	Incenp
ZNF628	Zfp628
CCDC190	Ccdc190
BLTP2	Bltp2
VRTN	Vrtn
HTR5A	Htr5a
PAQR7	Paqr7
SNX10	Snx10
UNC79	Unc79
HINT1	Hint1
MGAT1	Mgat1
MFRP	Mfrp
PSMC3IP	Psmc3ip
ETFB	Etfb
ANAPC16	Anapc16
TAF1D	Taf1d
POLD2	Pold2
RGL1	Rgl1
PRDM8	Prdm8
MTRR	Mtrr
TGM1	Tgm1
PGLS	Pgls
DPPA5	Dppa5a
SLC35D3	Slc35d3
AK9	Ak9
COL1A1	Col1a1
ABCG2	Abcg3
DCLRE1C	Dclre1c
PRAM1	Pram1
SAMD4A	Samd4
HNRNPL	Hnrnpl
DDX19A	Ddx19a
ARMC2	Armc2
MED12L	Med12l
FLVCR1	Flvcr1
BRD2	Brd2
FAM181A	Fam181a
NDUFB1	Ndufb1
RCE1	Rce1
PCP2	Pcp2
MTARC1	Mtarc1
ADAM21	Adam21
KLHL33	Klhl33
ASB5	Asb5
CDK2AP2	Cdk2ap2
METTL17	Mettl17
TTYH1	Ttyh1
CHST2	Chst2
CCNJL	Ccnjl
UBE2E2	Ube2e2
TBX6	Tbx6
TBRG1	Tbrg1
CPLX1	Cplx1
DUSP7	Dusp7
C16orf74	1190005I06Rik
LSMEM2	Lsmem2
CDC25C	Cdc25c
SH3RF1	Sh3rf1
AVL9	Avl9
GPR160	Gpr160
FLYWCH1	Flywch1
COL9A2	Col9a2
H2AZ1	H2az1
CACNG6	Cacng6
NDUFA3	Ndufa3
FNIP2	Fnip2
SPTSSB	Sptssb
KCNJ5	Kcnj5
ARHGAP19	Arhgap19
IQCB1	Iqcb1
TM7SF2	Tm7sf2
RAB28	Rab28
CCDC88C	Ccdc88c
COQ8B	Coq8b
ANKRD13B	Ankrd13b
SCGB3A2	Scgb3a2
ZNF467	Zfp467
ACTA2	Acta2
MSLN	Msln
REM2	Rem2
CNIH1	Cnih1
TMED9	Tmed9
METTL21A	Mettl21a
C1QL1	C1ql1
SLFN5	Slfn5
GCH1	Gch1
CLIP2	Clip2
DLX3	Dlx3
PDZK1	Pdzk1
RAD17	Rad17
SLC43A2	Slc43a2
MPHOSPH9	Mphosph9
SRSF5	Srsf5
GLYAT	Glyat
AFM	Afm
MITF	Mitf
TMX2	Tmx2
CXCL12	Cxcl12
MRPS9	Mrps9
TACR2	Tacr2
TMPRSS9	Tmprss9
KLHL11	Klhl11
GIPR	Gipr
UBE2Z	Ube2z
NOM1	Nom1
DPF2	Dpf2
CROT	Crot
NMT1	Nmt1
SNRNP35	Snrnp35
EPC1	Epc1
MEMO1	Memo1
CCDC77	Ccdc77
SYDE1	Syde1
SPP1	Spp1
KLK15	Klk15
SLC39A11	Slc39a11
TM9SF1	Tm9sf1
ZMYND11	Zmynd11
PLAAT3	Plaat3
PGLYRP1	Pglyrp1
SPTBN2	Sptbn2
MEGF8	Megf8
NR3C2	Nr3c2
SMARCD3	Smarcd3
FBRSL1	Fbrsl1
NPC2	Npc2
GPS1	Gps1
GADD45B	Gadd45b
BPGM	Bpgm
PCDH18	Pcdh18
ROBO2	Robo2
UGDH	Ugdh
USP35	Usp35
PYGL	Pygl
GDE1	Gde1
PRSS57	Prss57
MARCHF7	Marchf7
TMEM270	Tmem270
EPS8	Eps8
FAM220A	Fam220a
FSD1	Fsd1
BAIAP2L1	Baiap2l1
PRRG4	Prrg4
SHISAL2B	Shisal2b
ABHD16A	Abhd16a
CDH3	Cdh3
LECT2	Lect2
TMEM218	Tmem218
ZNF354A	Zfp354a
MKRN1	Mkrn1
GRIP2	Grip2
PTCD2	Ptcd2
U2AF2	U2af2
DAG1	Dag1
CES4A	Ces4a
NAT8L	Nat8l
ANTXR2	Antxr2
CAV1	Cav1
GGCT	Ggct
VCPKMT	Vcpkmt
CMTM7	Cmtm7
BST2	Bst2
CRIP2	Crip2
BUD31	Bud31
ITIH1	Itih1
PARP8	Parp8
MS4A14	Ms4a14
ZNF382	Zfp382
HRAS	Hras
FAM174C	Fam174c
NXF1	Nxf1
OTOGL	Otogl
PDGFA	Pdgfa
PRKCG	Prkcg
KRT39	Krt39
DLD	Dld
CACNA2D4	Cacna2d4
GNGT2	Gngt2
TGFB3	Tgfb3
FADS6	Fads6
TUBG1	Tubg1
PRSS23	Prss23
SLC16A10	Slc16a10
WARS1	Wars1
HNRNPUL1	Hnrnpul1
CFAP36	Cfap36
APOA5	Apoa5
MOXD1	Moxd1
NNMT	Nnmt
PFAS	Pfas
FAM174A	Fam174a
ZC3H12D	Zc3h12d
PCDHGA8	Pcdhga8
CLDN6	Cldn6
FRK	Frk
NOCT	Noct
AFAP1L1	Afap1l1
LSP1	Lsp1
DCTPP1	Dctpp1
MED28	Med28
DEK	Dek
FUS	Fus
MKRN2	Mkrn2
FSTL5	Fstl5
EPS8L1	Eps8l1
JAZF1	Jazf1
ATG3	Atg3
FKBP11	Fkbp11
HOXD9	Hoxd9
MITD1	Mitd1
GRSF1	Grsf1
DTX2	Dtx2
PCDHGA7	Pcdhga7
PLD2	Pld2
N4BP3	N4bp3
CRACR2A	Cracr2a
MTCL3	Mtcl3
DPPA2	Dppa2
CDK7	Cdk7
CCHCR1	Cchcr1
REXO1	Rexo1
TBC1D15	Tbc1d15
GTF3C2	Gtf3c2
NPM3	Npm3
JHY	Jhy
TMEM44	Tmem44
ST3GAL3	St3gal3
BMP2K	Bmp2k
MMRN2	Mmrn2
MMP3	Mmp3
EREG	Ereg
LCORL	Lcorl
SEMA4G	Sema4g
HIF3A	Hif3a
FEN1	Fen1
SOX30	Sox30
OR51E1	Or51e1
CENPE	Cenpe
PGAP2	Pgap2
COMMD10	Commd10
VIP	Vip
EGFL8	Egfl8
TNKS2	Tnks2
AKAP12	Akap12
CCDC39	Ccdc39
TBC1D12	Tbc1d12
LATS1	Lats1
UBTD2	Ubtd2
MARCHF11	Marchf11
IL31RA	Il31ra
TRH	Trh
ATP6V0E2	Atp6v0e2
KRT9	Krt9
ADPRH	Adprh
CEP162	Cep162
HSD17B1	Hsd17b1
RAB11FIP3	Rab11fip3
PSMC6	Psmc6
R3HDM4	R3hdm4
SELENOI	Selenoi
SEC22C	Sec22c
DCLRE1A	Dclre1a
TLCD2	Tlcd2
DUSP2	Dusp2
ATXN7L1	Atxn7l1
PTGES3	Ptges3
UBTF	Ubtf
HMX1	Hmx1
LIPT1	Lipt1
UGT2A2	Ugt2a2
CDK1	Cdk1
NSUN7	Nsun7
PCLO	Pclo
CEP164	Cep164
ANKRD53	Ankrd53
DDX49	Ddx49
STEAP2	Steap2
HS3ST1	Hs3st1
CDC20B	Cdc20b
SLC40A1	Slc40a1
CFL2	Cfl2
HBS1L	Hbs1l
PABPC4L	Pabpc4l
TMEM231	Tmem231
DAPP1	Dapp1
NREP	Nrep
BTBD10	Btbd10
ERG28	Erg28
BTC	Btc
SFR1	Sfr1
HTRA1	Htra1
MYL11	Mylpf
AP1AR	Ap1ar
ESR2	Esr2
SCIN	Scin
LMOD3	Lmod3
TMT1B	Tmt1b
BRAP	Brap
STXBP5L	Stxbp5l
C16orf54	AI467606
GLYR1	Glyr1
CLIP3	Clip3
ADK	Adk
GSTK1	Gstk1
HADH	Hadh
SPRED3	Spred3
COBLL1	Cobll1
MRPL21	Mrpl21
EIF3G	Eif3g
SSH1	Ssh1
MDFIC2	Mdfic2
EXOG	Exog
MINPP1	Minpp1
AKT1	Akt1
IFT46	Ift46
ST8SIA6	St8sia6
B4GALT7	B4galt7
ANKRD50	Ankrd50
PAOX	Paox
ADAM29	Adam29
PIWIL1	Piwil1
PHKG2	Phkg2
TBCCD1	Tbccd1
ZNF879	Zfp879
PIGY	Pigyl
C4orf33	D3Ertd751e
RFESD	Rfesd
ZC3H12C	Zc3h12c
TMC4	Tmc4
CPEB3	Cpeb3
IRAG1	Irag1
NPM1	Npm1
MECOM	Mecom
BMAL2	Bmal2
HSD17B13	Hsd17b13
CHST12	Chst12
ORAI2	Orai2
PDE5A	Pde5a
PMS2	Pms2
MKX	Mkx
RAB3GAP1	Rab3gap1
CCDC6	Ccdc6
CHST8	Chst8
MDFI	Mdfi
RPS25	Rps25
PCBD1	Pcbd1
PEBP1	Pbp2
CLDN1	Cldn1
MAP3K8	Map3k8
ZNF524	Zfp524
RBSN	Rbsn
CFAP206	Cfap206
TMEM120B	Tmem120b
HTR3A	Htr3a
GRHL1	Grhl1
MVB12A	Mvb12a
FHDC1	Fhdc1
SLC17A1	Slc17a1
LDHB	Ldhb
CEP44	Cep44
YWHAQ	Ywhaq
CAPN1	Capn1
CCDC28A	Ccdc28a
THNSL1	Thnsl1
SPINT2	Spint2
TEX264	Tex264
MAP3K4	Map3k4
ACTB	Actb
GABRA2	Gabra2
REDIC1	Redic1
ANKRD2	Ankrd2
MYH14	Myh14
C12orf43	2210016L21Rik
C10orf53	1700024G13Rik
RPP30	Rpp30
GNB4	Gnb4
BRMS1	Brms1
ADIPOR2	Adipor2
CYTL1	Cytl1
NAF1	Naf1
PPP1R35	Ppp1r35
RGS12	Rgs12
PXK	Pxk
STK25	Stk25
TTC9C	Ttc9c
PPP3CB	Ppp3cb
AP2B1	Ap2b1
NUMB	Numb
SPON1	Spon1
RAD9A	Rad9a
KIAA0408	9330159F19Rik
SLC2A12	Slc2a12
HMGCLL1	Hmgcll1
GALNT9	Galnt9
EMC10	Emc10
OCIAD1	Ociad1
SBDS	Sbds
DRC12	Ccdc153
RERG	Rerg
LCOR	Lcor
OAF	Oaf
EEPD1	Eepd1
CDKAL1	Cdkal1
CCT2	Cct2
CEACAM20	Ceacam20
PTPN12	Ptpn12
PAX6	Pax6
VPS26A	Vps26a
TFAP2A	Tfap2a
CTXN3	Ctxn3
KCNJ14	Kcnj14
ARSI	Arsi
B3GNT8	B3gnt8
PPP2R2D	Ppp2r2d
SYT3	Syt3
GPBP1	Gpbp1
DST	Dst
GIPC3	Gipc3
TNFSF14	Tnfsf14
CCDC97	Ccdc97
MACROH2A2	Macroh2a2
TNRC18	Tnrc18
IKZF5	Ikzf5
ZNF583	Zfp583
NHERF1	Nherf1
PMPCB	Pmpcb
MYPN	Mypn
INSR	Insr
VMP1	Vmp1
ADAMTS14	Adamts14
FOXK1	Foxk1
ITPRIPL1	Itpripl1
GARS1	Gars1
TMEM177	Tmem177
RXYLT1	Rxylt1
AHCTF1	Ahctf1
KCNG3	Kcng3
ANO8	Ano8
DNTT	Dntt
USP44	Usp44
ZNF878	Zfp867
SLC29A3	Slc29a3
FANCL	Fancl
HYAL4	Hyal4
ECSIT	Ecsit
SLC26A4	Slc26a4
RGS10	Rgs10
KRT40	Krt40
GRAP	Grap
FBXL15	Fbxl15
ARPC1A	Arpc1a
PITPNA	Pitpna
STAM	Stam
ITGAX	Itgax
RAD51AP1	Rad51ap1
GORASP1	Gorasp1
C17orf78	Gm11437
MRPS7	Mrps7
LDLRAD1	Ldlrad1
NUDT22	Nudt22
TRPV3	Trpv3
INSRR	Insrr
SYCE1L	Syce1l
TRIM8	Trim8
CKAP5	Ckap5
TEDC2	Tedc2
CALY	Caly
PPT1	
UBE3C	Ube3c
MAU2	Mau2
C10orf95	2310034G01Rik
XPOT	Xpot
MRPS16	Mrps16
PLK1	Plk1
HSPA14	Hspa14
BCL6B	Bcl6b
LGI4	Lgi4
RAP1GAP2	Rap1gap2
DDHD1	Ddhd1
TMCC1	Tmcc1
RUNX2	Runx2
PPM1B	Ppm1b
N4BP1	N4bp1
CLCN1	Clcn1
RBFOX1	Rbfox1
HELLS	Hells
HRC	Hrc
SLC25A10	Slc25a10
FAM120B	Fam120b
PLPP2	Plpp2
AGR3	Agr3
OXA1L	Oxa1l
SELENOT	Selenot
FAT1	Fat1
NOD1	Nod1
PLXNA1	Plxna1
ARHGAP23	Arhgap23
CCT5	Cct5
RBM46	Rbm46
NEURL4	Neurl4
EXOSC5	Exosc5
ASXL2	Asxl2
CAND2	Cand2
SMIM43	Smim43
SERPINA6	Serpina6
TDRD12	Tdrd12
PRMT5	Prmt5
TIGD2	Tigd2
LMO3	Lmo3
BMP6	Bmp6
ENPP5	Enpp5
DNAJB1	Dnajb1
HFE	Hfe
PGAM2	Pgam2
CNTN6	Cntn6
ADAP1	Adap1
MAP4K3	Map4k3
KLHL2	Klhl2
TMEM59L	Tmem59l
MEFV	Mefv
FBXO47	Fbxo47
CXCL16	Cxcl16
DCPS	Dcps
NGFR	Ngfr
GP1BA	Gp1ba
SYNRG	Synrg
TFCP2	Tfcp2
RPS15	Rps15
SLC25A33	Slc25a33
PM20D2	Pm20d2
GBF1	Gbf1
PYGM	Pygm
PRRT2	Prrt2
CLDN20	Cldn20
KIF6	Kif6
FSTL3	Fstl3
PTP4A2	Ptp4a2
UQCC2	Uqcc2
CYP8B1	Cyp8b1
CEP97	Cep97
BACE1	Bace1
CISD2	Cisd2
RPL18	Rpl18
ADCY7	Adcy7
TDRD6	Tdrd6
BTBD9	Btbd9
FAM131A	Fam131a
C4orf46	4930579G24Rik
ATP2A2	Atp2a2
HGF	Hgf
GRIA2	Gria2
PNLDC1	Pnldc1
SLC15A2	Slc15a2
VIPAS39	Vipas39
ASTN1	Astn1
KCNK5	Kcnk5
SMIM8	Smim8
FAM83E	Fam83e
IKZF1	Ikzf1
SAE1	Sae1
TMEM14A	Tmem14a
DRD1	Drd1
AGRP	Agrp
FOXM1	Foxm1
SMPD3	Smpd3
MATR3	Matr3
TAB2	Tab2
CCN2	Ccn2
CEP295	Cep295
SEMA3B	Sema3b
CCDC170	Ccdc170
BEST1	Best1
DHX57	Dhx57
SPATS1	Spats1
EPM2A	Epm2a
OR1F1	Or1f19
CSF3R	Csf3r
CIMAP1A	Cimap1a
STX18	Stx18
CTSC	Ctsc
PXDC1	Pxdc1
COL28A1	Col28a1
MRPL2	Mrpl2
SLC27A5	Slc27a5
RIC8B	Ric8b
ATP6V1C2	Atp6v1c2
GON7	Gon7
MAX	Max
ACP2	Acp2
C1GALT1	C1galt1
CFAP45	Cfap45
ORC3	Orc3
UNC5C	Unc5c
C12orf60	BC049715
GDF15	Gdf15
RSBN1	Rsbn1
GALNT6	Galnt6
EXOC3L2	Exoc3l2
CAMK2N1	Camk2n1
ETFDH	Etfdh
KIAA1614	BC034090
CIST1	Gm3336
PRTN3	Prtn3
PP2D1	Pp2d1
CD79A	Cd79a
COLQ	Colq
WEE2	Wee2
ASPG	Aspg
VGF	Vgf
GIMAP7	Gimap7
LTBP1	Ltbp1
SEMA3D	Sema3d
PSMC3	Psmc3
PARP11	Parp11
AQP1	Aqp1
TUT4	Tut4
VPS37D	Vps37d
COX19	Cox19
SLC25A23	Slc25a23
PRKAR1B	Prkar1b
ZNF25	Zfp9
CLEC4D	Clec4d
RNF10	Rnf10
RAF1	Raf1
GPRIN3	Gprin3
TMPRSS11A	Tmprss11a
SEC61A2	Sec61a2
KRT14	Krt14
SLBP	Slbp
PLEKHA7	Plekha7
RARA	Rara
ANXA7	Anxa7
ZRANB2	Zranb2
STBD1	Stbd1
CSN3	Csn3
WFS1	Wfs1
CYB5R2	Cyb5r2
MOSPD3	Mospd3
REEP2	Reep2
JUP	Jup
CCDC126	Ccdc126
DDIT4L	Ddit4l
AMBN	Ambn
GMFG	Gmfg
RUNDC3B	Rundc3b
RGS6	Rgs6
CCNH	Ccnh
FRG1	Frg1
AFG1L	Afg1l
IFITM10	Ifitm10
CCDC141	Ccdc141
NELL2	Nell2
MRPL16	Mrpl16
IPO13	Ipo13
AKR1B1	Akr1b1
SIPA1	Sipa1
CSN1S1	Csn1s1
CLVS2	Clvs2
MDC1	Mdc1
FGF21	Fgf21
MRPS5	Mrps5
ZNF566	Zfp566
ASF1B	Asf1b
NOTCH3	Notch3
RNF182	Rnf182
HIF1AN	Hif1an
ZNF518B	Zfp518b
RHAG	Rhag
S100PBP	S100pbp
ADGRL3	Adgrl3
CREBL2	Crebl2
LXN	Lxn
IFIT2	Ifit2
POP5	Pop5
COX16	Cox16
ANKRD66	Ankrd66
EIF2B5	Eif2b5
WDR37	Wdr37
FLOT1	Flot1
SELENOW	Selenow
TLK1	Tlk1
CD300LB	Cd300lb
NTF4	Ntf5
TMED10	Tmed10
IRF5	Irf5
NIPAL4	Nipal4
FLII	Flii
IQCN	Iqcn
TSPAN18	Tspan18
OS9	Os9
HNRNPH1	Hnrnph1
FARSA	Farsa
C14orf39	4930447C04Rik
RBP4	Rbp4
CAPRIN1	Caprin1
LTAP1	4933434E20Rik
VWA3B	Vwa3b
RHEB	Rheb
UBE2D1	Ube2d1
SYNPO2	Synpo2
ZNF398	Zfp398
ZC3HC1	Zc3hc1
CTNNA2	Ctnna2
HPGDS	Hpgds
RBM5	Rbm5
HNRNPDL	Hnrnpdl
PLA2G12B	Pla2g12b
PLXDC2	Plxdc2
NXPH1	Nxph1
FADD	Fadd
XPO1	Xpo1
ZPR1	Zpr1
SIPA1L1	Sipa1l1
PCDH15	Pcdh15
MEI4	Mei4
LAMA2	Lama2
BLVRB	Blvrb
ZNF541	Zfp541
LMNB2	Lmnb2
GUF1	Guf1
CHAF1A	Chaf1a
SCML4	Scml4
VSIG2	Vsig2
PPP3CA	Ppp3ca
TFAP2B	Tfap2b
NUP42	Nup42
SNX32	Snx32
TBC1D7	Tbc1d7
SYT12	Syt12
DOT1L	Dot1l
ENC1	Enc1
TRPC3	Trpc3
C7orf57	Gm11992
KRT79	Krt79
ZMAT2	Zmat2
TMEM80	Tmem80
TMEM119	Tmem119
ARNT	Arnt
CISH	Cish
NT5DC3	Nt5dc3
SLC26A2	Slc26a2
SLC7A14	Slc7a14
SUMF2	Sumf2
BET1L	Bet1l
DNAJB14	Dnajb14
SLC6A6	Slc6a6
MED10	Med10
TMEM235	Tmem235
SINHCAF	Sinhcaf
TMEM38A	Tmem38a
TMPRSS5	Tmprss5
TRIM37	Trim37
HSD17B4	Hsd17b4
MCM9	Mcm9
HAUS5	Haus5
USP38	Usp38
IDH1	Idh1
NDST2	Ndst2
NAV3	Nav3
CPNE5	Cpne5
NECTIN3	Nectin3
ADH6	Adh6b
HACD2	Hacd2
FBXW4	Fbxw4
PLEKHG1	Plekhg1
OSBPL10	Osbpl10
PAMR1	Pamr1
PRR3	Prr3
ZNF518A	Zfp518a
NT5DC1	Nt5dc1
TMEM150B	Tmem150b
CCNG2	Ccng2
CHST11	Chst11
FGFR1OP2	Fgfr1op2
COMP	Comp
TF	Trf
PIGG	Pigg
SLC35F2	Slc35f2
CSGALNACT2	Csgalnact2
GSG1	Gsg1
FKBP5	Fkbp5
RCC1L	Rcc1l
PDE4A	Pde4a
PITPNM1	Pitpnm1
NMT2	Nmt2
ETNK1	Etnk1
SAP30L	Sap30l
CBY3	Cby3
AP3B1	Ap3b1
FAM186B	Fam186b
GRIP1	Grip1
DMAC2	Dmac2
JDP2	Jdp2
CYP27A1	Cyp27a1
PSMC1	Psmc1
HOXA2	Hoxa2
MCU	Mcu
INMT	Inmt
PNMA8A	Pnma8a
FGL2	Fgl2
PLEKHG2	Plekhg2
ZFP3	Zfp3
ZNF513	Zfp513
SLC22A16	Slc22a16
SH2D6	Sh2d6
SLC3A2	Slc3a2
PLPP4	Plpp4
MDN1	Mdn1
NUDCD3	Nudcd3
GOLGA7B	Golga7b
PCYOX1	Pcyox1
NT5C3B	Nt5c3b
NUCB1	Nucb1
SORCS1	Sorcs1
MYG1	Myg1
ZC3HAV1L	Zc3hav1l
SLC7A8	Slc7a8
UPP2	Upp2
INTS1	Ints1
NKX6-2	Nkx6-2
NET1	Net1
NLRC4	Nlrc4
SLC41A2	Slc41a2
FBXO30	Fbxo30
RNF149	Rnf149
LY6G6D	Ly6g6d
SLC35A1	Slc35a1
MCRS1	Mcrs1
PPRC1	Pprc1
PTGER4	Ptger4
POGLUT3	Poglut3
ITGA2	Itga2
RAD51B	Rad51b
RAPSN	Rapsn
ZBTB4	Zbtb4
KCMF1	Kcmf1
SLC47A1	Slc47a1
EGLN3	Egln3
SCAND3	Zbed5
ATP6V0B	Atp6v0b
ANKIB1	Ankib1
COPS7B	Cops7b
EFCAB12	Efcab12
MRPL17	Mrpl17
SYTL3	Sytl3
TYSND1	Tysnd1
DLST	Dlst
EMX2	Emx2
NKX3-2	Nkx3-2
LOXL4	Loxl4
DCTD	Dctd
SNRNP70	Snrnp70
NCBP2	Ncbp2
PRR33	Prr33
SMCO4	Smco4
MUC3A	Muc3a
APOBEC2	Apobec2
MUSTN1	Mustn1
KIF13A	Kif13a
NT5C3A	Nt5c3
DNAJC19	Dnajc19
PIAS3	Pias3
MED21	Med21
LMO2	Lmo2
TASOR2	Tasor2
TCP11L2	Tcp11l2
CCDC81	Ccdc81
EPHA4	Epha4
WDR17	Wdr17
RNF130	Rnf130
CCRL2	Ccrl2
VEZF1	Vezf1
MIS18BP1	Mis18bp1
LLCFC1	Llcfc1
GFM1	Gfm1
RPS24	Rps24
CADPS2	Cadps2
ATG16L2	Atg16l2
MYO15A	Myo15a
YJEFN3	Yjefn3
PYCR2	Pycr2
TTC7B	Ttc7b
BRSK1	Brsk1
METAP1	Metap1
ARMC9	Armc9
MYOT	Myot
SAR1A	Sar1a
TAOK1	Taok1
ERAP1	Erap1
DYRK1B	Dyrk1b
IRAK2	Irak2
ISM2	Ism2
RAB5C	Rab5c
DMAP1	Dmap1
SOCS4	Socs4
PIGX	Pigx
MAPK10	Mapk10
GNG2	Gng2
GOLGA4	Golga4
ZNF569	Zfp74
PRSS35	Prss35
LST1	Lst1
FOXA1	Foxa1
SERPINA5	Serpina5
NDUFA13	Ndufa13
DHTKD1	Dhtkd1
RASD1	Rasd1
THRA	Thra
ACP6	Acp6
YIPF2	Yipf2
SPRY4	Spry4
ANKRD6	Ankrd6
CETN3	Cetn3
RDH11	Rdh11
ZMYND15	Zmynd15
STK32A	Stk32a
LTBP3	Ltbp3
PTCD1	Ptcd1
PSME3	Psme3
COL23A1	Col23a1
DGLUCY	Dglucy
DTWD2	Dtwd2
TCAF1	Tcaf1
PTF1A	Ptf1a
TRIR	Trir
MPP7	Mpp7
CROCC	Crocc
NEURL1B	Neurl1b
AP1M2	Ap1m2
LGR5	Lgr5
LOX	Lox
CPVL	Cpvl
PCYT1A	Pcyt1a
PDLIM4	Pdlim4
GAS2L2	Gas2l2
TM4SF5	Tm4sf5
PPP1R1B	Ppp1r1b
FAM53B	Fam53b
ARHGEF28	Arhgef28
SACM1L	Sacm1l
TDRD1	Tdrd1
NPHP1	Nphp1
TMTC3	Tmtc3
USH2A	Ush2a
LRRN4CL	Lrrn4cl
PPP6R1	Ppp6r1
CUL5	Cul5
SERPINF2	Serpinf2
BACH2	Bach2
ABI1	Abi1
TMEM63B	Tmem63b
SIK2	Sik2
VPS33A	Vps33a
ATP6V1F	Atp6v1f
MPC2	Mpc2
WNT16	Wnt16
TMEM126B	Tmem126b
ABCB4	Abcb4
NT5DC2	Nt5dc2
AGO3	Ago3
CLNS1A	Clns1a
CDKL3	Cdkl3
ANO4	Ano4
CA6	Car6
MCM6	Mcm6
PKIB	Pkib
PDLIM7	Pdlim7
NMNAT1	Nmnat1
IFT57	Ift57
ZMYND12	Zmynd12
AIRIM	Airim
SKIL	Skil
YAP1	Yap1
CHCHD6	Chchd6
SOCS2	Socs2
PRPSAP2	Prpsap2
MINDY4	Mindy4
C10orf67	4921504E06Rik
EMP3	Emp3
IP6K1	Ip6k1
ERP27	Erp27
PPP4R3B	Ppp4r3b
HMX3	Hmx3
TAOK3	Taok3
LRRC20	Lrrc20
BEND6	Bend6
SLC67A1	Slc22a18
VOPP1	Vopp1
RTP2	Rtp2
TRA2B	Tra2b
C6orf163	Gm136
BAG3	Bag3
MSH5	Msh5
SLC35E1	Slc35e1
COL16A1	Col16a1
PRF1	Prf1
WBP1L	Wbp1l
RHBDD2	Rhbdd2
KY	Ky
P4HA1	P4ha1
GPNMB	Gpnmb
TFRC	Tfrc
SMOC2	Smoc2
CLP1	Clp1
UBASH3B	Ubash3b
FSTL1	Fstl1
NR1H3	Nr1h3
TULP4	Tulp4
AICDA	Aicda
SLC22A15	Slc22a15
RGS14	Rgs14
OPN1SW	Opn1sw
LEP	Lep
RGS17	Rgs17
ASIC3	Asic3
NRBF2	Nrbf2
AFDN	Afdn
SMIM17	Smim17
DUSP5	Dusp5
SHLD3	Shld3
RAD52	Rad52
METTL6	Mettl6
HBEGF	Hbegf
ALKBH4	Alkbh4
PHYKPL	Phykpl
RAB18	Rab18
TOR1AIP1	Tor1aip1
SGCE	Sgce
DALRD3	Dalrd3
MRPL18	Mrpl18
BOLA3	Bola3
RPL23A	Rpl23a
LRFN2	Lrfn2
UNC5CL	Unc5cl
ARMH1	Armh1
ALKAL2	Alkal2
SLC39A7	Slc39a7
NEUROD4	Neurod4
EMP1	Emp1
SLC30A6	Slc30a6
DSE	Dse
HYAL3	Hyal3
PCDHA11	Pcdha11
CFAP73	Cfap73
ZNF8	Zfp128
MKRN2OS	Mkrn2os
SLC26A6	Slc26a6
IL12B	Il12b
POLR1G	Polr1g
LRIG3	Lrig3
ICAM4	Icam4
E2F3	E2f3
DCLK2	Dclk2
VAV3	Vav3
ZNF526	Zfp526
DAB2	Dab2
SUZ12	Suz12
PSORS1C2	Psors1c2
UFL1	Ufl1
KLF11	Klf11
RPS18	Rps18
AKAP8	Akap8
KRT8	Krt8
SPMIP3	Spmip3
C11orf52	2310030G06Rik
SAP30	Sap30
FSHB	Fshb
TRPC6	Trpc6
TMEM129	Tmem129
CALHM6	Calhm6
PROCA1	Proca1
TLE5	Tle5
ROS1	Ros1
BACC1	Bacc1
SRD5A3	Srd5a3
GNPDA2	Gnpda2
C1QTNF4	C1qtnf4
VPS37C	Vps37c
BDKRB1	Bdkrb1
PDCL2	Pdcl2
PCNX1	Pcnx1
DCAKD	Dcakd
RASA1	Rasa1
SYNCRIP	Syncrip
KIF1A	Kif1a
RNF121	Rnf121
KIAA0319L	AU040320
ART3	Art3
RLIG1	Rlig1
RCVRN	Rcvrn
EXOC7	Exoc7
POLE	Pole
VGLL4	Vgll4
ESAM	Esam
PPP2R3C	Ppp2r3c
DXO	Dxo
CCNE1	Ccne1
ARCN1	Arcn1
AMT	Amt
MRI1	Mri1
ZNF354B	Zfp354b
POU2AF3	Pou2af3
TENT4A	Tent4a
ENDOD1	Endod1
PGM3	Pgm3
TNNT3	Tnnt3
MTHFD1	Mthfd1
RLN3	Rln3
PDE4C	Pde4c
FBXL14	Fbxl14
CLEC4E	Clec4e
SHE	She
SPATA9	Spata9
CSRP2	Csrp2
SLIT2	Slit2
HMGCS1	Hmgcs1
ECSCR	Ecscr
B3GAT2	B3gat2
CFD	Cfd
TMEM50A	Tmem50a
PAK1IP1	Pak1ip1
IFT80	Ift80
GIPC1	Gipc1
STAB2	Stab2
MYO10	Myo10
SAPCD1	Sapcd1
TRIM56	Trim56
GLI1	Gli1
KPNA6	Kpna6
SIVA1	Siva1
SLC5A10	Slc5a10
GCDH	Gcdh
PDAP1	Pdap1
FOXG1	Foxg1
SART3	Sart3
CINP	Cinp
SENP5	Senp5
ADPRS	Adprs
LIN52	Lin52
ABCA13	Abca13
SEC14L1	Sec14l1
SFRP2	Sfrp2
ZBTB49	Zbtb49
UIMC1	Uimc1
AJUBA	Ajuba
ABHD10	Abhd10
USF3	Usf3
TMED8	Tmed8
C4orf50	Gm1043
DNAJC13	Dnajc13
ZBTB32	Zbtb32
ARHGAP24	Arhgap24
ERF	Erf
NUMBL	Numbl
NCAPG	Ncapg
ANGPTL8	Angptl8
GTF2I	Gtf2i
TBC1D17	Tbc1d17
TRAIP	Traip
DMGDH	Dmgdh
ARHGAP9	Arhgap9
MAP2K6	Map2k6
TMEM150C	Tmem150c
DNAJC21	Dnajc21
RAB37	Rab37
MSANTD2	Msantd2
XRCC1	Xrcc1
ARHGAP32	Arhgap32
POPDC2	Popdc2
PRICKLE1	Prickle1
ARRB2	Arrb2
ATG7	Atg7
SLC25A48	Slc25a48
TNIP3	Tnip3
SF1	Sf1
PDE1A	Pde1a
LEAP2	Leap2
PAPSS1	Papss1
NKPD1	Nkpd1
FAM13B	Fam13b
CNN2	Cnn2
OSBPL9	Osbpl9
ING5	Ing5
FAM234B	Fam234b
EFNB3	Efnb3
OXSM	Oxsm
ERBB2	Erbb2
KDM2B	Kdm2b
ZKSCAN7	Zkscan7
WDSUB1	Wdsub1
KLHL3	Klhl3
NPHS1	Nphs1
ENOPH1	Enoph1
WT1	Wt1
ELL2	Ell2
ATRIP	Atrip
ITPR2	Itpr2
COX7B2	Cox7b2
FAT4	Fat4
MOB1B	Mob1b
OLFM2	Olfm2
DIXDC1	Dixdc1
KLKB1	Klkb1
PJA2	Pja2
GALM	Galm
STRAP	Strap
C19orf33	2200002D01Rik
C19orf53	D8Ertd738e
PDE8B	Pde8b
NANOS3	Nanos3
SCN2B	Scn2b
CNTN3	Cntn3
MINK1	Mink1
CARNS1	Carns1
GLB1L	Glb1l
MYOZ2	Myoz2
TICAM1	Ticam1
NCCRP1	Nccrp1
PROS1	Pros1
MS4A12	Ms4a12
KLK11	Klk11
CRTAM	Crtam
LAP3	Lap3
BORCS5	Borcs5
ITGB7	Itgb7
POLA2	Pola2
CCSER1	Ccser1
NOL10	Nol10
ZNF551	Zfp551
TSPAN32	Tspan32
TTC9B	Ttc9b
ZNF121	Zfp560
RASSF6	Rassf6
ESM1	Esm1
DAND5	Dand5
SLC45A2	Slc45a2
KRTDAP	Krtdap
CDHR2	Cdhr2
MARK4	Mark4
LTA4H	Lta4h
CACNA2D2	Cacna2d2
CENPU	Cenpu
RAB39A	Rab39
UBXN1	Ubxn1
KMT5C	Kmt5c
VAMP4	Vamp4
CHST10	Chst10
ACBD4	Acbd4
MPND	Mpnd
FSTL4	Fstl4
TAFA3	Tafa3
PCDHGB2	Pcdhgb2
IL17B	Il17b
RELL1	Rell1
CDC23	Cdc23
MAN2B2	Man2b2
PIK3C2A	Pik3c2a
CEP85	Cep85
SNRPD2	Snrpd2
CCDC159	Ccdc159
WDR70	Wdr70
TBC1D30	Tbc1d30
LALBA	Lalba
POU6F1	Pou6f1
DDX25	Ddx25
SFSWAP	Sfswap
GULP1	Gulp1
LSM7	Lsm7
POLN	Poln
IMPDH2	Impdh2
FAM76A	Fam76a
DELE1	Dele1
ZNF358	Zfp358
DENND1C	Dennd1c
DCHS2	Dchs2
CCDC15	Ccdc15
SMURF2	Smurf2
NPNT	Npnt
SLC4A8	Slc4a8
FERMT3	Fermt3
LDLR	Ldlr
GSTM2	Gstm7
CSNK1G3	Csnk1g3
FASN	Fasn
CD44	Cd44
C19orf38	AB124611
MAML3	Maml3
MLEC	Mlec
GLRA3	Glra3
CACNA1A	Cacna1a
TLL1	Tll1
FGF23	Fgf23
LLPH	Llph
ZBTB47	Zbtb47
RFX4	Rfx4
PLK3	Plk3
COMMD2	Commd2
MSMO1	Msmo1
GNL3	Gnl3
DBX2	Dbx2
BANK1	Bank1
MROH9	Mroh9
ERP29	Erp29
G6PC1	G6pc1
TAF1A	Taf1a
MACROH2A1	Macroh2a1
LRIG1	Lrig1
TSPAN5	Tspan5
HJV	Hjv
TIGAR	Tigar
TRAK2	Trak2
SENP1	Senp1
GFY	Gfy
GGN	Ggn
LYAR	Lyar
PSMD8	Psmd8
ANXA5	Anxa5
SHANK1	Shank1
TUBD1	Tubd1
HOXC11	Hoxc11
EVI5L	Evi5l
ZNF664	Zfp664
NUP133	Nup133
ARL6IP6	Arl6ip6
COG1	Cog1
NMUR1	Nmur1
NCOA1	Ncoa1
SYT5	Syt5
BAIAP2	Baiap2
KLHDC8B	Klhdc8b
APLP1	Aplp1
GALNT10	Galnt10
ABCF3	Abcf3
GLT8D2	Glt8d2
NENF	Nenf
MED7	Med7
BHLHE41	Bhlhe41
TCOF1	Tcof1
BAZ2A	Baz2a
CC2D1B	Cc2d1b
ATL3	Atl3
TMPRSS13	Tmprss13
SMARCA5	Smarca5
TIA1	Tia1
PAQR9	Paqr9
ART1	Art1
FETUB	Fetub
SIPA1L3	Sipa1l3
KRT85	Krt85
GRK2	Grk2
NOS1	Nos1
HDAC5	Hdac5
MAP3K13	Map3k13
PTPRH	Ptprh
E2F7	E2f7
WASHC3	Washc3
C3orf38	4930453N24Rik
RBM47	Rbm47
ARL6	Arl6
RABAC1	Rabac1
RFTN1	Rftn1
MORN3	Morn3
ERCC1	Ercc1
NEMP1	Nemp1
FAM118B	Fam118b
RAD9B	Rad9b
IFRD2	Ifrd2
THADA	Thada
HEATR1	Heatr1
EPGN	Epgn
HOXC8	Hoxc8
TMEM132D	Tmem132d
MTURN	Mturn
PCYOX1L	Pcyox1l
PHKG1	Phkg1
WNK1	Wnk1
ING2	Ing2
LGI2	Lgi2
LARP1	Larp1
NEIL3	Neil3
ADAD1	Adad1
ZSCAN21	Zscan21
WDTC1	Wdtc1
RSF1	Rsf1
C6	C6
BMPR1B	Bmpr1b
SENP2	Senp2
VPS50	Vps50
PPP1CA	Ppp1ca
VPS72	Vps72
PHOX2B	Phox2b
PIK3R3	Pik3r3
GLIPR1L2	Glipr1l2
ABCA8	Abca8b
ANKRD27	Ankrd27
APLP2	Aplp2
PCBP2	Pcbp2
MFSD1	Mfsd1
PLA2G5	Pla2g5
AGMO	Agmo
MRPL32	Mrpl32
LYSMD1	Lysmd1
EVX1	Evx1
CARD11	Card11
MGLL	Mgll
AASS	Aass
CPLX2	Cplx2
NPR3	Npr3
KAT7	Kat7
WIPF1	Wipf1
GABRP	Gabrp
TRIM71	Trim71
P2RY13	P2ry13
CMC1	Cmc1
CEP89	Cep89
PCDHGA6	Pcdhga6
RIOK2	Riok2
EXOSC10	Exosc10
RCOR2	Rcor2
CHDH	Chdh
TMEM102	Tmem102
NHP2	Nhp2
DOCK10	Dock10
FBF1	Fbf1
CD22	Cd22
CCDC69	Ccdc69
TMEM179B	Tmem179b
GALNTL5	Galntl5
ARFGAP2	Arfgap2
LNPEP	Lnpep
RABL3	Rabl3
MAP2K4	Map2k4
FSCN1	Fscn1
MST1	Mst1
TMEM176A	Tmem176a
EIF2AK3	Eif2ak3
CDKN2AIPNL	Cdkn2aipnl
MAP1B	Map1b
TMEM107	Tmem107
JMY	Jmy
PPFIA3	Ppfia3
ENDOV	Endov
LPCAT1	Lpcat1
SEC13	Sec13
FSHR	Fshr
KCNJ10	Kcnj10
PURA	Pura
BCL2L12	Bcl2l12
GPR155	Gpr155
PCDHGB4	Pcdhgb4
BNIP1	Bnip1
NTRK1	Ntrk1
URGCP	Urgcp
PC	Pcx
RHNO1	Rhno1
RAI1	Rai1
TLR9	Tlr9
LMLN	Lmln
LETMD1	Letmd1
CCDC125	Ccdc125
ZNF207	Zfp207
STARD3NL	Stard3nl
LAMB2	Lamb2
CDC42SE2	Cdc42se2
RAB24	Rab24
DAW1	Daw1
CGREF1	Cgref1
PLA2G4C	Pla2g4c
LIFR	Lifr
GUSB	Gusb
CLEC12A	Clec12a
NAA38	Naa38
ITPRID2	Itprid2
UBB	Ubb
PYM1	Pym1
RPAIN	Rpain
PHC1	Phc1
F2R	F2r
MRPS30	Mrps30
LGR6	Lgr6
C1QTNF3	C1qtnf3
SMIM33	Smim33
TRAPPC6A	Trappc6a
RAI14	Rai14
EAF2	Eaf2
GAST	Gast
KRT12	Krt12
OR9G4	Or9g4
SYT9	Syt9
DNAJB8	Dnajb8
CMTM8	Cmtm8
UBL5	Ubl5
	Gm51400
SLC36A4	Slc36a4
DLG1	Dlg1
REX1BD	Rex1bd
UNK	Unk
CD70	Cd70
NECTIN4	Nectin4
ART5	Art5
PHF12	Phf12
UBE4A	Ube4a
GPR35	Gpr35
PHTF2	Phtf2
CR2	Cr2
C17orf75	5730455P16Rik
ARHGAP30	Arhgap30
ANKRD44	Ankrd44
ADAMTS19	Adamts19
DDX6	Ddx6
PRPSAP1	Prpsap1
EEIG2	Eeig2
KIF20A	Kif20a
DIPK1A	Dipk1a
LRATD1	Lratd1
CRADD	Cradd
COIL	Coil
SLC38A10	Slc38a10
PPP1CC	Ppp1cc
DYNC1I1	Dync1i1
STAMBP	Stambp
ANKRD34B	Ankrd34b
MAPK8IP1	Mapk8ip1
NXPH4	Nxph4
ECM1	Ecm1
CUX2	Cux2
TPPP	Tppp
DDX10	Ddx10
CCL28	Ccl28
UQCRFS1	Uqcrfs1
PTPN11	Ptpn11
ZNF346	Zfp346
RCN3	Rcn3
CENATAC	Cenatac
TTLL10	Ttll10
NOSIP	Nosip
C12orf50	1700017N19Rik
FAM186A	Fam186a
CLDN7	Cldn7
CCNG1	Ccng1
NR2C1	Nr2c1
RNF214	Rnf214
LRIG2	Lrig2
SENP3	Senp3
BRD9	Brd9
P2RX1	P2rx1
RHOD	Rhod
ABI3	Abi3
PICALM	Picalm
OTOP3	Otop3
HERPUD2	Herpud2
KLF16	Klf16
MFSD11	Mfsd11
DMKN	Dmkn
RASGEF1C	Rasgef1c
DNAH6	Dnah6
SPACDR	Tsc22d4
CSAD	Csad
EFCAB10	Efcab10
ARL13B	Arl13b
WDR55	Wdr55
PPOX	Ppox
FAM20C	Fam20c
GZMA	Gzma
LANCL1	Lancl1
FAM170A	Fam170a
PCDHGB5	Pcdhgb5
ZC3HAV1	Zc3hav1
PCDHAC1	Pcdhac1
MRPL36	Mrpl36
ZBTB38	Zbtb38
FAM193B	Fam193b
C17orf107	4930544D05Rik
EME1	Eme1
ALMS1	Alms1
PEX12	Pex12
SLC12A2	Slc12a2
WASL	Wasl
ALOX12	Alox12
SLC35G2	Slc35g2
SENP7	Senp7
AMZ2	Amz2
ACKR3	Ackr3
PLEK	Plek
PFKM	Pfkm
ATG2A	Atg2a
NFE2L3	Nfe2l3
SRSF2	Srsf2
PCDHA2	Pcdha2
AKAP9	Akap9
SAP130	Sap130
SPINK1	Spink1
PCSK1	Pcsk1
PDK2	Pdk2
THRAP3	Thrap3
SLCO2B1	Slco2b1
ATOX1	Atox1
U2SURP	U2surp
CHRM2	Chrm2
CDO1	Cdo1
BCL7B	Bcl7b
FAM171A2	Fam171a2
SH2D2A	Sh2d2a
CREB3L2	Creb3l2
ZNF354C	Zfp354c
PCDH1	Pcdh1
DPP6	Dpp6
TLX3	Tlx3
NUP98	Nup98
STING1	Sting1
CSF1	Csf1
RAD54L2	Rad54l2
DHRS11	Dhrs11
UQCRQ	Uqcrq
HOXA3	Hoxa3
PRPF40A	Prpf40a
SIMC1	Simc1
SYNE4	Syne4
EPO	Epo
PLEKHH3	Plekhh3
SYTL1	Sytl1
ZBTB11	Zbtb11
POR	Por
HEG1	Heg1
CTNNB1	Ctnnb1
SLC1A3	Slc1a3
FCER1A	Fcer1a
FKBP10	Fkbp10
CRABP2	Crabp2
SMIM24	Smim24
TBXA2R	Tbxa2r
SLC5A9	Slc5a9
CREB1	Creb1
ANKRD24	Ankrd24
JADE2	Jade2
CRLF3	Crlf3
C1orf115	C130074G19Rik
SOX9	Sox9
AFMID	Afmid
NDUFA7	Ndufa7
RHPN2	Rhpn2
ETHE1	Ethe1
NFE2L2	Nfe2l2
IKBKE	Ikbke
CBARP	Cbarp
COASY	Coasy
P2RX5	P2rx5
GNGT1	Gngt1
TECPR1	Tecpr1
RPS9	Rps9
PRDX5	Prdx5
MAP4K4	Map4k4
GOLPH3L	Golph3l
RTN4RL2	Rtn4rl2
RNF112	Rnf112
TPH1	Tph1
GPN2	Gpn2
EOMES	Eomes
SLC25A35	Slc25a35
ZCWPW2	Zcwpw2
CNTF	Cntf
UNC93B1	Unc93b1
SYT2	Syt2
DRC3	Drc3
AP2A1	Ap2a1
GNG5	Gng5
ZXDC	Zxdc
IRF6	Irf6
NCAPD3	Ncapd3
TIMM29	Timm29
AXL	Axl
ARHGEF37	Arhgef37
ARF3	Arf3
LRRFIP2	Lrrfip2
SREK1IP1	Srek1ip1
GRIA1	Gria1
SMYD5	Smyd5
SCIMP	Scimp
USP30	Usp30
SOCS7	Socs7
STXBP4	Stxbp4
DUS4L	Dus4l
POLR2I	Polr2i
CNNM3	Cnnm3
KLK7	Klk7
RIMOC1	Rimoc1
MTRFR	Mtrfr
TBX21	Tbx21
NSUN2	Nsun2
TMEM132B	Tmem132b
PRSS58	Prss58
DEPDC7	Depdc7
KLK10	Klk10
NPLOC4	Nploc4
TDG	Tdg
PTH2	Pth2
LRRC32	Lrrc32
ITSN2	Itsn2
USP33	Usp33
PIK3R6	Pik3r6
ME3	Me3
TMEM176B	Tmem176b
KRT7	Krt7
ABHD8	Abhd8
TLCD1	Tlcd1
EPN3	Epn3
CEACAM19	Ceacam19
C19orf47	2310022A10Rik
DUSP6	Dusp6
CYB5D2	Cyb5d2
ZNF385A	Zfp385a
CDC6	Cdc6
PLPP1	Plpp1
CA11	Car11
PPFIA1	Ppfia1
SIRT4	Sirt4
SWSAP1	Swsap1
GRWD1	Grwd1
ARL15	Arl15
SCNN1A	Scnn1a
TM4SF20	Tm4sf20
MAD1L1	Mad1l1
MTX3	Mtx3
APOH	Apoh
HECW2	Hecw2
SPIB	Spib
BTNL9	Btnl9
RAB11B	Rab11b
RNF43	Rnf43
MTREX	Mtrex
FOXN1	Foxn1
SRGAP1	Srgap1
DMPK	Dmpk
PPP1R27	Ppp1r27
RPH3AL	Rph3al
GLIS1	Glis1
LMOD1	Lmod1
GTF2H1	Gtf2h1
PPP1R12A	Ppp1r12a
DNAJC27	Dnajc27
GSDME	Gsdme
KRTCAP3	Krtcap3
PNKP	Pnkp
POU6F2	Pou6f2
SPHKAP	Sphkap
CARTPT	Cartpt
RFC2	Rfc2
RPIA	Rpia
SPARC	Sparc
ERGIC2	Ergic2
TMEM151A	Tmem151a
PRG2	Prg2
HGS	Hgs
PLEKHM3	Plekhm3
TOLLIP	Tollip
TFPI	Tfpi
PIH1D2	Pih1d2
GCN1	Gcn1
TBCD	Tbcd
SLF1	Slf1
GLB1L3	Glb1l3
STK31	Stk31
NACC1	Nacc1
TH	Th
OTULIN	Otulin
PRR36	Prr36
TIMM44	Timm44
PPP1R21	Ppp1r21
REEP5	Reep5
CAP1	Cap1
HIPK2	Hipk2
AP1S1	Ap1s1
SIAE	Siae
SP8	Sp8
RBM33	Rbm33
TBK1	Tbk1
MFAP3	Mfap3
PPFIBP2	Ppfibp2
DROSHA	Drosha
CHCHD3	Chchd3
SMARCA4	Smarca4
MEPCE	Mepce
KLHL41	Klhl41
HNRNPA2B1	Hnrnpa2b1
PELI1	Peli1
ANKS1B	Anks1b
CYTIP	Cytip
PGGHG	Pgghg
TTL	Ttl
SESN3	Sesn3
STK39	Stk39
MTMR2	Mtmr2
LPCAT3	Lpcat3
ARFIP2	Arfip2
HTR2B	Htr2b
MCC	Mcc
DNMT3A	Dnmt3a
CDKN2C	Cdkn2c
COXFA4L2	Ndufa4l2
ATPSCKMT	Atpsckmt
GHR	Ghr
CEND1	Cend1
PTH	Pth
PELI3	Peli3
NFE2	Nfe2
GNB2	Gnb2
E2F8	E2f8
SPATS2	Spats2
SMG5	Smg5
CBX8	Cbx8
TXNDC15	Txndc15
PER1	Per1
NEU3	Neu3
ARL14EPL	Arl14epl
FER	Fer
LAPTM4A	Laptm4a
SLC15A3	Slc15a3
DNAJC2	Dnajc2
NHERF4	Nherf4
ZFAND2B	Zfand2b
KCNMB1	Kcnmb1
EMB	Emb
KMT2E	Kmt2e
SWAP70	Swap70
BLTP3B	Bltp3b
FBXW11	Fbxw11
GPATCH8	Gpatch8
ORC2	Orc2
ZFP62	Zfp62
MYOZ3	Myoz3
BECN1	Becn1
TRIM66	Trim66
ALDH1L2	Aldh1l2
MCCC2	Mccc2
PAX4	Pax4
SLC39A13	Slc39a13
SDSL	Sdsl
STX1A	Stx1a
NAXE	Naxe
IL5	Il5
TRIM25	Trim25
APBB3	Apbb3
UBR3	Ubr3
STYXL1	Styxl1
LPO	Lpo
ZBED6	Zbed6
MYCBP	Mycbp
GAS2L3	Gas2l3
FCRLA	Fcrla
MSANTD4	Msantd4
TUBA1B	Tuba1b
CDCP2	Cdcp2
TMC6	Tmc6
MCAM	Mcam
SHISA4	Shisa4
GORASP2	Gorasp2
HAL	Hal
GPER1	Gper1
MEST	Mest
CAMK2A	Camk2a
TMEM127	Tmem127
SOAT1	Soat1
VIL1	Vil1
FADS1	Fads1
LRRN2	Lrrn2
CFAP90	Cfap90
RAB21	Rab21
IL7R	Il7r
TEX12	Tex12
UTP20	Utp20
ANO5	Ano5
UPK3B	Upk3b
XRCC4	Xrcc4
SCN3A	Scn3a
PAQR6	Paqr6
EIF2AK1	Eif2ak1
HSH2D	Hsh2d
FAXDC2	Faxdc2
ANKRD13A	Ankrd13a
TMED7	Tmed7
MUS81	Mus81
NDUFS4	Ndufs4
SRD5A1	Srd5a1
ZNF512	Zfp512
PRELID1	Prelid1
C11orf86	2010003K11Rik
SRSF9	Srsf9
LUC7L2	Luc7l2
TMEM19	Tmem19
RPS27A	Rps27a
ARL10	Arl10
TMEM267	Tmem267
ACACB	Acacb
TTYH2	Ttyh2
SLC44A5	Slc44a5
TRIM7	Trim7
IZUMO2	Izumo2
SHKBP1	Shkbp1
TEX38	Tex38
IL6ST	Il6st
SUN1	Sun1
MNT	Mnt
DTYMK	Dtymk
DOC2B	Doc2b
ARL2	Arl2
FTSJ3	Ftsj3
LAYN	Layn
PA2G4	Pa2g4
CCR7	Ccr7
CRIPT	Cript
CD82	Cd82
MAP7D1	Map7d1
EFTUD2	Eftud2
NEU4	Neu4
RBM42	Rbm42
PPP1CB	Ppp1cb
DPY19L2	Dpy19l2
LARS1	Lars1
LONRF2	Lonrf2
TM2D1	Tm2d1
ATCAY	Atcay
CYBRD1	Cybrd1
VPS51	Vps51
C2orf69	1700066M21Rik
DPY30	Dpy30
CDRT4	Cdrt4
COA3	Coa3
MS4A2	Ms4a2
NPTX1	Nptx1
FBXL20	Fbxl20
HMBS	Hmbs
TTC32	Ttc32
IGSF8	Igsf8
TSEN34	Tsen34
PREB	Preb
COX6B2	Cox6b2
RECQL5	Recql5
RPS16	Rps16
HSP90B1	Hsp90b1
PEX11G	Pex11g
IFI30	Ifi30
BCAR3	Bcar3
CAMKMT	Camkmt
PPP1R12C	Ppp1r12c
NCL	Ncl
PRKCA	Prkca
MAP2K3	Map2k3
DIP2B	Dip2b
CCDC82	Ccdc82
HOMER3	Homer3
ASTL	Astl
SPATA3	Spata3
CTNNBIP1	Ctnnbip1
RNF180	Rnf180
GATAD2A	Gatad2a
POLE4	Pole4
RAN	Ran
CISD3	Cisd3
WSCD1	Wscd1
KIDINS220	Kidins220
PDE3B	Pde3b
GHDC	Ghdc
KCNC3	Kcnc3
MAP3K1	Map3k1
SLC19A2	Slc19a2
USF2	Usf2
HROB	Hrob
TRIM17	Trim17
G3BP1	G3bp1
TROAP	Troap
NDEL1	Ndel1
TOMT	Tomt
DAGLA	Dagla
KANK2	Kank2
C11orf54	4931406C07Rik
HNF1B	Hnf1b
CAPN8	Capn8
CXCL14	Cxcl14
RPAP3	Rpap3
SLC9A3	Slc9a3
SAP30BP	Sap30bp
PLCH1	Plch1
XAB2	Xab2
SGTB	Sgtb
NUDT17	Nudt17
PDE3A	Pde3a
CHRND	Chrnd
THG1L	Thg1l
CPT2	Cpt2
HTRA2	Htra2
SUB1	Sub1
ARHGEF26	Arhgef26
C1RL	C1rl
HHIPL2	Hhipl2
LEPROT	Leprot
YRDC	Yrdc
TNR	Tnr
SLC4A5	Slc4a5
TSPAN11	Tspan11
RILPL2	Rilpl2
ZDHHC18	Zdhhc18
NICN1	Nicn1
PPP1R1A	Ppp1r1a
TMEM238L	Tmem238l
TAMALIN	Tamalin
NDUFB2	Ndufb2
DNAH12	Dnah12
SIRT7	Sirt7
CD27	Cd27
PPIC	Ppic
C1QL4	C1ql4
FARSB	Farsb
ATG101	Atg101
ERCC8	Ercc8
HTD2	Htd2
TAX1BP1	Tax1bp1
FICD	Ficd
GPRC5A	Gprc5a
AADAC	Aadac
WDR81	Wdr81
SPRYD4	Spryd4
DNAH10	Dnah10
DENND2B	Dennd2b
PSMC4	Psmc4
UNC45B	Unc45b
C3orf70	2510009E07Rik
GMPPB	Gmppb
MAT2A	Mat2a
MSX2	Msx2
MLLT1	Mllt1
RASSF8	Rassf8
ANXA6	Anxa6
TSFM	Tsfm
SATB2	Satb2
CBLC	Cblc
RAB6B	Rab6b
KMT2D	Kmt2d
ATP13A3	Atp13a3
TSKS	Tsks
GRB7	Grb7
PLOD2	Plod2
CERS6	Cers6
HIGD1C	Higd1c
PIP4K2C	Pip4k2c
MGAT4A	Mgat4a
SCN8A	Scn8a
SPMIP9	Spmip9
TWIST1	Twist1
PEX1	Pex1
EIF4G1	Eif4g1
ZBTB39	Zbtb39
RSRC2	Rsrc2
AP3S1	Ap3s1
ADGRL2	Adgrl2
TRIP12	Trip12
MOCS2	Mocs2
CUEDC1	Cuedc1
MYL6B	Myl6b
GFRA3	Gfra3
CEP120	Cep120
HOXB9	Hoxb9
KCNAB3	Kcnab3
MIS12	Mis12
KBTBD2	Kbtbd2
MRM1	Mrm1
CDK5	Cdk5
OCLN	Ocln
GRB2	Grb2
FOXRED1	Foxred1
NT5M	Nt5m
AGK	Agk
PSMD12	Psmd12
PSMD9	Psmd9
LIPT2	Lipt2
FAR1	Far1
NCKAP1L	Nckap1l
PCDHGA3	Pcdhga3
DYNLL2	Dynll2
KCNIP1	Kcnip1
PDE2A	Pde2a
KCNJ12	Kcnj12
NSRP1	Nsrp1
AGXT2	Agxt2
HOXC5	Hoxc5
TMEM132C	Tmem132c
ADAMTS20	Adamts20
WIPF3	Wipf3
ZNF282	Zfp282
ZNF277	Zfp277
AATK	Aatk
CEP83	Cep83
EVPL	Evpl
KLHDC10	Klhdc10
CPSF4	Cpsf4
GM2A	Gm2a
PPWD1	Ppwd1
MPDU1	Mpdu1
NPFF	Npff
GATC	Gatc
RNF141	Rnf141
TPI1	Tpi1
TSSC4	Tssc4
SLC26A5	Slc26a5
MPZL3	Mpzl3
CNOT6	Cnot6
DYNC2H1	Dync2h1
PDE6A	Pde6a
PUS1	Pus1
NLK	Nlk
LIX1	Lix1
CNTN1	Cntn1
SPATA24	Spata24
ALDH3A1	Aldh3a1
FABP6	Fabp6
PLCH2	Plch2
HOXA9	Hoxa9
SPINK13	Spink13
TMEM248	Tmem248
ALDH7A1	Aldh7a1
SMAGP	Smagp
ALDH3A2	Aldh3a2
ATP5F1B	Atp5f1b
TUFT1	Tuft1
PHF21A	Phf21a
ZNF655	Zfp655
SH3BP5	Sh3bp5
MAP3K12	Map3k12
TXNDC12	Txndc12
HOXC13	Hoxc13
SLC11A2	Slc11a2
LURAP1	Lurap1
AIDA	Aida
FIGNL1	Fignl1
FKBP14	Fkbp14
RBP2	Rbp2
RIT1	Rit1
TMEM42	Tmem42
KCTD16	Kctd16
BRAT1	Brat1
SKIC3	Skic3
SHMT1	Shmt1
HRG	Hrg
SEC22B	Sec22b
NUCB2	Nucb2
C1QB	C1qb
VWA5B2	Vwa5b2
ANKRD65	Ankrd65
IFNG	Ifng
ADCY6	Adcy6
GPR37L1	Gpr37l1
FAM167B	Fam167b
FYCO1	Fyco1
RALA	Rala
AZIN2	Azin2
NIFK	Nifk
RTP4	Rtp4
DENND5B	Dennd5b
ABHD14A	Abhd14a
UBE2E1	Ube2e1
TALDO1	Taldo1
SLC23A1	Slc23a1
ATG16L1	Atg16l1
TCAIM	Tcaim
C5orf24	B230219D22Rik
DEUP1	Deup1
IGSF9	Igsf9
RICTOR	Rictor
AEBP2	Aebp2
KLHL10	Klhl10
CNTNAP1	Cntnap1
KCNQ1	Kcnq1
TRPV2	Trpv2
BCAT1	Bcat1
STIM1	Stim1
PDE12	Pde12
TP63	Trp63
ST3GAL4	St3gal4
SLC8B1	Slc8b1
OSBPL7	Osbpl7
DIAPH1	Diaph1
PBRM1	Pbrm1
COP1	Cop1
PCDHGA1	Pcdhga1
C2orf80	D630023F18Rik
FN3K	Fn3k
KLHL42	Klhl42
TNFRSF1A	Tnfrsf1a
SLC16A11	Slc16a11
FKBP7	Fkbp7
MPV17	Mpv17
HDAC7	Hdac7
FLCN	Flcn
PLA2R1	Pla2r1
GATAD2B	Gatad2b
CIP2A	Cip2a
KRT222	Krt222
HIGD1B	Higd1b
TRIM47	Trim47
MOB3C	Mob3c
FLNB	Flnb
CORO6	Coro6
NEK7	Nek7
RSAD2	Rsad2
CAMKK2	Camkk2
USP40	Usp40
CYRIA	Cyria
SMPDL3B	Smpdl3b
PRKAA2	Prkaa2
CHRNE	Chrne
HTATIP2	Htatip2
SGCA	Sgca
ZDBF2	Zdbf2
TIMM8B	Timm8b
BAP1	Bap1
ZNF408	Zfp408
CLEC4F	Clec4f
GALNT18	Galnt18
C2orf49	AI597479
PCARE	Pcare
PLCD1	Plcd1
PGAP1	Pgap1
ELP4	Elp4
JPT1	Jpt1
KIAA2012	Gm973
SP3	Sp3
TMEM212	Tmem212
CSF3	Csf3
PHC3	Phc3
CHD3	Chd3
NDUFV1	Ndufv1
TMEM106C	Tmem106c
MXD1	Mxd1
MOB1A	Mob1a
RAB40B	Rab40b
CALCRL	Calcrl
XIRP1	Xirp1
KLHL18	Klhl18
ATP5MC2	Atp5mc2
COX10	Cox10
TLCD5	Tlcd5
SERGEF	Sergef
DCAF1	Dcaf1
PIRT	Pirt
FARP2	Farp2
MASP1	Masp1
ESYT1	Esyt1
MBTD1	Mbtd1
TGFBR3	Tgfbr3
SCGB1A1	Scgb1a1
GUCY1A2	Gucy1a2
TGFBR2	Tgfbr2
CAPN5	Capn5
KIF18B	Kif18b
AP2M1	Ap2m1
PDC	Pdc
ETV4	Etv4
MRPL11	Mrpl11
ZC3H15	Zc3h15
EHD1	Ehd1
ELAPOR1	Elapor1
FADS3	Fads3
ALAS1	Alas1
RBM43	Rbm43
NCOR2	Ncor2
CAVIN2	Cavin2
AFF3	Aff3
GOSR1	Gosr1
GPR17	Gpr17
METTL18	Mettl18
KCNIP3	Kcnip3
UBE2L6	Ube2l6
MPPED2	Mpped2
RTP3	Rtp3
TMEM201	Tmem201
BCS1L	Bcs1l
BOC	Boc
INHBC	Inhbc
FDX1	Fdx1
RNF34	Rnf34
ATM	Atm
SUPT4H1	Supt4a
SCAMP3	Scamp3
CNPY2	Cnpy2
PRR11	Prr11
CDCA3	Cdca3
PSMA5	Psma5
C12orf75	1500009L16Rik
FKBP2	Fkbp2
ARPP21	Arpp21
AUNIP	Aunip
CLEC1B	Clec1b
IQCC	Iqcc
MTA2	Mta2
SMIM10L1	Smim10l1
HSPB8	Hspb8
PMEL	Pmel
FLAD1	Flad1
ILK	Ilk
AGPS	Agps
KCNC4	Kcnc4
SMCR8	Smcr8
RBFOX3	Rbfox3
POLR3C	Polr3c
PPTC7	Pptc7
GTF2H3	Gtf2h3
KIF5C	Kif5c
DUS1L	Dus1l
DRC10	Iqcd
ENO2	Eno2
MAP3K19	Map3k19
RPS6KB2	Rps6kb2
ARHGEF10L	Arhgef10l
PSD4	Psd4
C17orf50	1700020L24Rik
FBXW8	Fbxw8
FLOT2	Flot2
LYG2	Lyg2
FEV	Fev
NRXN1	Nrxn1
LRCOL1	Lrcol1
CLEC3B	Clec3b
GNPTAB	Gnptab
POGLUT1	Poglut1
RSKR	Rskr
PARPBP	Parpbp
TNFRSF13B	Tnfrsf13b
LUC7L3	Luc7l3
GXYLT2	Gxylt2
PTH2R	Pth2r
PIK3CB	Pik3cb
LTO1	LTO1
MMP19	Mmp19
ATP5PB	Atp5pb
OXLD1	Oxld1
HAAO	Haao
EXPH5	Exph5
AARSD1	Aarsd1
PARS2	Pars2
EEA1	Eea1
RNF181	Rnf181
SLC25A24	Slc25a24
AFTPH	Aftph
BICDL1	Bicdl1
ATP11B	Atp11b
UTP25	Utp25
BAHCC1	Bahcc1
RECQL	Recql
MIF4GD	Mif4gd
RHBDD1	Rhbdd1
FCMR	Fcmr
CEP295NL	Cep295nl
TMEM11	Tmem11
NSF	Nsf
AHDC1	Ahdc1
DRAM1	Dram1
PRKD3	Prkd3
RRP9	Rrp9
CHFR	Chfr
SART1	Sart1
ZNF445	Zfp445
GPRC5C	Gprc5c
GRAMD1C	Gramd1c
PARP1	Parp1
USP36	Usp36
BIN1	Bin1
FEZ1	Fez1
ITGB5	Itgb5
PPY	Ppy
CATSPERH	Tmem262
THAP12	Thap12
IL12RB2	Il12rb2
B3GNT6	B3gnt6
RBM4B	Rbm4b
PEX16	Pex16
STAC	Stac
ALG9	Alg9
IFTAP	Iftap
IL17RD	Il17rd
RFNG	Rfng
XNDC1N	Xndc1
BRSK2	Brsk2
SATB1	Satb1
SOCS3	Socs3
MAPK7	Mapk7
OAS3	Oas3
TARS2	Tars2
NUP85	Nup85
SPPL3	Sppl3
GOLGB1	Golgb1
TRIAP1	Triap1
PAWR	Pawr
MUC15	Muc15
KIF21A	Kif21a
STK33	Stk33
HELZ	Helz
GADL1	Gadl1
PODXL2	Podxl2
CHMP2B	Chmp2b
ABHD5	Abhd5
FRS2	Frs2
SLC25A38	Slc25a38
NAGLU	Naglu
ITPR1	Itpr1
ABCA5	Abca5
SDF4	Sdf4
CYP2R1	Cyp2r1
ZDHHC13	Zdhhc13
PLXNC1	Plxnc1
RAB25	Rab25
BEND5	Bend5
GLT1D1	Glt1d1
TRIM6	Trim6
SCPEP1	Scpep1
CNST	Cnst
WEE1	Wee1
PXN	Pxn
AHNAK	Ahnak
HOXB13	Hoxb13
RAB7B	Rab7b
DNAH9	Dnah9
SORL1	Sorl1
PLD6	Pld6
ERN1	Ern1
TNFAIP1	Tnfaip1
CYB561D2	Cyb561d2
RITA1	Rita1
UTS2B	Uts2b
VPS26B	Vps26b
SEPTIN9	Septin9
MFAP5	Mfap5
DYNLT2B	Dynlt2b
CRYZ	Cryz
MRPS22	Mrps22
PRR5L	Prr5l
SHMT2	Shmt2
ATP6V1A	Atp6v1a
CCDC57	Ccdc57
TWF2	Twf2
FAM76B	Fam76b
CDC25A	Cdc25a
PATL1	Patl1
IZUMO1R	Izumo1r
SLC35C1	Slc35c1
SPCS1	Spcs1
WDR74	Wdr74
GOLIM4	Golim4
PLEKHG6	Plekhg6
CBL	Cbl
SERPINC1	Serpinc1
SLC37A2	Slc37a2
ULK2	Ulk2
RAB13	Rab13
DSCAML1	Dscaml1
SBNO1	Sbno1
SERPINI1	Serpini1
FOLR1	Folr1
PHLDB2	Phldb2
AVPR1A	Avpr1a
CHRDL2	Chrdl2
SOAT2	Soat2
ENO3	Eno3
KCNJ11	Kcnj11
NARS2	Nars2
CCNL2	Ccnl2
MARS1	Mars1
TUT1	Tut1
DRAXIN	Draxin
SVIP	Svip
FCRL5	Fcrl5
ACRV1	Acrv1
SAMD14	Samd14
CNTN5	Cntn5
GIPC2	Gipc2
PPP1R9B	Ppp1r9b
HCLS1	Hcls1
EI24	Ei24
PIGS	Pigs
PTPN14	Ptpn14
GPR156	Gpr156
ANKUB1	Ankub1
PEX5L	Pex5l
CMKLR2	Cmklr2
NR5A2	Nr5a2
LDAH	Ldah
PHB1	Phb1
SLC9C2	SLC9C2
BBS5	Bbs5
TAC3	Tac2
SAMD11	Samd11
MTHFD2	Mthfd2
PLA2G2A	Pla2g2a
S1PR1	S1pr1
YEATS4	Yeats4
FAM89A	Fam89a
SLAMF6	Slamf6
NUFIP2	Nufip2
EIF1	Eif1
TMEM53	Tmem53
GIT2	Git2
MTA3	Mta3
LRRC45	Lrrc45
FOLH1	Folh1
FOXP1	Foxp1
MAFG	Mafg
PRCD	Prcd
SDK2	Sdk2
FUBP1	Fubp1
BPTF	Bptf
ARL14EP	Arl14ep
TRAPPC4	Trappc4
GIGYF2	Gigyf2
NUP88	Nup88
IL18	Il18
B3GAT3	B3gat3
DNAJB13	Dnajb13
SMIM38	Smim38
GRAMD1B	Gramd1b
SEMA4A	Sema4a
SLC38A4	Slc38a4
KANSL1	Kansl1
PXMP2	Pxmp2
KCTD2	Kctd2
SARM1	Sarm1
DAO	Dao
CYB561A3	Cyb561a3
VTN	Vtn
RPL23	Rpl23
TESPA1	Tespa1
FGF19	Fgf15
TEFM	Tefm
PAK1	Pak1
WRAP53	Wrap53
PTPRO	Ptpro
SMYD3	Smyd3
RRP15	Rrp15
CNP	Cnp
NHSL3	Nhsl3
CD7	Cd7
PIGL	Pigl
ARHGEF16	Arhgef16
ITIH3	Itih3
COPS3	Cops3
SUOX	Suox
EPCAM	Epcam
USP4	Usp4
ZFP69	Zfp69
STEAP3	Steap3
PFDN5	Pfdn5
PJVK	Pjvk
HOXB4	Hoxb4
SSTR2	Sstr2
DENND1B	Dennd1b
CBX4	Cbx4
SGSH	Sgsh
SF3B1	Sf3b1
SIGIRR	Sigirr
ACKR5	Gpr182
R3HDM2	R3hdm2
FSCN2	Fscn2
HEATR6	Heatr6
LPXN	Lpxn
AQP11	Aqp11
SYT8	Syt8
ZBTB37	Zbtb37
PARVA	Parva
METTL25B	Mettl25b
SNTG2	Sntg2
KSR1	Ksr1
SC5D	Sc5d
TSEN54	Tsen54
LRRC71	Lrrc71
SLC61A1	Mfsd5
DNAJC22	Dnajc22
ZNF593	Zfp593
MDH1B	Mdh1b
KDM4D	Kdm4d
CLCF1	Clcf1
DCP1B	Dcp1b
RPS6KA4	Rps6ka4
PRPF38B	Prpf38b
NAB1	Nab1
TNRC6C	Tnrc6c
PRDM4	Prdm4
SRP68	Srp68
F11R	F11r
TIMELESS	Timeless
ZDHHC24	Zdhhc24
ARSG	Arsg
PROX1	Prox1
NELL1	Nell1
SLC30A7	Slc30a7
RDH14	Rdh14
STARD3	Stard3
ASB3	Asb3
ALKBH8	Alkbh8
RSRP1	Rsrp1
BAD	Bad
EIF2B1	Eif2b1
SPA17	Spa17
NBEAL2	Nbeal2
BDNF	Bdnf
CD4	Cd4
CHRM4	Chrm4
TCP11L1	Tcp11l1
ROBO1	Robo1
DDX23	Ddx23
AMPD3	Ampd3
P3H1	P3h1
EIF2A	Eif2a
RIMBP2	Rimbp2
SPAG9	Spag9
TAF10	Taf10
IRF7	Irf7
WSB2	Wsb2
IL5RA	Il5ra
IL10	Il10
GRIA4	Gria4
STAT6	Stat6
BTG4	Btg4
CLDN18	Cldn18
NADSYN1	Nadsyn1
TATDN2	Tatdn2
NME6	Nme6
MUC1	Muc1
ZMAT3	Zmat3
ISY1	Isy1
ZFTA	Zfta
TXNDC17	Txndc17
AP5B1	Ap5b1
DRD2	Drd2
KCNJ2	Kcnj2
DRG2	Drg2
SYNPR	Synpr
GRM7	Grm7
TRAF6	Traf6
C1QTNF5	C1qtnf5
AMBRA1	Ambra1
ABCA12	Abca12
ACVR2B	Acvr2b
FILIP1L	Filip1l
ZIC4	Zic4
SMYD1	Smyd1
STT3A	Stt3a
CFAP91	Cfap91
AHCYL1	Ahcyl1
BARD1	Bard1
LRCH3	Lrch3
ATP5PD	Atp5pd
DIABLO	Diablo
HOXB5	Hoxb5
METTL16	Mettl16
TLK2	Tlk2
METAP1D	Metap1d
NFIA	Nfia
NAP1L1	Nap1l1
MAP4K2	Map4k2
WDR75	Wdr75
GP9	Gp9
ULK4	Ulk4
ETV3	Etv3
SPRR3	Sprr3
PGD	Pgd
KANSL1L	Kansl1l
ERI3	Eri3
DGKZ	Dgkz
PKDCC	Pkdcc
RETREG3	Retreg3
NDUFS1	Ndufs1
GLRX2	Glrx2
FMO1	Fmo1
SUPT6H	Supt6
DHCR24	Dhcr24
SYPL2	Sypl2
TNNC1	Tnnc1
SH3BP5L	Sh3bp5l
TBX15	Tbx15
KRT10	Krt10
ABI3BP	Abi3bp
KRT20	Krt20
GRN	Grn
ANGPTL3	Angptl3
DGKA	Dgka
ARPC5	Arpc5
JRKL	Jrkl
RIN1	Rin1
RHBDF2	Rhbdf2
MCOLN3	Mcoln3
HARBI1	Harbi1
PTPMT1	Ptpmt1
HDAC4	Hdac4
SMIM35	Smim35
NAV2	Nav2
MTERF2	Mterf2
FKBP4	Fkbp4
KCNA2	Kcna2
DDX5	Ddx5
PPCS	Ppcs
HOXC9	Hoxc9
SMCO3	Smco3
FGD4	Fgd4
PCGF1	Pcgf1
LEPR	Lepr
FBLN7	Fbln7
PRPF19	Prpf19
DBI	Dbi
SLC38A1	Slc38a1
CDHR5	Cdhr5
SNX17	Snx17
INTS3	Ints3
MED31	Med31
RNF167	Rnf167
MB21D2	Mb21d2
TNFSF10	Tnfsf10
ATP2C1	Atp2c1
APOB	Apob
SCUBE2	Scube2
COPZ2	Copz2
CEP350	Cep350
ACACA	Acaca
ERFE	Erfe
MED19	Med19
FHIP1B	Fhip1b
MALL	Mall
KLHDC8A	Klhdc8a
ACYP2	Acyp2
RTKN	Rtkn
MRGPRF	Mrgprf
NDUFA10	Ndufa10
C11orf16	BC051019
PUS7L	Pus7l
METTL15	Mettl15
NFE2L1	Nfe2l1
IFT81	Ift81
VPS13D	Vps13d
LRRC4C	Lrrc4c
CANT1	Cant1
MRPL48	Mrpl48
PSMB3	Psmb3
GPS2	Gps2
PTS	Pts
CCDC60	Ccdc60
SRSF10	Srsf10
DNM1L	Dnm1l
SLC66A3	Slc66a3
UQCC3	Uqcc3
CDC42BPG	Cdc42bpg
BCL11A	Bcl11a
C2CD3	C2cd3
ZNF692	Zfp692
ATG9A	Atg9a
ST6GALNAC1	St6galnac1
EVI2B	Evi2b
CD81	Cd81
GCGR	Gcgr
PTPN5	Ptpn5
AKT3	Akt3
PIMREG	Pimreg
DNAJC24	Dnajc24
API5	Api5
RPRD2	Rprd2
FGF11	Fgf11
MTX2	Mtx2
BCAS3	Bcas3
PRICKLE2	Prickle2
SLC49A4	Slc49a4
ABTB1	Abtb1
FBXO48	Fbxo48
SP140	Sp100
CDC42EP2	Cdc42ep2
BLOC1S1	Bloc1s1
PSMD4	Psmd4
OSBP	Osbp
NR4A1	Nr4a1
CENPX	Cenpx
CHID1	Chid1
YEATS2	Yeats2
SPMAP1	Spmap1
RPA1	Rpa1
TMBIM4	Tmbim4
LAMTOR2	Lamtor2
NAGS	Nags
POLR2D	Polr2d
PLCD3	Plcd3
C12orf71	1700034J05Rik
LTBR	Ltbr
DDX18	Ddx18
LRRC3B	Lrrc3b
SERPINI2	Serpini2
PLEKHM1	Plekhm1
THPO	Thpo
GTF2A1L	Gtf2a1l
SPHK1	Sphk1
MAPKAPK5	Mapkapk5
ALDH1L1	Aldh1l1
TMEM87B	Tmem87b
USP43	Usp43
EMC1	Emc1
TSGA10	Tsga10
TSPAN10	Tspan10
NT5C	Nt5c
FGF6	Fgf6
TMEM25	Tmem25
RAD51C	Rad51c
NAA25	Naa25
PSMC5	Psmc5
BABAM2	Babam2
ANO9	Ano9
	St6galnac2
WNT3	Wnt3
NCAPD2	Ncapd2
NARF	Narf
SMARCC1	Smarcc1
CEP57	Cep57
PTPN22	Ptpn22
DES	Des
LMO1	Lmo1
TOP2A	Top2a
CORO1C	Coro1c
AASDHPPT	Aasdhppt
ACAT1	Acat1
TRAPPC1	Trappc1
SFPQ	Sfpq
TBX2	Tbx2
CCDC43	Ccdc43
RUNDC3A	Rundc3a
MRE11	Mre11a
TMEM116	Tmem116
HDAC1	Hdac1
CHMP6	Chmp6
FAM222B	Fam222b
ITGA4	Itga4
PTPN23	Ptpn23
MPP2	Mpp2
DISP3	Disp3
CSRNP1	Csrnp1
GOLGA3	Golga3
KDM1A	Kdm1a
CFAP65	Cfap65
RRM1	Rrm1
IP6K2	Ip6k2
KANSL3	Kansl3
TMEM79	Tmem79
RPUSD4	Rpusd4
ABCA9	Abca9
CFAP57	Cfap57
PCF11	Pcf11
CDK5R1	Cdk5r1
VWCE	Vwce
ADCY10	Adcy10
RYK	Ryk
RESF1	Resf1
VPS29	Vps29
CTPS1	Ctps1
ATP23	Atp23
CCDC13	Ccdc13
TMPRSS4	Tmprss4
NACA	Naca
FEZ2	Fez2
TTC21A	Ttc21a
PPP1R15B	Ppp1r15b
MTMR11	Mtmr11
RAMP1	Ramp1
HRH1	Hrh1
IGFBP2	Igfbp2
RBP1	Rbp1
TOGARAM2	Togaram2
SLCO2A1	Slco2a1
NCKAP5	Nckap5
PEX14	Pex14
SIDT2	Sidt2
KCNS3	Kcns3
TAMM41	Tamm41
AMMECR1L	Ammecr1l
DCTN2	Dctn2
DDX1	Ddx1
RAB6A	Rab6a
BDH1	Bdh1
ULK1	Ulk1
PLEKHG5	Plekhg5
ARL6IP5	Arl6ip5
CAPS2	Caps2
NLRP6	Nlrp6
TMEM108	Tmem108
DPP3	Dpp3
ACAP2	Acap2
RFC5	Rfc5
SLC51A	Slc51a
SRPRB	Srprb
GABPB2	Gabpb2
NAA50	Naa50
KCNJ1	Kcnj1
TARBP2	Tarbp2
ABHD6	Abhd6
ROBO4	Robo4
TMEM178A	Tmem178
EIF5B	Eif5b
FABP3	Fabp3
TAFA1	Tafa1
NR2C2	Nr2c2
SOX5	Sox5
LAPTM5	Laptm5
EGR4	Egr4
GAREM2	Garem2
NOSTRIN	Nostrin
ANKRD28	Ankrd28
PAN2	Pan2
HPX	Hpx
CD86	Cd86
IARS2	Iars2
XPC	Xpc
FAM124B	Fam124b
QPCT	Qpct
CCKBR	Cckbr
UBA7	Uba7
SLC5A7	Slc5a7
NXPE4	Nxpe4
PTRHD1	Ptrhd1
PTCD3	Ptcd3
CNGA4	Cnga4
TMEM200B	Tmem200b
DPAGT1	Dpagt1
RNFT2	Rnft2
SPRING1	Spring1
YAF2	Yaf2
PTX3	Ptx3
FAM107A	Fam107a
VPS37B	Vps37b
HIPK3	Hipk3
MGST1	Mgst1
CDC42BPA	Cdc42bpa
MLH1	Mlh1
ETV6	Etv6
NAP1L4	Nap1l4
FOXN4	Foxn4
PKP4	Pkp4
LPAR5	Lpar5
RASAL1	Rasal1
KCNN3	Kcnn3
CHCHD5	Chchd5
ASDURF	Asdurf
RANBP2	Ranbp2
TESC	Tescl
RPS6KC1	Rps6kc1
CCNT1	Ccnt1
CDCA7	Cdca7
KRR1	Krr1
RAPGEF4	Rapgef4
MRPL3	Mrpl3
CD5L	Cd5l
GNAT1	Gnat1
TEX55	Tex55
VGLL3	Vgll3
C2orf76	3110009E18Rik
RER1	Rer1
ATR	Atr
ACTR2	Actr2
ERICH2	Erich2
PDE11A	Pde11a
MAP4	Map4
ECE1	Ece1
MRPL44	Mrpl44
HOXD8	Hoxd8
GMPPA	Gmppa
KLHL20	Klhl20
TIGD3	Tigd3
GAL3ST3	Gal3st3
ZBTB16	Zbtb16
ANKRD13D	Ankrd13d
KDM4A	Kdm4a
STRADB	Stradb
UBIAD1	Ubiad1
VCAM1	Vcam1
P4HA3	P4ha3
HS2ST1	Hs2st1
C1orf198	2310022B05Rik
CSRNP3	Csrnp3
SBF2	Sbf2
TLCD4	Tlcd4
TWIST2	Twist2
GPC1	Gpc1
DENND2C	Dennd2c
G6PC2	G6pc2
TTN	Ttn
DR1	Dr1
S100A11	S100a11
ARHGAP42	Arhgap42
CYP4X1	Cyp4x1
LDHC	Ldhc
DNALI1	Dnali1
ZNF660	Zfp660
TM4SF19	Tm4sf19
NMNAT3	Nmnat3
TMEM216	Tmem216
FAM162A	Fam162a
MS4A7	Ms4a7
ZPLD1	Zpld1
PTPRC	Ptprc
GLT8D1	Glt8d1
NRGN	Nrgn
TMEM45B	Tmem45b
PACSIN3	Pacsin3
PLEKHO1	Plekho1
EXO5	Exo5
DVL3	Dvl3
RIC8A	Ric8a
CD48	Cd48
AAMDC	Aamdc
SLC41A1	Slc41a1
CTDSPL	Ctdspl
DKK3	Dkk3
COPB2	Copb2
CSRP1	Csrp1
TKT	Tkt
ADAR	Adar
GCKR	Gckr
KDM2A	Kdm2a
KCNH8	Kcnh8
NR4A2	Nr4a2
GHRL	Ghrl
RPP14	Rpp14
SLC25A45	Slc25a45
SELENOK	Selenok
PSMD6	Psmd6
ADAM23	Adam23
CABP2	Cabp2
UMPS	Umps
CPT1A	Cpt1a
MMP27	Mmp27
CLDND1	Cldnd1
LGR4	Lgr4
POMGNT1	Pomgnt1
THUMPD2	Thumpd2
FCHSD2	Fchsd2
FASTKD2	Fastkd2
LZTFL1	Lztfl1
LRRTM4	Lrrtm4
C2orf42	C87436
ZFP91	Zfp91
FANCD2	Fancd2
OBSL1	Obsl1
SDHD	Sdhd
GGPS1	Ggps1
HMGCS2	Hmgcs2
CATSPERZ	Catsperz
PPP2R1B	Ppp2r1b
EHD3	Ehd3
TMEM183A	Tmem183a
FOXI3	Foxi3
XIRP2	Xirp2
TRNT1	Trnt1
IL36G	Il36g
CHRNA1	Chrna1
SERPINH1	Serpinh1
ADAMTS4	Adamts4
ASAP2	Asap2
CP	Cp
SLC30A10	Slc30a10
TMEM61	Tmem61
TP53BP2	Trp53bp2
LMNTD2	Lmntd2
HDLBP	Hdlbp
MTCH2	Mtch2
CCDC51	Ccdc51
AGO1	Ago1
STT3B	Stt3b
MED8	Med8
ARV1	Arv1
WDR48	Wdr48
ANGEL2	Angel2
DZIP3	Dzip3
CHML	Chml
TGFB2	Tgfb2
MYOC	Myoc
PADI4	Padi4
ZBTB20	Zbtb20
MACF1	Macf1
BTLA	Btla
STRIP1	Strip1
SUSD5	Susd5
CAV3	Cav3
CCDC80	Ccdc80
DPPA4	Dppa4
SRSF4	Srsf4
P4HTM	P4htm
EXOC6B	Exoc6b
RFC4	Rfc4
POC1A	Poc1a
RMDN2	Rmdn2
IL1RAP	Il1rap
PTPRN	Ptprn
PAK2	Pak2
TBL1XR1	Tbl1xr1
TSN	Tsn
PPP3R1	Ppp3r1
RUFY4	Rufy4
YIPF4	Yipf4
TRAPPC12	Trappc12
BOLA1	Bola1
DNAI4	Dnai4
ABCB11	Abcb11
PROK2	Prok2
EAF1	Eaf1
SPATA6	Spata6
ZNF148	Zfp148
DUSP28	Dusp28
LRP1B	Lrp1b
SGPP2	Sgpp2
MFSD2B	Mfsd2b
CRACDL	Cracdl
ETAA1	Etaa1
SPRED2	Spred2
SRSF11	Srsf11
MRPL53	Mrpl53
HADHB	Hadhb
TUSC2	Tusc2
NMD3	Nmd3
PSMB4	Psmb4
POLR2H	Polr2h
DYNC1LI1	Dync1li1
HHAT	Hhat
APCS	Apcs
BLACAT1	Gm29695
PARP14	Parp14
PEF1	Pef1
SCHIP1	Schip1
IL12A	Il12a
SPINK8	Spink8
EIF1B	Eif1b
LRRC31	Lrrc31
CCDC50	Ccdc50
CD47	Cd47
FMO5	Fmo5
TOMM70	Tomm70a
RNF123	Rnf123
EIPR1	Eipr1
USP39	Usp39
LRRC42	Lrrc42
SLC30A1	Slc30a1
MYO1B	Myo1b
CRNN	Crnn
KLHL40	Klhl40
NISCH	Nisch
FGD5	Fgd5
ADORA3	Adora3
CMPK1	Cmpk1
ERC2	Erc2
C8B	C8b
ATP13A4	Atp13a4
CCDC71	Ccdc71
EPHA6	Epha6
ODF2L	Odf2l
AZI2	Azi2
SUPT7L	Supt7l
VILL	Vill
RGS8	Rgs8
SFXN5	Sfxn5
TDRD5	Tdrd5
ANKRD45	Ankrd45
C3orf18	6430571L13Rik
MAP3K6	Map3k6
IL1A	Il1a
LRRC34	Lrrc34
CATSPERT	C2cd6
SMCO1	Smco1
TMF1	Tmf1
PHOSPHO2	Phospho2
MERTK	Mertk
TCEA3	Tcea3
CFAP44	Cfap44
DYNC2LI1	Dync2li1
MINDY1	Mindy1
REEP1	Reep1
SEMA3F	Sema3f
ACOXL	Acoxl
CD244	Cd244a
IHO1	Iho1
NDUFAF3	Ndufaf3
UBR4	Ubr4
PPM1L	Ppm1l
SULT6B1	Sult6b1
CPN2	Cpn2
LHCGR	Lhcgr
PHF7	Phf7
ATOH8	Atoh8
ANKMY1	Ankmy1
APEH	Apeh
UBXN10	Ubxn10
BRINP2	Brinp2
ACVR2A	Acvr2a
ICA1L	Ica1l
RNF13	Rnf13
CYP1B1	Cyp1b1
SNORC	Snorc
PDCL3	Pdcl3
RPL31	Rpl31
GJA4	Gja4
HYCC2	Hycc2
NDUFS2	Ndufs2
PRKCD	Prkcd
NFU1	Nfu1
TSNAX	Tsnax
TMEFF2	Tmeff2
ANTXR1	Antxr1
HESX1	Hesx1
PIK3R4	Pik3r4
ADD2	Add2
PTPRF	Ptprf
CEP70	Cep70
IAH1	Iah1
SCN1A	Scn1a
PTAFR	Ptafr
LYPD1	Lypd1
MTIF2	Mtif2
MYD88	Myd88
WWTR1	Wwtr1
GPBP1L1	Gpbp1l1
SLC12A8	Slc12a8
PIGF	Pigf
CNR2	Cnr2
CCDC28B	Ccdc28b
LTF	Ltf
TRMT13	Trmt13
SPEG	Speg
CALM2	Calm2
PLA1A	Pla1a
DNASE1L3	Dnase1l3
TBCE	Tbce
EPB41L5	Epb41l5
FBXO45	Fbxo45
RSRC1	Rsrc1
LNPK	Lnpk
CYB561D1	Cyb561d1
OR2B11	Or2b11
SLC25A34	Slc25a34
CNOT10	Cnot10
TET3	Tet3
MANEAL	Maneal
HEATR5B	Heatr5b
PRKCE	Prkce
CCT3	Cct3
ITGAV	Itgav
ABCC5	Abcc5
TRNAU1AP	Trnau1ap
FBXO28	Fbxo28
PSME4	Psme4
SETDB1	Setdb1
DIPK2A	Dipk2a
LSM3	Lsm3
NKIRAS1	Nkiras1
APLF	Aplf
ZNF654	Zfp654
TMEM40	Tmem40
ILKAP	Ilkap
ZBTB8OS	Zbtb8os
ARMC8	Armc8
MED18	Med18
PARD3B	Pard3b
FMOD	Fmod
DPH2	Dph2
SEMA4F	Sema4f
TMEM18	Tmem18
MACO1	Maco1
CIAO1	Ciao1
TRIM11	Trim11
KDM3A	Kdm3a
WNT9A	Wnt9a
REG4	Reg4
RAB5A	Rab5a
B4GALT4	B4galt4
ITGA6	Itga6
IFI44	Ifi44
VWC2L	Vwc2l
ANO7	Ano7
IQCJ	Iqcj
IPP	Ipp
TRIM54	Trim54
C3orf52	BC016579
ATXN7	Atxn7
NUAK2	Nuak2
PDK1	Pdk1
MRPL47	Mrpl47
KHK	Khk
MAPKAPK3	Mapkapk3
LGALS8	Lgals8
TLX2	Tlx2
MRPL19	Mrpl19
LPIN1	Lpin1
ZIC1	Zic1
ANAPC13	Anapc13
TRAT1	Trat1
ST3GAL6	St3gal6
RORC	Rorc
ATIC	Atic
SERINC2	Serinc2
OR10K1	Or10k2
FCRLB	Fcrlb
ANKRD39	Ankrd39
ZFP36L2	Zfp36l2
GDF7	Gdf7
IL1B	Il1b
GLI2	Gli2
PDE4DIP	Pde4dip
CPB1	Cpb1
SERTAD2	Sertad2
ODC1	Odc1
EMC3	Emc3
TRPC1	Trpc1
OGG1	Ogg1
ORC4	Orc4
DFFB	Dffb
DLEC1	Dlec1
PRG4	Prg4
TTC7A	Ttc7
PARL	Parl
ATP2B4	Atp2b4
STAB1	Stab1
LBR	Lbr
AGBL5	Agbl5
CENPA	Cenpa
SLC30A3	Slc30a3
SLC25A20	Slc25a20
IL36RN	Il36rn
TMEM63A	Tmem63a
GRB14	Grb14
RUBCN	Rubcn
CPA3	Cpa3
EDAR	Edar
CAMP	Camp
TREX1	Trex1
SUMF1	Sumf1
MSH2	Msh2
NEK4	Nek4
TIE1	Tie1
SLC25A26	Slc25a26
PIGK	Pigk
HJURP	Hjurp
KIF9	Kif9
CUL3	Cul3
RASSF5	Rassf5
ADORA1	Adora1
SELP	Selp
TXNDC9	Txndc9
UROC1	Uroc1
HOXD10	Hoxd10
MELTF	Meltf
CIRSR	Cir1
AKR1A1	Akr1a1
NR1I2	Nr1i2
AUP1	Aup1
SHISA5	Shisa5
CDC73	Cdc73
SNRK	Snrk
MXRA8	Mxra8
DCP1A	Dcp1a
SIX2	Six2
CAPN9	Capn9
MST1R	Mst1r
PKP1	Pkp1
PREPL	Prepl
PEX11B	Pex11b
CCR9	Ccr9
CNTN4	Cntn4
RPS6KA1	Rps6ka1
CEP63	Cep63
C1orf174	A430005L14Rik
MBD5	Mbd5
EIF2B3	Eif2b3
UQCC5	Uqcc5
RFX8	Rfx8
IL17RC	Il17rc
ARID5A	Arid5a
TRMT1L	Trmt1l
IL1R2	Il1r2
FNDC5	Fndc5
UGP2	Ugp2
TOMM40L	Tomm40l
EIF2B4	Eif2b4
CAPN2	Capn2
FPGT	Fpgt
GUK1	Guk1
CMPK2	Cmpk2
SDC1	Sdc1
PFN4	Pfn4
ACSL3	Acsl3
TBC1D5	Tbc1d5
ATP6V1B1	Atp6v1b1
MTHFR	Mthfr
LIMS2	Lims2
AGTRAP	Agtrap
SLC30A2	Slc30a2
GMPS	Gmps
CLASP2	Clasp2
GNB1	Gnb1
RBM45	Rbm45
DHRS9	Dhrs9
MYT1L	Myt1l
SLC2A2	Slc2a2
ACKR4	Ackr4
THUMPD3	Thumpd3
WDR12	Wdr12
ACTA1	Acta1
LRP2	Lrp2
MTF1	Mtf1
NPHP4	Nphp4
SMIM12	Smim12
SLC2A5	Slc2a5
TTC22	Ttc22
DHRS3	Dhrs3
EML4	Eml4
ENAH	Enah
CCDC142	Ccdc142
TRIM62	Trim62
EFEMP1	Efemp1
FYB2	Fyb2
RIIAD1	Riiad1
MFSD2A	Mfsd2a
PTPN18	Ptpn18
AVPR1B	Avpr1b
SLAMF8	Slamf8
ARID1A	Arid1a
YPEL5	Ypel5
MATN3	Matn3
TMEM131	Tmem131
NME7	Nme7
SLC9A2	Slc9a2
SCG2	Scg2
PID1	Pid1
PKN2	Pkn2
SUCLG1	Suclg1
CTDSP1	Ctdsp1
MORN1	Morn1
MFF	Mff
CACHD1	Cachd1
RD3	Rd3
C1orf232	Gm30191
DUSP23	Dusp23
PRRC2C	Prrc2c
PUSL1	Pusl1
VASH2	Vash2
C1orf122	1110065P20Rik
CYB5R1	Cyb5r1
LYPD8	Lypd8
IL24	Il24
STK36	Stk36
KIFAP3	Kifap3
VPS54	Vps54
FBXO44	Fbxo44
PRKRA	Prkra
DPT	Dpt
QSOX1	Qsox1
HPCAL1	Hpcal1
TSTD1	Tstd1
ADSS2	Adss2
MRPL24	Mrpl24
DNAJB2	Dnajb2
TAS1R3	Tas1r3
TMEM234	Tmem234
PMS1	Pms1
CD164L2	Cd164l2
RNF115	Rnf115
TXNIP	Txnip
RUSC1	Rusc1
MEGF6	Megf6
SYT11	Syt11
BRDT	Brdt
RAB11FIP5	Rab11fip5
GMEB1	Gmeb1
ALK	Alk
ZC3H12A	Zc3h12a
MASP2	Masp2
FABP1	Fabp1
PPM1G	Ppm1g
TNNT2	Tnnt2
SNED1	Sned1
CENPO	Cenpo
NXPH2	Nxph2
MYO3B	Myo3b
HNRNPR	Hnrnpr
SPDYA	Spdya
SH3BGRL3	Sh3bgrl3
SPATS2L	Spats2l
TRAF3IP3	Traf3ip3
SELE	Sele
CHIT1	Chit1
LRRC8D	Lrrc8d
PIK3C2B	Pik3c2b
TDRKH	Tdrkh
MIA3	Mia3
ELOA	Eloa
KLHDC9	Klhdc9
MAP3K21	Map3k21
TRPM8	Trpm8
SPR	Spr
MEF2D	Mef2d
FAP	Fap
FAM178B	Fam178b
ACADL	Acadl
FMO4	Fmo4
EPC2	Epc2
TPO	Tpo
MKNK1	Mknk1
PROM2	Prom2
TBR1	Tbr1
ECEL1	Ecel1
CDK18	Cdk18
ANKRD23	Ankrd23
INSIG2	Insig2
GCFC2	Gcfc2
DAB1	Dab1
HOXD1	Hoxd1
ERBB4	Erbb4
R3HDM1	R3hdm1
SGIP1	Sgip1
NOS1AP	Nos1ap
TYW5	Tyw5
LRIF1	Lrif1
UROD	Urod
KDF1	Kdf1
CARF	Carf
DIO1	Dio1
NR0B2	Nr0b2
TNNI1	Tnni1
DENND4B	Dennd4b
IRS1	Irs1
RALB	Ralb
FMO2	Fmo2
FAM110C	Fam110c
CLCA2	Clca2
RNF220	Rnf220
IKZF2	Ikzf2
KCNQ4	Kcnq4
SNRNP200	Snrnp200
PHACTR4	Phactr4
DNAJC6	Dnajc6
IQGAP3	Iqgap3
CKAP2L	Ckap2l
ZNF496	Zkscan17
MAL	Mal
IMP4	Imp4
GNG12	Gng12
SMIM39	Smim39
SCRN3	Scrn3
SLC44A3	Slc44a3
FMNL2	Fmnl2
RGS7	Rgs7
GALNT3	Galnt3
COLGALT2	Colgalt2
CXCR4	Cxcr4
GPR75	Gpr75
HECTD3	Hectd3
MEIS1	Meis1
HOXD4	Hoxd4
TNS1	Tns1
RBBP5	Rbbp5
AKIRIN1	Akirin1
RABIF	Rabif
CDC42	Cdc42
GJC2	Gjc2
LSM10	Lsm10
TRAF3IP1	Traf3ip1
LZIC	Lzic
NDUFB3	Ndufb3
TUBA4A	Tuba4a
OTUD3	Otud3
WDR77	Wdr77
NEB	Neb
EFHD2	Efhd2
HES5	Hes5
EPS15	Eps15
VSNL1	Vsnl1
KCNT2	Kcnt2
SRD5A2	Srd5a2
ST3GAL5	St3gal5
MPZ	Mpz
EDEM3	Edem3
IHH	Ihh
TGFA	Tgfa
CASP8	Casp8
GALNT2	Galnt2
CADM3	Cadm3
MR1	Mr1
MROH2A	Mroh2a
NEMP2	Nemp2
SCN9A	Scn9a
MFN2	Mfn2
ITM2C	Itm2c
CRIM1	Crim1
KLF7	Klf7
ECRG4	Ecrg4
INO80D	Ino80d
HS1BP3	Hs1bp3
POMC	Pomc
FHL2	Fhl2
PANK4	Pank4
LHX4	Lhx4
HMGB4	Hmgb4
GNG4	Gng4
ZBTB8B	Zbtb8b
EFNA4	Efna4
NID1	Nid1
DPP10	Dpp10
CLCN6	Clcn6
SPTBN1	Sptbn1
NGF	Ngf
PIGC	Pigc
PRUNE1	Prune1
UBXN11	Ubxn11
SLC8A1	Slc8a1
CD8A	Cd8a
OSGEPL1	Osgepl1
PDZK1IP1	Pdzk1ip1
ATPAF1	Atpaf1
SCN7A	Scn7a
POLR1A	Polr1a
CRTC2	Crtc2
STK16	Stk16
USP34	Usp34
MAD2L2	Mad2l2
AP1S3	Ap1s3
RPS7	Rps7
SOCS5	Socs5
PPIG	Ppig
ZBTB7B	Zbtb7b
E2F6	E2f6
DISC1	Disc1
EHBP1	Ehbp1
LYG1	Lyg1
RNPEPL1	Rnpepl1
LAX1	Lax1
SYDE2	Syde2
RCAN3	Rcan3
NOTO	Noto
HSPD1	Hspd1
C1orf87	Gm12695
VPS45	Vps45
PDCD1	Pdcd1
NEURL3	Neurl3
RRM2	Rrm2
F5	F5
CRP	Crp
FAM161A	Fam161a
NGEF	Ngef
TEX35	Tex35
CAMTA1	Camta1
DNAJC11	Dnajc11
BROX	Brox
MOGS	Mogs
IL18R1	Il18r1
SELENON	Selenon
BOK	Bok
OMA1	Oma1
ARHGEF33	Arhgef33
CYS1	Cys1
GKN2	Gkn2
KCNJ3	Kcnj3
ERLEC1	Erlec1
GBA1	Gba1
FNDC4	Fndc4
SCTR	Sctr
TAS1R1	Tas1r1
EFR3B	Efr3b
AIM2	Aim2
ATG4C	Atg4c
SH3YL1	Sh3yl1
TXLNA	Txlna
DUSP11	Dusp11
ABHD1	Abhd1
BIRC6	Birc6
NRDC	Nrdc
CTLA4	Ctla4
NRP2	Nrp2
CERKL	Cerkl
SSB	Ssb
FAM228B	Fam228b
ARHGAP15	Arhgap15
CAD	Cad
MORN2	Morn2
RBMS1	Rbms1
CA14	Car14
C1orf53	2310009B15Rik
ZNF691	Zfp691
MARCO	Marco
DESI2	Desi2
LPGAT1	Lpgat1
CDK15	Cdk15
MYCL	Mycl
SLC27A3	Slc27a3
ATF2	Atf2
CD34	Cd34
PSRC1	Psrc1
CLK2	Clk2
MUL1	Mul1
LMO4	Lmo4
UCHL5	Uchl5
TNFRSF8	Tnfrsf8
CAMK1G	Camk1g
PLA2G2C	Pla2g2c
MPHOSPH10	Mphosph10
HP1BP3	Hp1bp3
WDCP	Wdcp
MTLN	Mtln
ANKAR	Ankar
PPIL3	Ppil3
SASS6	Sass6
SF3B4	Sf3b4
ISG20L2	Isg20l2
WNT3A	Wnt3a
SH3RF3	Sh3rf3
PAX3	Pax3
HNRNPU	Hnrnpu
FRZB	Frzb
LRPPRC	Lrpprc
TMEM35B	Tmem35b
LMX1A	Lmx1a
C2orf81	1700003E16Rik
UBXN4	Ubxn4
GPSM2	Gpsm2
EFHD1	Efhd1
HOXD13	Hoxd13
KLHL29	Klhl29
PLEKHH2	Plekhh2
GLMP	Glmp
HIBCH	Hibch
FKBP1B	Fkbp1b
SHC1	Shc1
RASGRP3	Rasgrp3
PSMD14	Psmd14
MRPL35	Mrpl35
PINK1	Pink1
CCL20	Ccl20
RNF144A	Rnf144a
SRM	Srm
MAB21L4	Mab21l4
CCDC88A	Ccdc88a
PRCC	Prcc
CACYBP	Cacybp
AGRN	Agrn
RHOU	Rhou
HTR6	Htr6
GBP5	Gbp5
CRYBG2	Crybg2
RWDD3	Rwdd3
PHTF1	Phtf1
ARHGAP25	Arhgap25
H3-3A	H3f3a
CEBPZ	Cebpz
LCT	Lct
TNFRSF18	Tnfrsf18
SLC39A10	Slc39a10
PHLDA3	Phlda3
MAGI3	Magi3
GORAB	Gorab
RASAL2	Rasal2
SLC20A1	Slc20a1
MARK1	Mark1
RNF103	Rnf103
ROCK2	Rock2
ARL8A	Arl8a
PRDX1	Prdx1
FAM98A	Fam98a
CNIH4	Cnih4
RAB10	Rab10
MBOAT2	Mboat2
EIF2D	Eif2d
NPPC	Nppc
FAM237A	Fam237a
ARL5A	Arl5a
CPTP	Cptp
MAP2	Map2
CZIB	Czib
ABCB10	Abcb10
DOCK7	Dock7
SLC38A11	Slc38a11
HAT1	Hat1
DCTN1	Dctn1
TSEN15	Tsen15
WARS2	Wars2
FAM228A	Fam228a
AADACL3	Aadacl3
GALNT13	Galnt13
LYST	Lyst
RAPH1	Raph1
ODR4	Odr4
FBXO11	Fbxo11
BUB1	Bub1
UBAP2L	Ubap2l
ITGB6	Itgb6
SLC67A2	Mfsd9
ORMDL1	Ormdl1
CPSF3	Cpsf3
NCKAP1	Nckap1
PLXNA2	Plxna2
IGSF21	Igsf21
DRC8	Efcab2
CNN3	Cnn3
TCF7L1	Tcf7l1
FBXO36	Fbxo36
EPHA2	Epha2
SMC6	Smc6
CEP104	Cep104
NIF3L1	Nif3l1
PARK7	Park7
QTMAN	Gtdc1
TENT5B	Tent5b
INKA2	Inka2
KHDC4	Khdc4
MRPL55	Mrpl55
VIT	Vit
SULT1C3	Sult1c1
GEN1	Gen1
HS6ST1	Hs6st1
NOP58	Nop58
CELF3	Celf3
GUCA2A	Guca2a
TAF5L	Taf5l
WDR54	Wdr54
GPA33	Gpa33
GPATCH2	Gpatch2
RGS16	Rgs16
CLK1	Clk1
TTF2	Ttf2
VRK2	Vrk2
DCLRE1B	Dclre1b
PIGV	Pigv
GSTM4	Gstm4
SLC39A1	Slc39a1
GLMN	Glmn
PABPC4	Pabpc4
DRC1	Drc1
VAX2	Vax2
PIKFYVE	Pikfyve
PLA2G2D	Pla2g2d
MMACHC	Mmachc
PATJ	Patj
INHBB	Inhbb
PTPN4	Ptpn4
UCK2	Uck2
ELMOD3	Elmod3
RNF2	Rnf2
PEX19	Pex19
LIX1L	Lix1l
CHI3L1	Chi3l1
DISP1	Disp1
ZBTB48	Zbtb48
MMEL1	Mmel1
UXS1	Uxs1
ZYG11B	Zyg11b
RGS13	Rgs13
MRPL20	Mrpl20
PEX13	Pex13
ABCA4	Abca4
ATG4B	Atg4b
PAX7	Pax7
CPLANE2	Cplane2
MTR	Mtr
MAEL	Mael
HLX	Hlx
B3GALT2	B3galt2
EYA3	Eya3
WNT10A	Wnt10a
PER3	Per3
KRCC1	Krcc1
CRYBA2	Cryba2
COL6A3	Col6a3
HORMAD1	Hormad1
DARS2	Dars2
WDR64	Wdr64
DCAF8	Dcaf8
CROCC2	Crocc2
D2HGDH	D2hgdh
B3GNT7	B3gnt7
CNNM4	Cnnm4
RFTN2	Rftn2
EIF4E2	Eif4e2
PAIP2B	Paip2b
ABCD3	Abcd3
SLC4A10	Slc4a10
RNASEL	Rnasel
FOSL2	Fosl2
C1orf141	4921539E11Rik
NABP1	Nabp1
TAF13	Taf13
AMPD2	Ampd2
ERCC3	Ercc3
ETNK2	Etnk2
SLC35E2B	Slc35e2
LRRC39	Lrrc39
TRIM67	Trim67
AAMP	Aamp
EPHB2	Ephb2
ZSCAN20	Zscan20
ARHGEF19	Arhgef19
ZBTB17	Zbtb17
TTC27	Ttc27
INPP1	Inpp1
WDR47	Wdr47
PMF1	Pmf1
TRIM58	Trim58
CIMIP2C	Cimip2c
ALPL	Alpl
UNC80	Unc80
SH3BP4	Sh3bp4
MMADHC	Mmadhc
NIT1	Nit1
FAM151A	Fam151a
CD160	Cd160
PRKAG3	Prkag3
CCDC17	Ccdc17
ZAP70	Zap70
KYAT3	Kyat3
MTERF4	Mterf4
GYPC	Gypc
CHMP3	Chmp3
C2CD4D	C2cd4d
NFASC	Nfasc
RETREG2	Retreg2
HES6	Hes6
HSD17B7	Hsd17b7
COPS8	Cops8
SEC16B	Sec16b
LY75	Ly75
FHL3	Fhl3
ACVR1	Acvr1
TMEM39B	Tmem39b
AGMAT	Agmat
GCLM	Gclm
MSTO1	Msto1
AGAP1	Agap1
NAGK	Nagk
TNNI3K	Tnni3k
EML6	Eml6
MGAT5	Mgat5
KLHL23	Klhl23
CEBPZOS	Cebpzos
HEYL	Heyl
POGZ	Pogz
STAT1	Stat1
DNAJC8	Dnajc8
BCL2L15	Bcl2l15
FNDC7	Fndc7
PHC2	Phc2
ACBD3	Acbd3
MMP23B	Mmp23
MAPKAPK2	Mapkapk2
WBP1	Wbp1
TCF23	Tcf23
FAHD2A	Fahd2a
SEMA4C	Sema4c
CD207	Cd207
IL1RL1	Il1rl1
SMAP2	Smap2
ACTR3	Actr3
PLPPR5	Plppr5
CHD1L	Chd1l
KYNU	Kynu
NYAP2	Nyap2
CNRIP1	Cnrip1
CDC42EP3	Cdc42ep3
CIB4	Cib4
SLC4A1AP	Slc4a1ap
SLC16A14	Slc16a14
MOB4	Mob4
OTOF	Otof
IVNS1ABP	Ivns1abp
DRC11	Iqca1
STPG4	Stpg4
EPHX1	Ephx1
BMPR2	Bmpr2
SLC9A4	Slc9a4
TANC1	Tanc1
PPP1R1C	Ppp1r1c
SLC35F6	Slc35f6
EIF4G3	Eif4g3
PRADC1	Pradc1
RHOQ	Rhoq
LBH	Lbh
C2orf72	2810459M11Rik
POLR1B	Polr1b
USP37	Usp37
C1orf216	5730409E04Rik
PBX1	Pbx1
ADAMTSL4	Adamtsl4
ZMPSTE24	Zmpste24
MIB2	Mib2
SLC5A6	Slc5a6
C1D	C1d
CFLAR	Cflar
CCDC138	Ccdc138
STAT4	Stat4
DLX2	Dlx2
PAX8	Pax8
TIMM17A	Timm17a
ZNF593OS	Zfp593os
TNFRSF9	Tnfrsf9
ZMYM1	Zmym1
DIS3L2	Dis3l2
ASH1L	Ash1l
TRIB2	Trib2
SLC3A1	Slc3a1
TTC4	Ttc4
MRPS14	Mrps14
CREG1	Creg1
RALGPS2	Ralgps2
CPS1	Cps1
ATF6	Atf6
TOMM20	Tomm20
TMEM52	Tmem52
PRDM2	Prdm2
HIVEP3	Hivep3
KLHL17	Klhl17
NEK2	Nek2
SDC3	Sdc3
CHRNB2	Chrnb2
CYB5RL	Cyb5rl
APH1A	Aph1a
RNPEP	Rnpep
BCL10	Bcl10
FAM131C	Fam131c
IL23R	Il23r
B3GALT1	B3galt1
LOXL3	Loxl3
PBXIP1	Pbxip1
USP1	Usp1
SF3B6	Sf3b6
GTF3C3	Gtf3c3
FBLIM1	Fblim1
DNER	Dner
SSR2	Ssr2
FZD5	Fzd5
NDUFAF7	Ndufaf7
SPAG17	Spag17
CDA	Cda
GCA	Gca
EVA1B	Eva1b
VWA1	Vwa1
RMND5A	Rmnd5a
INTS11	Ints11
XRCC5	Xrcc5
GCG	Gcg
LRRTM1	Lrrtm1
SIX3	Six3
IL1R1	Il1r1
KCNK12	Kcnk12
KCTD3	Kctd3
IWS1	Iws1
C1orf35	2310033P09Rik
NCAPH	Ncaph
TYW3	Tyw3
H2BC18	H2bc18
NVL	Nvl
SYT14	Syt14
RAB17	Rab17
PDE4B	Pde4b
C1orf56	Gm128
RIMKLA	Rimkla
HOOK1	Hook1
GCC2	Gcc2
ARTN	Artn
THAP3	Thap3
CNOT11	Cnot11
LAMTOR5	Lamtor5
NDUFS5	Ndufs5
MAP3K20	Map3k20
CERS2	Cers2
DARS1	Dars1
CHRM3	Chrm3
SPATA46	Spata46
MAST2	Mast2
UGT1A1	Ugt1a1
METTL5	Mettl5
COL3A1	Col3a1
PAPPA2	Pappa2
NPR1	Npr1
STON1	Ston1
GPBAR1	Gpbar1
ATL2	Atl2
FCER1G	Fcer1g
DNM3	Dnm3
HK2	Hk2
KCNK2	Kcnk2
KLHL30	Klhl30
ATP1B1	Atp1b1
UBE2E3	Ube2e3
EPRS1	Eprs1
MLPH	Mlph
SMYD2	Smyd2
HCN3	Hcn3
RBBP4	Rbbp4
DBT	Dbt
MFAP2	Mfap2
MFSD6	Mfsd6
CNPPD1	Cnppd1
ZBTB18	Zbtb18
USF1	Usf1
PTCH2	Ptch2
CLASP1	Clasp1
PEX10	Pex10
SYT6	Syt6
DRAM2	Dram2
PALMD	Palmd
NHEJ1	Nhej1
MTOR	Mtor
FAAH	Faah
TMEM275	Tmem275
KIRREL1	Kirrel1
RGS18	Rgs18
TTC13	Ttc13
BCL9	Bcl9
AKNAD1	Aknad1
ITGA10	Itga10
SLC6A9	Slc6a9
CFAP74	Cfap74
CGN	Cgn
NCDN	Ncdn
S100A2	S100a2
SLC9A1	Slc9a1
URB2	Urb2
VTCN1	Vtcn1
C1orf52	2410004B18Rik
ST7L	St7l
BSND	Bsnd
PAFAH2	Pafah2
NOL9	Nol9
RPS27	Rps27rt
NUP210L	Nup210l
SELENOF	Selenof
MTF2	Mtf2
ALG6	Alg6
DUSP12	Dusp12
BCAS2	Bcas2
RPL11	Rpl11
RSPO1	Rspo1
TSACC	Tsacc
CNKSR1	Cnksr1
WDR3	Wdr3
BNIPL	Bnipl
CENPS	Cenps
GPR161	Gpr161
ALDH9A1	Aldh9a1
TRIM45	Trim45
RXRG	Rxrg
AK2	Ak2
DEPDC1	Depdc1a
CIMAP3	Cimap3
ORC1	Orc1
GPR3	Gpr3
CFAP107	Cfap107
OSCP1	Oscp1
S100A14	S100a14
DDR2	Ddr2
ADGRL4	Adgrl4
PLOD1	Plod1
TMEM125	Tmem125
KIF17	Kif17
SCCPDH	Sccpdh
RCSD1	Rcsd1
CTXND2	Ctxnd2
RAB3B	Rab3b
SPOCD1	Spocd1
USP21	Usp21
PLPPR4	Plppr4
C1orf146	1700028K03Rik
SPATA45	Spata45
HCRTR1	Hcrtr1
YIPF1	Yipf1
SNAPIN	Snapin
CD247	Cd247
REN	Ren1
S100A3	S100a3
ZYG11A	Zyg11a
TPR	Tpr
SWT1	Swt1
TMEM54	Tmem54
CASQ1	Casq1
UBE2J2	Ube2j2
APOA2	Apoa2
GRHL3	Grhl3
RHBG	Rhbg
S100A4	S100a4
ZMYM4	Zmym4
ACOT7	Acot7
IPO9	Ipo9
PCSK9	Pcsk9
TCEANC2	Tceanc2
PDPN	Pdpn
PRELP	Prelp
GJB3	Gjb3
COA6	Coa6
SYCP1	Sycp1
SVBP	Svbp
PPFIA4	Ppfia4
FIRRM	Firrm
UBE2U	Ube2u
LRRIQ3	Lrriq3
MRTO4	Mrto4
YARS1	Yars1
CYP4B1	Cyp4b1
AXDND1	Axdnd1
RPF1	Rpf1
TRABD2B	Trabd2b
VANGL2	Vangl2
NOC2L	Noc2l
ENTREP3	Entrep3
PRRX1	Prrx1
F3	F3
PDIK1L	Pdik1l
SCNM1	Scnm1
FDPS	Fdps
SUSD4	Susd4
PYGO2	Pygo2
SAMD13	Samd13
TMEM69	Tmem69
CENPL	Cenpl
KIF2C	Kif2c
TTLL7	Ttll7
PGLYRP3	Pglyrp3
TIPRL	Tiprl
TMEM240	Tmem240
UTS2	Uts2
ZBTB40	Zbtb40
SV2A	Sv2a
COL11A1	Col11a1
MRPL37	Mrpl37
MROH7	Mroh7
CDC42SE1	Cdc42se1
STK40	Stk40
LIN9	Lin9
SPSB1	Spsb1
RAB29	Rab29
SCYL3	Scyl3
ELAVL4	Elavl4
FGR	Fgr
CTTNBP2NL	Cttnbp2nl
KANK4	Kank4
STMN1	Stmn1
XPR1	Xpr1
LPAR3	Lpar3
ZZZ3	Zzz3
PEAR1	Pear1
NLRP3	Nlrp3
DDX59	Ddx59
THEM4	Them4
SPRTN	Sprtn
C1orf50	AU022252
ALX3	Alx3
ZBTB8A	Zbtb8a
KCNH1	Kcnh1
CD53	Cd53
GPX7	Gpx7
UHMK1	Uhmk1
RAD54L	Rad54l
DPH5	Dph5
TOE1	Toe1
UBE2T	Ube2t
LRRC7	Lrrc7
HPCA	Hpca
SCMH1	Scmh1
GALE	Gale
GPR88	Gpr88
SLAMF1	Slamf1
ADIPOR1	Adipor1
BRINP3	Brinp3
TOR3A	Tor3a
CCDC18	Ccdc18
TADA1	Tada1
LAD1	Lad1
AGT	Agt
GPATCH3	Gpatch3
PRPF38A	Prpf38a
ASPM	Aspm
MPZL1	Mpzl1
EPHA8	Epha8
ZNF362	Zfp362
NSL1	Nsl1
RAVER2	Raver2
MAN1C1	Man1c1
EIF3I	Eif3i
TRIM46	Trim46
MRPS21	Mrps21
DDX20	Ddx20
E2F2	E2f2
VWA5B1	Vwa5b1
SLC16A4	Slc16a4
C1orf159	9430015G10Rik
B3GALNT2	B3galnt2
CEP170	Cep170
FAM163A	Fam163a
FCGR1A	Fcgr1
LRP8	Lrp8
SLC25A44	Slc25a44
ESRRG	Esrrg
C1QTNF12	C1qtnf12
FBXO42	Fbxo42
IFNLR1	Ifnlr1
DNASE2B	Dnase2b
PLEKHN1	Plekhn1
RNPC3	Rnpc3
PMVK	Pmvk
HFM1	Hfm1
ARHGAP29	Arhgap29
LRRC41	Lrrc41
EBNA1BP2	Ebna1bp2
SLC1A7	Slc1a7
CHD5	Chd5
AK5	Ak5
KCNJ9	Kcnj9
MAB21L3	Mab21l3
ERMAP	Ermap
PRSS38	Prss38
SLC16A1	Slc16a1
FAM110D	Fam110d
GLUL	Glul
INAVA	Inava
BTBD8	Btbd8
YBX1	Ybx1
SZRD1	Szrd1
AGBL4	Agbl4
CLCA1	Clca1
DNAJB4	Dnajb4
IBA57	Iba57
C1orf210	2610528J11Rik
MAN1A2	Man1a2
RCC2	Rcc2
SDCCAG8	Sdccag8
CEPT1	Cept1
CTBS	Ctbs
OVGP1	Ovgp1
SLC35D1	Slc35d1
FCRL1	Fcrl1
IFFO2	Iffo2
NTPCR	Ntpcr
GJB5	Gjb5
ATXN7L2	Atxn7l2
SPATA17	Spata17
SH3D21	Sh3d21
DENND2D	Dennd2d
CCDC30	Ccdc30
MYOM3	Myom3
NT5C1A	Nt5c1a
DCAF6	Dcaf6
MOV10	Mov10
ZNF687	Zfp687
JMJD4	Jmjd4
VANGL1	Vangl1
SEMA6C	Sema6c
OAZ3	Oaz3
ATP1A1	Atp1a1
TMEM222	Tmem222
CHTOP	Chtop
DEDD	Dedd
RPL22	Rpl22
NTMT2	Ntmt2
RERE	Rere
ATP13A2	Atp13a2
ZBTB41	Zbtb41
LYPLA2	Lypla2
COQ8A	Coq8a
WLS	Wls
ZNF281	Zfp281
NHLH2	Nhlh2
GUCA2B	Guca2b
CD84	Cd84
FUCA1	Fuca1
PLEKHA6	Plekha6
SCP2	Scp2
TOR1AIP2	Tor1aip2
PKLR	Pklr
AGO4	Ago4
B4GALT3	B4galt3
JTB	Jtb
NUDC	Nudc
PTPRU	Ptpru
HDGF	Hdgf
SLAMF7	Slamf7
KMO	Kmo
UBQLN4	Ubqln4
PLEKHM2	Plekhm2
C4BPA	C4bp
PGLYRP4	Pglyrp4
NEXN	Nexn
PRDM16	Prdm16
COG2	Cog2
INTS7	Ints7
TSPAN1	Tspan1
RLF	Rlf
SSX2IP	Ssx2ip
S100A16	S100a16
DDOST	Ddost
SIKE1	Sike1
GADD45A	Gadd45a
RABGAP1L	Rabgap1l
ACBD6	Acbd6
NIPAL3	Nipal3
SNRNP40	Snrnp40
HPCAL4	Hpcal4
SLC35A3	Slc35a3
PNRC2	Pnrc2
COL8A2	Col8a2
EFCAB14	Efcab14
TENT5C	Tent5c
SLC60A1	Mfsd4a
EVI5	Evi5
TNFRSF1B	Tnfrsf1b
KIF21B	Kif21b
KCNAB2	Kcnab2
FASLG	Fasl
ASAP3	Asap3
MRPS15	Mrps15
UFC1	Ufc1
TLR5	Tlr5
ZNF436	Zfp46
SLC50A1	Slc50a1
MUTYH	Mutyh
IL20	Il20
ERRFI1	Errfi1
RNF207	Rnf207
GNAI3	Gnai3
IGSF3	Igsf3
IFI44L	Ifi44l
KIAA0040	4930523C07Rik
PEA15	Pea15a
SLC26A9	Slc26a9
MEAF6	Meaf6
PHF13	Phf13
KIF26B	Kif26b
ANGPTL7	Angptl7
ICMT	Icmt
ECHDC2	Echdc2
BSDC1	Bsdc1
UAP1	Uap1
STPG1	Stpg1
S100A6	S100a6
RBM34	Rbm34
GDAP2	Gdap2
CCDC27	Ccdc27
FCAMR	Fcamr
KLHL21	Klhl21
ZNHIT6	Znhit6
HSPG2	Hspg2
WNT4	Wnt4
CFAP276	Cfap276
ZNF672	Zfp672
BTBD19	Btbd19
PLA2G2F	Pla2g2f
NPHS2	Nphs2
PPM1J	Ppm1j
NMNAT2	Nmnat2
PLD5	Pld5
MGST3	Mgst3
SMG7	Smg7
TEX46	Tex46
ANXA9	Anxa9
BPNT1	Bpnt1
MYBPH	Mybph
TMOD4	Tmod4
MECR	Mecr
SUCO	Suco
DCST1	Dcst1
ELK4	Elk4
USP48	Usp48
CSMD2	Csmd2
WNT2B	Wnt2b
S100A1	S100a1
CD101	Cd101
SOX13	Sox13
KIF14	Kif14
HSD11B1	Hsd11b1
POU2F1	Pou2f1
NCF2	Ncf2
KISS1	Gm28040
SRRM1	Srrm1
TMEM59	Tmem59
METTL13	Mettl13
MTX1	Mtx1
SDHC	Sdhc
PFDN2	Pfdn2
LRRC8C	Lrrc8c
ACTN2	Actn2
FRRS1	Frrs1
NKAIN1	Nkain1
TTC39A	Ttc39a
ANP32E	Anp32e
PROK1	Prok1
STX6	Stx6
ATP8B2	Atp8b2
GJA5	Gja5
ARF1	Arf1
L1TD1	L1td1
GABRD	Gabrd
ILF2	Ilf2
OLFML3	Olfml3
FMO3	Fmo3
FNBP1L	Fnbp1l
SNAP47	Snap47
PITHD1	Pithd1
SYNC	Sync
ADAM15	Adam15
PIP5K1A	Pip5k1a
TEKT2	Tekt2
NASP	Nasp
TMEM82	Tmem82
RO60	Ro60
RBP7	Rbp7
EXTL2	Extl2
STUM	Stum
SORT1	Sort1
CDC14A	Cdc14a
HES3	Hes3
KIAA2013	2510039O18Rik
ARHGEF2	Arhgef2
ERICH3	Erich3
EPS8L3	Eps8l3
TFB2M	Tfb2m
SLAMF9	Slamf9
PADI2	Padi2
BTG2	Btg2
IFT25	Ift25
TMCO4	Tmco4
YTHDF2	Ythdf2
HAPLN2	Hapln2
TMED5	Tmed5
MIXL1	Mixl1
HENMT1	Henmt1
C1orf162	I830077J02Rik
C1orf94	CK137956
FBXO6	Fbxo6
HAX1	Hax1
PCNX2	Pcnx2
PHGDH	Phgdh
DNAH14	Dnah14
RHBDL2	Rhbdl2
CDC20	Cdc20
IL6R	Il6ra
AGL	Agl
NPL	Npl
NECAP2	Necap2
MCOLN2	Mcoln2
HMGCL	Hmgcl
CAMSAP2	Camsap2
SERTAD4	Sertad4
THBS3	Thbs3
HES2	Hes2
CIROZ	Ciroz
GSTM3	Gstm5
UBE4B	Ube4b
B4GALT2	B4galt2
RAP1GAP	Rap1gap
SNIP1	Snip1
LDLRAD2	Ldlrad2
CTSE	Ctse
S100A10	S100a10
IL19	Il19
SARS1	Sars1
THEMIS2	Themis2
PRKAB2	Prkab2
CLIC4	Clic4
KDM5B	Kdm5b
XKR8	Xkr8
PSMB2	Psmb2
CLSPN	Clspn
RPAP2	Rpap2
CASQ2	Casq2
LYPLAL1	Lyplal1
DHDDS	Dhdds
MIIP	Miip
PPP1R8	Ppp1r8
ELF3	Elf3
ACAP3	Acap3
HAO2	Hao2
S100A5	S100a5
MAGOH	Magoh
S100A8	S100a8
DLGAP3	Dlgap3
ZMYM6	Zmym6
OPRD1	Oprd1
FSAF1	Fsaf1
PRKACB	Prkacb
NCSTN	Ncstn
ENSA	Ensa
CNIH3	Cnih3
TNFRSF25	Tnfrsf25
SIPA1L2	Sipa1l2
ST6GALNAC5	St6galnac5
GTF2B	Gtf2b
MCL1	Mcl1
TSPAN2	Tspan2
KRTCAP2	Krtcap2
RAP1A	Rap1a
DYNLT4	Dynlt4
MTFR1L	Mtfr1l
PPP2R5A	Ppp2r5a
AMIGO1	Amigo1
PI4KB	Pi4kb
EPHA10	Epha10
NUF2	Nuf2
OTUD7B	Otud7b
ATP5IF1	Atp5if1
ATP1A4	Atp1a4
ARID4B	Arid4b
OLFM3	Olfm3
WRAP73	Wrap73
NBL1	Nbl1
C1orf54	BC028528
MTARC2	Mtarc2
CASP9	Casp9
COPA	Copa
STXBP3	Stxbp3
LAMC1	Lamc1
SSU72	Ssu72
ID3	Id3
DHX9	Dhx9
ATAD3A	Atad3a
CNTN2	Cntn2
CIART	Ciart
SELL	Sell
RRAGC	Rragc
WDR26	Wdr26
RGS1	Rgs1
IGFN1	Igfn1
TMEM9	Tmem9
ITLN1	Itln1
PTGFR	Ptgfr
RGS5	Rgs5
DFFA	Dffa
NUCKS1	Nucks1
ETV3L	Etv3l
OBSCN	Obscn
TRAF5	Traf5
ALDH4A1	Aldh4a1
PRXL2B	Prxl2b
PTBP2	Ptbp2
SKI	Ski
LAMC2	Lamc2
RCOR3	Rcor3
KLHL12	Klhl12
FAM20B	Fam20b
PODN	Podn
NTNG1	Ntng1
PPP1R12B	Ppp1r12b
EDN2	Edn2
ANKRD35	Ankrd35
EGLN1	Egln1
ALG14	Alg14
MRPL9	Mrpl9
MIER1	Mier1
NADK	Nadk
USP24	Usp24
ADGRB2	Adgrb2
BLZF1	Blzf1
GPR137B	Gpr137b
TRIT1	Trit1
AJAP1	Ajap1
SLC35F3	Slc35f3
TNFSF4	Tnfsf4
SH2D5	Sh2d5
TESK2	Tesk2
ACOT11	Acot11
COA7	Coa7
RABGGTB	Rabggtb
NPPB	Nppb
DMBX1	Dmbx1
LY9	Ly9
CAPZB	Capzb
HIPK1	Hipk1
CD52	Cd52
SYF2	Syf2
KHDRBS1	Khdrbs1
PRKCZ	Prkcz
C1orf105	4930558K02Rik
KCND3	Kcnd3
GPR157	Gpr157
PTGFRN	Ptgfrn
EPB41	Epb41
ITPKB	Itpkb
DYRK3	Dyrk3
C1QC	C1qc
SH3GLB1	Sh3glb1
CCSAP	Ccsap
RIMS3	Rims3
UTP11	Utp11
FHAD1	Fhad1
PUM1	Pum1
ANGPTL1	Angptl1
DMRTA2	Dmrta2
FAF1	Faf1
ITGB3BP	Itgb3bp
FAM78B	Fam78b
DPYD	Dpyd
MPL	Mpl
EDARADD	Edaradd
ILDR2	Ildr2
EFNA1	Efna1
PRPF3	Prpf3
SLC66A1	Slc66a1
RAB42	Rab42
NEGR1	Negr1
FH	Fh1
GPR153	Gpr153
INPP5B	Inpp5b
TMEM51	Tmem51
SLC71A1	Mfsd14a
PLA2G4A	Pla2g4a
TFAP2E	Tfap2e
GRIK3	Grik3
LRRC8B	Lrrc8b
SMIM1	Smim1
CENPF	Cenpf
C1orf74	A130010J15Rik
SPATA21	Spata21
RGS2	Rgs2
ELOVL1	Elovl1
CDCA8	Cdca8
TAF12	Taf12
SZT2	Szt2
DAP3	Dap3
NFYC	Nfyc
PIK3CD	Pik3cd
ANKRD13C	Ankrd13c
SRARP	Srarp
DMRTB1	Dmrtb1
CLCC1	Clcc1
EXTL1	Extl1
ZCCHC17	Zcchc17
WASF2	Wasf2
RNF19B	Rnf19b
LUZP1	Luzp1
CREB3L4	Creb3l4
TAL1	Tal1
H6PD	H6pd
LMNA	Lmna
TNFAIP8L2	Tnfaip8l2
NDC1	Ndc1
FGGY	Fggy
TMCO1	Tmco1
ARHGEF11	Arhgef11
ATP6V1G3	Atp6v1g3
ERO1B	Ero1b
STX12	Stx12
NAV1	Nav1
NPPA	Nppa
MDM4	Mdm4
HMCN1	Hmcn1
LAMB3	Lamb3
COX20	Cox20
TARDBP	Tardbp
UBE2Q1	Ube2q1
RBM15	Rbm15
CLSTN1	Clstn1
NR1I3	Nr1i3
CTSK	Ctsk
ZSWIM5	Zswim5
SRP9	Srp9
ACADM	Acadm
CACNA1E	Cacna1e
ACKR1	Ackr1
POGK	Pogk
TRIM33	Trim33
FAAP20	Faap20
SPEN	Spen
PERM1	Perm1
SLFNL1	Slfnl1
SESN2	Sesn2
CR1	Cr1l
DCDC2B	Dcdc2b
BCAN	Bcan
DTL	Dtl
STIL	Stil
SDHB	Sdhb
SNX7	Snx7
ESPN	Espn
JAK1	Jak1
TMCC2	Tmcc2
CCDC24	Ccdc24
BATF3	Batf3
PSEN2	Psen2
AMPD1	Ampd1
TNFRSF4	Tnfrsf4
CACNA1S	Cacna1s
DNAI3	Dnai3
MYSM1	Mysm1
TRNP1	Trnp1
AURKAIP1	Aurkaip1
LHX9	Lhx9
HSPB7	Hspb7
PGBD5	Pgbd5
TINAGL1	Tinagl1
TARBP1	Tarbp1
SERBP1	Serbp1
ZNF644	Zfp644
C1QA	C1qa
CLDN19	Cldn19
MYBPHL	Mybphl
TATDN3	Tatdn3
NES	Nes
